run_name,orth_schedule_name,orthogonalizer_type,seed,lr_mul,train/tokens,spec/label,spec/buffer_post_semi_orth_error,spec/buffer_post_stable_rank,spec/buffer_post_sv_max,spec/buffer_post_sv_min,spec/buffer_post_sv_std,spec/buffer_post_svd_entropy,spec/candidate_count,spec/candidate_position,spec/cols,spec/g_post_semi_orth_error,spec/g_post_stable_rank,spec/g_post_sv_max,spec/g_post_sv_min,spec/g_post_sv_std,spec/g_post_svd_entropy,spec/g_pre_semi_orth_error,spec/g_pre_stable_rank,spec/g_pre_sv_max,spec/g_pre_sv_min,spec/g_pre_sv_std,spec/g_pre_svd_entropy,spec/matrix_index,spec/rows,spec/sample_slot,spec/semi_orth_side
followup4090_20260608_primary_spectral_fast5,fast5,fast,0,1.0,10092544,blocks.0.attn.q_proj,65.79116692239215,4.036823749542236,38.22349166870117,0.0008513845968991518,2.5752248764038086,5.5382819175720215,66,0,768,0.4894919178093191,411.26702880859375,1.2038995027542114,0.00020212862000335008,0.3033359944820404,6.558720111846924,66.93652040517432,3.9587230682373047,38.75703048706055,0.0006392422947101295,2.586441993713379,5.537604331970215,0,768,0,cols
followup4090_20260608_primary_spectral_fast5,fast5,fast,0,1.0,10092544,blocks.1.attn.q_proj,3.3399775511127436,1.7700493335723877,9.296886444091797,1.1211858691240195e-05,0.4366166889667511,4.7587995529174805,66,6,768,0.7157587248108306,242.8448028564453,1.2030887603759766,0.0006945354398339987,0.3846285343170166,6.370241165161133,3.3578977882116092,1.7738686800003052,9.321601867675781,1.4656726307293866e-05,0.438244491815567,4.758420467376709,0,768,1,cols
followup4090_20260608_primary_spectral_fast5,fast5,fast,0,1.0,10092544,blocks.2.attn.q_proj,3.7967245943437766,1.7535539865493774,9.962579727172852,7.242041988320125e-07,0.4684256315231323,4.39755916595459,66,12,768,0.7904659311189609,182.16087341308594,1.2028430700302124,0.00012110129318898544,0.385014146566391,6.239913463592529,3.8246319643330535,1.750406265258789,10.003889083862305,1.7070394733309513e-06,0.4699385166168213,4.3982367515563965,0,768,2,cols
followup4090_20260608_primary_spectral_fast5,fast5,fast,0,1.0,10092544,blocks.3.attn.q_proj,2.0350735844085475,1.639519453048706,7.040529727935791,3.0845731089357287e-06,0.32021886110305786,4.347661972045898,66,18,768,0.804062755816188,169.8153076171875,1.2024247646331787,4.2479674448259175e-05,0.37845876812934875,6.222479820251465,2.038140587026339,1.645361304283142,7.045536041259766,4.214945874991827e-06,0.32100385427474976,4.348703861236572,0,768,3,cols
followup4090_20260608_primary_spectral_fast5,fast5,fast,0,1.0,10092544,blocks.4.attn.q_proj,1.3805085200822687,1.5114796161651611,5.219010353088379,1.0411090443085413e-06,0.22869394719600677,4.213418960571289,66,24,768,0.8210741519840375,154.20187377929688,1.2027392387390137,8.337979670614004e-05,0.36842137575149536,6.203395843505859,1.3811414395219979,1.517852783203125,5.2206854820251465,1.130765213019913e-06,0.2292342185974121,4.214689254760742,0,768,4,cols
followup4090_20260608_primary_spectral_fast5,fast5,fast,0,1.0,10092544,blocks.5.attn.q_proj,1.204174245971863,1.740461826324463,4.3994550704956055,7.526437002525199e-06,0.20671261847019196,4.152296543121338,66,30,768,0.834943801024358,143.59866333007812,1.2029367685317993,0.00012912867532577366,0.36434057354927063,6.174318790435791,1.2065459732329622,1.7412320375442505,4.413240432739258,8.094642907963134e-06,0.20740093290805817,4.153017520904541,0,768,5,cols
followup4090_20260608_primary_spectral_fast5,fast5,fast,0,1.0,10092544,blocks.5.mlp.fc2,8.910933083098763,1.2277061939239502,15.688610076904297,0.0014233000110834837,0.6146418452262878,5.12716007232666,66,35,3072,0.8016135998502503,204.8238983154297,0.928574800491333,0.022481705993413925,0.23760665953159332,6.472801208496094,8.955318933290055,1.23121178150177,15.726579666137695,0.0014229450607672334,0.617030918598175,5.123451232910156,0,768,6,rows
followup4090_20260608_primary_spectral_fast5,fast5,fast,0,1.0,10092544,blocks.6.mlp.fc2,8.6949690772141,1.2070422172546387,15.497481346130371,0.0013103114906698465,0.6030917763710022,5.076042652130127,66,41,3072,0.8067891409582054,200.17176818847656,0.9268399477005005,0.02146681770682335,0.23763316869735718,6.466833591461182,8.73660025497654,1.209776759147644,15.533876419067383,0.0013136513298377395,0.6052110195159912,5.072729587554932,0,768,7,rows
followup4090_20260608_primary_spectral_fast5,fast5,fast,0,1.0,10092544,blocks.7.mlp.fc2,9.340045305381551,1.1850700378417969,16.0685977935791,0.0012230091961100698,0.6207190155982971,5.014408111572266,66,47,3072,0.8061940067264375,201.50875854492188,0.92685467004776,0.022335032001137733,0.23989669978618622,6.463990211486816,9.385657350955423,1.1868876218795776,16.107484817504883,0.0012247596168890595,0.6227130889892578,5.011645793914795,0,768,8,rows
followup4090_20260608_primary_spectral_fast5,fast5,fast,0,1.0,10092544,blocks.8.mlp.fc2,8.49117397305841,1.2025394439697266,15.312886238098145,0.0012356620281934738,0.5957171320915222,4.9998016357421875,66,53,3072,0.8129113082051379,197.48245239257812,0.9185436964035034,0.022528767585754395,0.23783595860004425,6.459455490112305,8.536862552605422,1.2041202783584595,15.353776931762695,0.0012371412012726068,0.5977205634117126,4.997130393981934,0,768,9,rows
followup4090_20260608_primary_spectral_fast5,fast5,fast,0,1.0,10092544,blocks.9.mlp.fc2,8.02311256569776,1.1949869394302368,14.881401062011719,0.001169632887467742,0.5774887800216675,4.970274925231934,66,59,3072,0.8192232273980614,192.46780395507812,0.9147005677223206,0.020892726257443428,0.23777452111244202,6.451478958129883,8.065479350568923,1.1961488723754883,14.920612335205078,0.001169501687400043,0.5793089866638184,4.967942714691162,0,768,10,rows
followup4090_20260608_primary_spectral_fast5,fast5,fast,0,1.0,10092544,blocks.10.mlp.fc2,7.306797524245854,1.2155561447143555,14.19137954711914,0.001166311209090054,0.5551457405090332,4.962284564971924,66,65,3072,0.8234649439129059,187.79837036132812,0.9139922261238098,0.020296990871429443,0.2361966222524643,6.448299407958984,7.354032750775204,1.2161986827850342,14.237369537353516,0.0011642415774986148,0.5571164488792419,4.959978103637695,0,768,11,rows
followup4090_20260608_primary_spectral_fast5,fast5,fast,0,1.0,20054016,blocks.0.attn.q_proj,11.460714705589508,6.496400833129883,15.509305953979492,1.8490300135454163e-05,1.2310031652450562,5.917728424072266,66,0,768,0.4262021418401356,418.71490478515625,1.2041598558425903,0.00032185312011279166,0.24419935047626495,6.593512535095215,11.811927456508323,6.280733585357666,15.876229286193848,2.741062780842185e-05,1.2404417991638184,5.91562032699585,0,768,0,cols
followup4090_20260608_primary_spectral_fast5,fast5,fast,0,1.0,20054016,blocks.1.attn.q_proj,2.8955208178198704,4.687877655029297,7.112766742706299,9.944854355126154e-06,0.5278825759887695,5.1994099617004395,66,6,768,0.6341019997349996,302.0082092285156,1.2036112546920776,0.0006499348091892898,0.3676252067089081,6.4539995193481445,2.8927438459240253,4.7210001945495605,7.097751617431641,2.9187915515649365e-06,0.5285822749137878,5.199643611907959,0,768,1,cols
followup4090_20260608_primary_spectral_fast5,fast5,fast,0,1.0,20054016,blocks.2.attn.q_proj,2.365524980952288,4.48372220993042,6.810213565826416,6.200039479153929e-06,0.48994797468185425,5.268871784210205,66,12,768,0.6340971819489207,303.869873046875,1.203667163848877,0.0006866276380605996,0.3719123303890228,6.448443412780762,2.374942789179211,4.502188682556152,6.817587375640869,1.2071965102222748e-05,0.49151259660720825,5.268285751342773,0,768,2,cols
followup4090_20260608_primary_spectral_fast5,fast5,fast,0,1.0,20054016,blocks.3.attn.q_proj,1.4422536794218173,4.777277946472168,5.119890213012695,1.7900736111187143e-06,0.3743736147880554,5.398280620574951,66,18,768,0.5958691506215454,332.63409423828125,1.2031667232513428,0.0002468802558723837,0.3599485456943512,6.479951858520508,1.456675928525381,4.716310024261475,5.175507545471191,4.451422682905104e-06,0.3760935962200165,5.397666931152344,0,768,3,cols
followup4090_20260608_primary_spectral_fast5,fast5,fast,0,1.0,20054016,blocks.4.attn.q_proj,1.071021306707522,5.794807434082031,3.373555898666382,1.1274111784587149e-05,0.27185532450675964,5.3600640296936035,66,24,768,0.603479256686171,323.6373291015625,1.2036118507385254,0.00043651257874444127,0.3574432134628296,6.479308128356934,1.0768220587974804,5.65821647644043,3.4340288639068604,9.842402505455539e-06,0.27354156970977783,5.3587188720703125,0,768,4,cols
followup4090_20260608_primary_spectral_fast5,fast5,fast,0,1.0,20054016,blocks.5.attn.q_proj,1.3659033327587398,3.4204914569854736,5.0860185623168945,1.5914571122266352e-05,0.3187713027000427,5.305140018463135,66,30,768,0.60726156288564,322.29986572265625,1.2031267881393433,0.0004589697637129575,0.3589949309825897,6.477074146270752,1.3716684332317144,3.4210686683654785,5.105795860290527,2.8254324206500314e-05,0.3200646936893463,5.3044328689575195,0,768,5,cols
followup4090_20260608_primary_spectral_fast5,fast5,fast,0,1.0,20054016,blocks.5.mlp.fc2,1.0154221282432385,3.7541987895965576,2.970459222793579,0.0011510716285556555,0.179373100399971,5.950705051422119,66,35,3072,0.7216533549038108,264.7186584472656,0.9737416505813599,0.03866846486926079,0.24361367523670197,6.523856163024902,1.0262475559113686,3.4926443099975586,3.139084577560425,0.0011499739484861493,0.18367716670036316,5.943627834320068,0,768,6,rows
followup4090_20260608_primary_spectral_fast5,fast5,fast,0,1.0,20054016,blocks.6.mlp.fc2,1.011106080171749,3.578956127166748,2.8299992084503174,0.0011263620108366013,0.16758550703525543,5.951826572418213,66,41,3072,0.7231035085135427,261.928955078125,0.976127028465271,0.04098987206816673,0.2433629035949707,6.523364067077637,1.0194891655999672,3.3403890132904053,2.9837539196014404,0.0011296450393274426,0.17144031822681427,5.945113658905029,0,768,7,rows
followup4090_20260608_primary_spectral_fast5,fast5,fast,0,1.0,20054016,blocks.7.mlp.fc2,1.01246503997356,3.430055618286133,2.8310155868530273,0.001022801618091762,0.16482284665107727,5.947711944580078,66,47,3072,0.7225008723005948,262.68231201171875,0.9763801097869873,0.03728450834751129,0.24415691196918488,6.522945880889893,1.020677713425618,3.2044835090637207,2.9820642471313477,0.0010228825267404318,0.1685064435005188,5.941332817077637,0,768,8,rows
followup4090_20260608_primary_spectral_fast5,fast5,fast,0,1.0,20054016,blocks.8.mlp.fc2,1.0219708760346948,3.098041296005249,2.9854962825775146,0.0010025679366663098,0.16652871668338776,5.938473701477051,66,53,3072,0.7211092203789632,263.37945556640625,0.9774437546730042,0.03800208121538162,0.24386902153491974,6.523922920227051,1.0317787872829733,2.9061570167541504,3.138948678970337,0.0010053464211523533,0.17025558650493622,5.932178497314453,0,768,9,rows
followup4090_20260608_primary_spectral_fast5,fast5,fast,0,1.0,20054016,blocks.9.mlp.fc2,1.0316207638995871,2.83685040473938,3.125877857208252,0.0009651115396991372,0.16813166439533234,5.924020767211914,66,59,3072,0.721001301970797,262.75311279296875,0.9792600274085999,0.03918320685625076,0.24468283355236053,6.523045539855957,1.0430214352255314,2.6731772422790527,3.2808046340942383,0.0009651837754063308,0.1719655990600586,5.9176740646362305,0,768,10,rows
followup4090_20260608_primary_spectral_fast5,fast5,fast,0,1.0,20054016,blocks.10.mlp.fc2,1.0702406188862033,2.455951690673828,3.5791854858398438,0.0010272676590830088,0.18162716925144196,5.891729831695557,66,65,3072,0.7203874471988371,264.3486022949219,0.9778434634208679,0.039340853691101074,0.24502213299274445,6.52319860458374,1.0880148082413645,2.335721731185913,3.7425034046173096,0.0010349234798923135,0.1858755201101303,5.885022163391113,0,768,11,rows
followup4090_20260608_primary_spectral_fast5,fast5,fast,0,1.0,30015488,blocks.0.attn.q_proj,4.735446535829098,7.705210208892822,10.080405235290527,0.00018454805831424892,0.8176024556159973,6.080168724060059,66,0,768,0.3987963033816661,421.4422607421875,1.2033683061599731,0.003694994142279029,0.2177089899778366,6.605691432952881,4.834799195649067,7.5603203773498535,10.225593566894531,0.00017541283159516752,0.8223491907119751,6.079037189483643,0,768,0,cols
followup4090_20260608_primary_spectral_fast5,fast5,fast,0,1.0,30015488,blocks.1.attn.q_proj,2.3975811530106035,4.06528377532959,7.262465000152588,8.733075446798466e-06,0.492676705121994,5.382033348083496,66,6,768,0.5951848873473189,327.60125732421875,1.2035479545593262,0.00019598554354161024,0.3504278063774109,6.490050315856934,2.4255912106688755,4.044433116912842,7.313569068908691,2.1850377379450947e-05,0.4949862062931061,5.3808274269104,0,768,1,cols
followup4090_20260608_primary_spectral_fast5,fast5,fast,0,1.0,30015488,blocks.2.attn.q_proj,2.1402875627720372,3.9049689769744873,6.967667579650879,5.11552243551705e-05,0.45517146587371826,5.554602146148682,66,12,768,0.554374006490318,356.33258056640625,1.2035539150238037,0.0004049628332722932,0.3350452482700348,6.517054080963135,2.17323034511989,3.867973566055298,7.038926124572754,6.071567986509763e-05,0.4578470289707184,5.553073406219482,0,768,2,cols
followup4090_20260608_primary_spectral_fast5,fast5,fast,0,1.0,30015488,blocks.3.attn.q_proj,4.299632360157546,3.283292531967163,10.602434158325195,1.676297415542649e-06,0.6323848962783813,5.570148468017578,66,18,768,0.5564926279184894,354.1492919921875,1.2035578489303589,0.0008049875614233315,0.33920779824256897,6.510760307312012,4.35999371368422,3.2638235092163086,10.682148933410645,5.899265033804113e-06,0.63542240858078,5.569369316101074,0,768,3,cols
followup4090_20260608_primary_spectral_fast5,fast5,fast,0,1.0,30015488,blocks.4.attn.q_proj,2.5894834834051528,4.007710933685303,7.986123561859131,3.35102085955441e-05,0.5265092849731445,5.502521991729736,66,24,768,0.5692626172863138,345.0482482910156,1.2035025358200073,0.001161935506388545,0.34093302488327026,6.507038116455078,2.636026600551519,3.957049608230591,8.074583053588867,2.2002544938004576e-05,0.5291432738304138,5.501789093017578,0,768,4,cols
followup4090_20260608_primary_spectral_fast5,fast5,fast,0,1.0,30015488,blocks.5.attn.q_proj,1.7090241301795304,2.81732177734375,6.259411334991455,4.612201519194059e-05,0.34581196308135986,5.647594928741455,66,30,768,0.5015603686985485,390.73931884765625,1.203633189201355,0.002645863452926278,0.3060024380683899,6.551405906677246,1.7071703837474221,2.833270788192749,6.25245475769043,3.51149974449072e-05,0.3463442921638489,5.647923469543457,0,768,5,cols
followup4090_20260608_primary_spectral_fast5,fast5,fast,0,1.0,30015488,blocks.5.mlp.fc2,0.9876365794162408,5.544015884399414,2.6059389114379883,0.0012338662054389715,0.1747007966041565,6.145114421844482,66,35,3072,0.7545221498225961,248.1933135986328,0.9303880929946899,0.04297627881169319,0.22471770644187927,6.525646686553955,0.9933367086026665,5.137362957000732,2.7417545318603516,0.001235616160556674,0.17783601582050323,6.141295909881592,0,768,6,rows
followup4090_20260608_primary_spectral_fast5,fast5,fast,0,1.0,30015488,blocks.6.mlp.fc2,0.9904311018185161,5.065834045410156,2.568206310272217,0.0010939612984657288,0.16721218824386597,6.124713897705078,66,41,3072,0.7551239601293591,248.91323852539062,0.9285233616828918,0.0433417446911335,0.22572748363018036,6.524229526519775,0.9949866626836396,4.751718044281006,2.684354305267334,0.0010972784366458654,0.17002055048942566,6.120994567871094,0,768,7,rows
followup4090_20260608_primary_spectral_fast5,fast5,fast,0,1.0,30015488,blocks.7.mlp.fc2,0.9966668999913939,4.544525146484375,2.670424461364746,0.0011322175851091743,0.16685061156749725,6.11262845993042,66,47,3072,0.7539581935493098,252.9905242919922,0.9228606224060059,0.04431808739900589,0.22518254816532135,6.5254292488098145,1.0010800608651298,4.318959712982178,2.770676851272583,0.0011323160724714398,0.16941018402576447,6.109107971191406,0,768,8,rows
followup4090_20260608_primary_spectral_fast5,fast5,fast,0,1.0,30015488,blocks.8.mlp.fc2,0.9962006071244773,4.578286170959473,2.619403600692749,0.0009140296024270356,0.1656351536512375,6.102263450622559,66,53,3072,0.755835340656658,250.74000549316406,0.9222057461738586,0.03834801912307739,0.22333696484565735,6.526288032531738,0.9994275602400865,4.397417068481445,2.698847770690918,0.0009152054553851485,0.16774730384349823,6.099264144897461,0,768,9,rows
followup4090_20260608_primary_spectral_fast5,fast5,fast,0,1.0,30015488,blocks.9.mlp.fc2,0.9999409985850605,4.360566139221191,2.6763291358947754,0.0009597669122740626,0.1667766571044922,6.092647552490234,66,59,3072,0.7572369034525089,251.07420349121094,0.918466329574585,0.0400545708835125,0.2226535677909851,6.526230335235596,1.002663254196153,4.229853630065918,2.739987373352051,0.0009579102625139058,0.1685430109500885,6.090102195739746,0,768,10,rows
followup4090_20260608_primary_spectral_fast5,fast5,fast,0,1.0,30015488,blocks.10.mlp.fc2,1.0197829128997458,3.8929576873779297,3.045891761779785,0.001058042049407959,0.18318215012550354,6.057373523712158,66,65,3072,0.7541864189584162,251.8936004638672,0.9240074753761292,0.040142972022295,0.22439658641815186,6.5261406898498535,1.0233441515437114,3.812279224395752,3.100966215133667,0.0010580213274806738,0.1848589926958084,6.0550360679626465,0,768,11,rows
followup4090_20260608_primary_spectral_fast5,fast5,fast,0,1.0,40108032,blocks.0.attn.q_proj,8.314574307760576,2.979489803314209,14.781856536865234,0.00014711543917655945,0.8080654144287109,5.948210716247559,66,0,768,0.42634013699853673,420.2052917480469,1.2038207054138184,0.0012000210117548704,0.24614466726779938,6.592490196228027,8.47578679022877,2.984398126602173,14.911258697509766,4.732915840577334e-05,0.8167846202850342,5.9440717697143555,0,768,0,cols
followup4090_20260608_primary_spectral_fast5,fast5,fast,0,1.0,40108032,blocks.1.attn.q_proj,3.700450086875096,3.1117444038391113,9.526763916015625,2.1807541997986846e-05,0.5708550214767456,5.342081069946289,66,6,768,0.599563841939895,325.2779846191406,1.203534483909607,8.946279558585957e-05,0.3536120355129242,6.484992027282715,3.7231916889796066,3.1108007431030273,9.560456275939941,1.031986357702408e-05,0.572784423828125,5.3416242599487305,0,768,1,cols
followup4090_20260608_primary_spectral_fast5,fast5,fast,0,1.0,40108032,blocks.2.attn.q_proj,3.024997304527446,2.804107189178467,8.804839134216309,2.3556054657092318e-05,0.4897240698337555,5.585566997528076,66,12,768,0.533932931651213,369.2439880371094,1.2037876844406128,8.074581273831427e-06,0.32424888014793396,6.530938625335693,3.0468337134532573,2.8070366382598877,8.837660789489746,4.1904830140993e-05,0.4918648600578308,5.584526062011719,0,768,2,cols
followup4090_20260608_primary_spectral_fast5,fast5,fast,0,1.0,40108032,blocks.3.attn.q_proj,6.790875404071789,3.248394727706909,13.335683822631836,2.1706420739064924e-05,0.7909523248672485,5.577279567718506,66,18,768,0.5642717694489668,350.6159973144531,1.2035502195358276,0.0008707084925845265,0.3444957435131073,6.50421667098999,6.88250969529139,3.2335100173950195,13.429839134216309,9.106507604883518e-06,0.7949314713478088,5.576174259185791,0,768,3,cols
followup4090_20260608_primary_spectral_fast5,fast5,fast,0,1.0,40108032,blocks.4.attn.q_proj,13.215354597920742,2.0650064945220947,18.934831619262695,3.0321059966809116e-05,0.9287415146827698,5.369022369384766,66,24,768,0.5957116090167672,327.9893798828125,1.2034417390823364,2.417992436676286e-05,0.353097140789032,6.486612796783447,13.253464111710578,2.0699009895324707,18.96058464050293,4.054951568832621e-05,0.9310362339019775,5.368971347808838,0,768,4,cols
followup4090_20260608_primary_spectral_fast5,fast5,fast,0,1.0,40108032,blocks.5.attn.q_proj,1.5534733722601621,3.514878511428833,5.78896427154541,2.8174155886517838e-05,0.3477368652820587,5.780627727508545,66,30,768,0.4780068664014799,402.0603332519531,1.2035108804702759,0.0022112319711595774,0.2898797392845154,6.564560890197754,1.5656659499664372,3.499101400375366,5.8253068923950195,3.264747647335753e-05,0.3492172956466675,5.7801384925842285,0,768,5,cols
followup4090_20260608_primary_spectral_fast5,fast5,fast,0,1.0,40108032,blocks.5.mlp.fc2,0.9853201878695329,7.90121603012085,2.7048537731170654,0.0010990793816745281,0.21604664623737335,6.147197723388672,66,35,3072,0.7625487879064954,249.5570068359375,0.9094913005828857,0.03622342273592949,0.22081951797008514,6.524845600128174,0.9908064761795735,7.451698303222656,2.815049409866333,0.0011049597524106503,0.21910534799098969,6.143725395202637,0,768,6,rows
followup4090_20260608_primary_spectral_fast5,fast5,fast,0,1.0,40108032,blocks.6.mlp.fc2,0.9984279384542419,6.595987319946289,2.8782060146331787,0.0010631633922457695,0.21441221237182617,6.1188530921936035,66,41,3072,0.757934931829818,248.08082580566406,0.9236398339271545,0.03568153455853462,0.22435615956783295,6.523921012878418,1.0039220728730396,6.345020771026611,2.967014789581299,0.0010681274579837918,0.21746328473091125,6.115053176879883,0,768,7,rows
followup4090_20260608_primary_spectral_fast5,fast5,fast,0,1.0,40108032,blocks.7.mlp.fc2,1.0242980731873224,5.4798583984375,3.221444845199585,0.0012217555195093155,0.22359316051006317,6.087392330169678,66,47,3072,0.7495647167729818,248.46450805664062,0.9416083693504333,0.03896556794643402,0.22800272703170776,6.524969100952148,1.0333714785351236,5.270570278167725,3.325485944747925,0.0012316469801589847,0.22711960971355438,6.0829291343688965,0,768,8,rows
followup4090_20260608_primary_spectral_fast5,fast5,fast,0,1.0,40108032,blocks.8.mlp.fc2,1.0455810561437053,4.838159561157227,3.418558359146118,0.0010468007531017065,0.22647881507873535,6.066771030426025,66,53,3072,0.7499973539628619,247.1873016357422,0.9437220692634583,0.036918532103300095,0.22847138345241547,6.524458408355713,1.0555421041637756,4.687220573425293,3.5155065059661865,0.001054876483976841,0.2299329936504364,6.062231063842773,0,768,9,rows
followup4090_20260608_primary_spectral_fast5,fast5,fast,0,1.0,40108032,blocks.9.mlp.fc2,1.0669923298608162,4.476555347442627,3.595839738845825,0.0011422320967540145,0.2317156046628952,6.053164005279541,66,59,3072,0.7471032410397853,246.17413330078125,0.9524046182632446,0.03828055411577225,0.22990503907203674,6.524759292602539,1.0789522773249987,4.343591690063477,3.696012258529663,0.0011510540498420596,0.23529745638370514,6.048428535461426,0,768,10,rows
followup4090_20260608_primary_spectral_fast5,fast5,fast,0,1.0,40108032,blocks.10.mlp.fc2,1.1646718414011181,3.767634153366089,4.25380277633667,0.001171665033325553,0.256715327501297,6.016972541809082,66,65,3072,0.7410887168989573,251.24996948242188,0.9571312069892883,0.03835493326187134,0.23395493626594543,6.524094104766846,1.1889317343756185,3.6433215141296387,4.387127876281738,0.0011811000294983387,0.26116394996643066,6.011452674865723,0,768,11,rows
followup4090_20260608_primary_spectral_fast5,fast5,fast,0,1.0,50069504,blocks.0.attn.q_proj,2.0258332083603565,4.282394886016846,6.963153839111328,9.572778071742505e-05,0.4310421049594879,6.059282302856445,66,0,768,0.4066531145062861,421.6811218261719,1.2042123079299927,0.002650550100952387,0.22773443162441254,6.601286888122559,2.070343357432482,4.2155232429504395,7.061669826507568,0.00017624377505853772,0.434274822473526,6.057798385620117,0,768,0,cols
followup4090_20260608_primary_spectral_fast5,fast5,fast,0,1.0,50069504,blocks.1.attn.q_proj,2.310919092326431,3.0644774436950684,7.468330383300781,1.9173941836925223e-05,0.4398778975009918,5.428827285766602,66,6,768,0.5863486547256277,336.1210632324219,1.2035505771636963,0.00024029715859796852,0.3500344455242157,6.494204521179199,2.356051561708912,3.0273590087890625,7.559812545776367,5.625727681035642e-06,0.44276759028434753,5.426967620849609,0,768,1,cols
followup4090_20260608_primary_spectral_fast5,fast5,fast,0,1.0,50069504,blocks.2.attn.q_proj,2.3443275481115626,2.4369442462921143,7.706883430480957,2.097446849802509e-05,0.39797529578208923,5.658843994140625,66,12,768,0.5223672511520686,379.0246276855469,1.2037383317947388,0.0026750806719064713,0.3195446729660034,6.5379486083984375,2.3944165558119574,2.410489797592163,7.8047709465026855,9.061363925866317e-06,0.40113547444343567,5.656651496887207,0,768,2,cols
followup4090_20260608_primary_spectral_fast5,fast5,fast,0,1.0,50069504,blocks.3.attn.q_proj,6.712027792407501,2.3281917572021484,13.522302627563477,1.3350683730095625e-05,0.6801785230636597,5.64596700668335,66,18,768,0.5581971950459418,354.4052734375,1.2036194801330566,0.0008425792912021279,0.34202754497528076,6.508135795593262,6.91593797282496,2.2950963973999023,13.73312759399414,1.2831290405301843e-05,0.6865098476409912,5.64369535446167,0,768,3,cols
followup4090_20260608_primary_spectral_fast5,fast5,fast,0,1.0,50069504,blocks.4.attn.q_proj,4.344263229183705,2.6037518978118896,10.79985523223877,1.1371791515557561e-05,0.572763979434967,5.630121231079102,66,24,768,0.5420355875168849,366.486328125,1.2035263776779175,0.0020752607379108667,0.33067381381988525,6.524672508239746,4.460164295929347,2.5695760250091553,10.951836585998535,2.04974439839134e-05,0.5774593949317932,5.628131866455078,0,768,4,cols
followup4090_20260608_primary_spectral_fast5,fast5,fast,0,1.0,50069504,blocks.5.attn.q_proj,1.6194517137506441,2.7144863605499268,6.096870422363281,7.286160689545795e-05,0.3186255395412445,5.873865604400635,66,30,768,0.45771796477695087,410.5960693359375,1.2041382789611816,0.00016926106764003634,0.2752991318702698,6.575061321258545,1.6398207626878705,2.6924808025360107,6.153659343719482,4.39866998931393e-05,0.3205055296421051,5.872797012329102,0,768,5,cols
followup4090_20260608_primary_spectral_fast5,fast5,fast,0,1.0,50069504,blocks.5.mlp.fc2,0.9625331609248505,12.093755722045898,1.7565696239471436,0.0008823919924907386,0.15731070935726166,6.260920524597168,66,35,3072,0.7773507473785874,248.6051788330078,0.875379204750061,0.03724507987499237,0.20989710092544556,6.527669906616211,0.9632156347356764,11.200353622436523,1.8386492729187012,0.0008863240364007652,0.15902769565582275,6.258982181549072,0,768,6,rows
followup4090_20260608_primary_spectral_fast5,fast5,fast,0,1.0,50069504,blocks.6.mlp.fc2,0.9684564912577576,9.25550365447998,1.936824917793274,0.0008930827025324106,0.15565864741802216,6.239086627960205,66,41,3072,0.778335021074495,250.99203491210938,0.8688096404075623,0.03803888335824013,0.2089737504720688,6.528186321258545,0.9696451079089237,8.605011940002441,2.025829315185547,0.0008942914428189397,0.15762607753276825,6.2367329597473145,0,768,7,rows
followup4090_20260608_primary_spectral_fast5,fast5,fast,0,1.0,50069504,blocks.7.mlp.fc2,0.9774340226625897,6.707284450531006,2.3264005184173584,0.001044227508828044,0.1647629737854004,6.208290100097656,66,47,3072,0.7743487848728601,254.34970092773438,0.8714714646339417,0.04085896909236908,0.21009744703769684,6.5293450355529785,0.9801091327956252,6.3013224601745605,2.423529863357544,0.001046828692778945,0.16708095371723175,6.205554485321045,0,768,8,rows
followup4090_20260608_primary_spectral_fast5,fast5,fast,0,1.0,50069504,blocks.8.mlp.fc2,0.9844129299253713,5.79249906539917,2.4959540367126465,0.0009449914214201272,0.16747631132602692,6.190815448760986,66,53,3072,0.7739268156378688,250.95779418945312,0.8784224390983582,0.0397796630859375,0.21054589748382568,6.529077529907227,0.9877752628297961,5.4783525466918945,2.591670274734497,0.0009497093269601464,0.1697998344898224,6.188082695007324,0,768,9,rows
followup4090_20260608_primary_spectral_fast5,fast5,fast,0,1.0,50069504,blocks.9.mlp.fc2,1.0018059635761807,4.566226482391357,2.8645920753479004,0.0009652853477746248,0.17452915012836456,6.176294803619385,66,59,3072,0.7707682750845791,248.5773468017578,0.8900680541992188,0.039861131459474564,0.21240557730197906,6.529056549072266,1.0073062922913654,4.353697776794434,2.9643754959106445,0.0009689605794847012,0.17706263065338135,6.173382759094238,0,768,10,rows
followup4090_20260608_primary_spectral_fast5,fast5,fast,0,1.0,50069504,blocks.10.mlp.fc2,1.1010588952243174,3.144935369491577,3.9545867443084717,0.0010140864178538322,0.2098597288131714,6.125267028808594,66,65,3072,0.7598685846853194,248.48220825195312,0.9162372350692749,0.03450397029519081,0.21976935863494873,6.52767276763916,1.120105255406355,3.019155263900757,4.088620185852051,0.0010177689837291837,0.21346046030521393,6.121566295623779,0,768,11,rows
followup4090_20260608_primary_spectral_fast5,fast5,fast,0,1.0,60030976,blocks.0.attn.q_proj,2.215494304671028,3.5810792446136475,7.363035678863525,0.00011676156282192096,0.42804259061813354,6.010541915893555,66,0,768,0.4238543314456421,419.6405029296875,1.2041603326797485,0.0008969377377070487,0.24419191479682922,6.593204975128174,2.295449594180358,3.5169570446014404,7.518447399139404,0.00013371360546443611,0.43422284722328186,6.006325721740723,0,768,0,cols
followup4090_20260608_primary_spectral_fast5,fast5,fast,0,1.0,60030976,blocks.1.attn.q_proj,3.5147310407851653,2.1966049671173096,9.610827445983887,3.9360616938211024e-05,0.4859192371368408,5.372201442718506,66,6,768,0.6093623929180774,321.64630126953125,1.2033241987228394,0.0007527494453825057,0.3609326183795929,6.4744672775268555,3.5998373695189634,2.178859233856201,9.736753463745117,3.917087451554835e-05,0.4905465841293335,5.368669509887695,0,768,1,cols
followup4090_20260608_primary_spectral_fast5,fast5,fast,0,1.0,60030976,blocks.2.attn.q_proj,2.6083452535548552,2.171832323074341,8.21800708770752,2.336714169359766e-05,0.4027528464794159,5.660613059997559,66,12,768,0.5270409854271545,376.234619140625,1.2035877704620361,0.0021230147685855627,0.32179129123687744,6.535304069519043,2.683884009740194,2.143974542617798,8.353646278381348,1.7402009689249098e-05,0.40716853737831116,5.657421588897705,0,768,2,cols
followup4090_20260608_primary_spectral_fast5,fast5,fast,0,1.0,60030976,blocks.3.attn.q_proj,8.047817622105946,2.010354518890381,14.842637062072754,2.24896411964437e-05,0.701775074005127,5.630409240722656,66,18,768,0.5693055299951733,349.08306884765625,1.2036347389221191,0.0005156120168976486,0.34901708364486694,6.4988579750061035,8.40093271027075,1.9744216203689575,15.173038482666016,1.6080161003628746e-05,0.7119855880737305,5.62578821182251,0,768,3,cols
followup4090_20260608_primary_spectral_fast5,fast5,fast,0,1.0,60030976,blocks.4.attn.q_proj,6.044625117644506,2.0752005577087402,12.84704303741455,3.3907439501490444e-05,0.6158667802810669,5.62996768951416,66,24,768,0.5663418000632573,351.3001403808594,1.203749656677246,0.0010133779142051935,0.3438958525657654,6.506496429443359,6.405265312362402,2.0225069522857666,13.235404968261719,5.7054694480029866e-05,0.6276917457580566,5.62376070022583,0,768,4,cols
followup4090_20260608_primary_spectral_fast5,fast5,fast,0,1.0,60030976,blocks.5.attn.q_proj,2.0443611747603105,2.222421884536743,7.14500093460083,1.1473454833321739e-05,0.34185224771499634,5.880166530609131,66,30,768,0.45162325891066785,411.9329528808594,1.2038158178329468,0.0011671311222016811,0.2694871127605438,6.578636646270752,2.0509922378681997,2.2277135848999023,7.1591691970825195,1.1296313459752128e-05,0.34294620156288147,5.879598617553711,0,768,5,cols
followup4090_20260608_primary_spectral_fast5,fast5,fast,0,1.0,60030976,blocks.5.mlp.fc2,0.9568530599634096,16.528888702392578,1.570360541343689,0.0008744955412112176,0.1616530567407608,6.274601936340332,66,35,3072,0.7773005047523366,247.61032104492188,0.8777173757553101,0.03754891827702522,0.21068145334720612,6.526830673217773,0.956976877065636,15.532806396484375,1.6310887336730957,0.000874169694725424,0.16322706639766693,6.272815704345703,0,768,6,rows
followup4090_20260608_primary_spectral_fast5,fast5,fast,0,1.0,60030976,blocks.6.mlp.fc2,0.9615318185011207,13.814952850341797,1.6444895267486572,0.0007642533746547997,0.1580437570810318,6.255902290344238,66,41,3072,0.7795369210501357,247.62493896484375,0.8720927238464355,0.035563405603170395,0.2082991600036621,6.52834939956665,0.9617144814190243,13.126928329467773,1.6988965272903442,0.0007659026887267828,0.15959562361240387,6.254019260406494,0,768,7,rows
followup4090_20260608_primary_spectral_fast5,fast5,fast,0,1.0,60030976,blocks.7.mlp.fc2,0.9659845540462185,10.132946014404297,1.9350333213806152,0.0008722090860828757,0.16408739984035492,6.228151321411133,66,47,3072,0.7775820011103719,250.3480987548828,0.8709632158279419,0.036566440016031265,0.208122119307518,6.52958345413208,0.9665661296514503,9.734673500061035,1.9884456396102905,0.0008722842903807759,0.16570501029491425,6.226192474365234,0,768,8,rows
followup4090_20260608_primary_spectral_fast5,fast5,fast,0,1.0,60030976,blocks.8.mlp.fc2,0.9720460860140729,8.049551963806152,2.1725122928619385,0.0008718121680431068,0.16796623170375824,6.209158897399902,66,53,3072,0.7786278736425734,251.4123077392578,0.8663181662559509,0.03838033229112625,0.2071032077074051,6.529901504516602,0.9729321456994876,7.814309597015381,2.2205002307891846,0.000876480364240706,0.16954338550567627,6.20725679397583,0,768,9,rows
followup4090_20260608_primary_spectral_fast5,fast5,fast,0,1.0,60030976,blocks.9.mlp.fc2,0.979747317061104,6.7431721687316895,2.4196243286132812,0.0009017621050588787,0.1748519241809845,6.191769123077393,66,59,3072,0.7788084029694992,253.5463409423828,0.8625625967979431,0.03780674561858177,0.20746612548828125,6.5294413566589355,0.9809749577795087,6.599372386932373,2.4623284339904785,0.0009046014165505767,0.17637990415096283,6.189968109130859,0,768,10,rows
followup4090_20260608_primary_spectral_fast5,fast5,fast,0,1.0,60030976,blocks.10.mlp.fc2,1.0185653207065912,4.887115955352783,3.17386531829834,0.000863643188495189,0.2034561038017273,6.149613380432129,66,65,3072,0.775675327856912,251.14346313476562,0.8737505674362183,0.03455372154712677,0.20895373821258545,6.529782772064209,1.0219608275094447,4.816184997558594,3.218822956085205,0.0008659851155243814,0.20517699420452118,6.147697448730469,0,768,11,rows
followup4090_20260608_primary_spectral_fast5,fast5,fast,0,1.0,70123520,blocks.0.attn.q_proj,1.7634373073622334,4.068790912628174,6.311391830444336,3.355436274432577e-05,0.3901214599609375,6.001014709472656,66,0,768,0.41324876688649576,420.46649169921875,1.2042688131332397,0.0003248104185331613,0.23309874534606934,6.5988993644714355,1.775327328102757,4.0597615242004395,6.340025424957275,3.405693132663146e-05,0.39157772064208984,6.0004706382751465,0,768,0,cols
followup4090_20260608_primary_spectral_fast5,fast5,fast,0,1.0,70123520,blocks.1.attn.q_proj,2.7866996941936355,2.6303083896636963,8.34405517578125,3.8226057768042665e-06,0.458759605884552,5.407164096832275,66,6,768,0.5844049533448761,336.8835754394531,1.2035526037216187,0.0003201808431185782,0.3494373857975006,6.494889259338379,2.812033540510625,2.6229536533355713,8.386812210083008,7.102684776327806e-06,0.4605415165424347,5.406260013580322,0,768,1,cols
followup4090_20260608_primary_spectral_fast5,fast5,fast,0,1.0,70123520,blocks.2.attn.q_proj,3.0461102196352456,2.041886806488037,8.967252731323242,5.522594801732339e-05,0.4278046786785126,5.654877662658691,66,12,768,0.5144972599412472,383.0641784667969,1.2036981582641602,0.0015530673554167151,0.31408077478408813,6.543339729309082,3.0934519880624536,2.0297844409942627,9.04373836517334,4.895960955764167e-05,0.4303770661354065,5.653476238250732,0,768,2,cols
followup4090_20260608_primary_spectral_fast5,fast5,fast,0,1.0,70123520,blocks.3.attn.q_proj,6.328241301554471,2.3058032989501953,13.097867012023926,7.273220035131089e-06,0.6572774052619934,5.657158851623535,66,18,768,0.5328137599450977,369.1203308105469,1.2044368982315063,0.0005983837181702256,0.32660895586013794,6.528025150299072,6.377977372011833,2.301267623901367,13.150074005126953,1.1366877515683882e-05,0.6593483090400696,5.656839370727539,0,768,3,cols
followup4090_20260608_primary_spectral_fast5,fast5,fast,0,1.0,70123520,blocks.4.attn.q_proj,3.918713140276583,2.8716304302215576,10.133870124816895,9.316561772720888e-06,0.561490535736084,5.676006317138672,66,24,768,0.5116917942820213,383.76812744140625,1.203273057937622,0.0008634608238935471,0.31268322467803955,6.544095993041992,3.9342913827370074,2.870589256286621,10.154744148254395,3.6660067053162493e-06,0.5625342130661011,5.6762542724609375,0,768,4,cols
followup4090_20260608_primary_spectral_fast5,fast5,fast,0,1.0,70123520,blocks.5.attn.q_proj,2.089609271008684,2.263019323348999,7.241325855255127,8.007065480342135e-05,0.3486623167991638,5.893712043762207,66,30,768,0.4512915199263818,413.499755859375,1.204046368598938,0.0020948536694049835,0.2698320150375366,6.578951358795166,2.117145533818859,2.249317169189453,7.300186634063721,4.121921301702969e-05,0.35064804553985596,5.8926897048950195,0,768,5,cols
followup4090_20260608_primary_spectral_fast5,fast5,fast,0,1.0,70123520,blocks.5.mlp.fc2,0.9512467399544905,19.600643157958984,1.5325303077697754,0.0008488257881253958,0.17020529508590698,6.282088279724121,66,35,3072,0.7742250365961493,246.42726135253906,0.8871668577194214,0.03323619067668915,0.21260575950145721,6.52665376663208,0.9512421286449579,18.95957374572754,1.5635706186294556,0.0008492079214192927,0.17095398902893066,6.2815632820129395,0,768,6,rows
followup4090_20260608_primary_spectral_fast5,fast5,fast,0,1.0,70123520,blocks.6.mlp.fc2,0.9559618383643391,16.18577003479004,1.6261624097824097,0.0008253010455518961,0.16809315979480743,6.259793281555176,66,41,3072,0.7782277909214831,249.0322723388672,0.8729897737503052,0.03591041639447212,0.20985141396522522,6.527355194091797,0.9559776682328839,15.788986206054688,1.652366042137146,0.0008265587966889143,0.1688537299633026,6.259220600128174,0,768,7,rows
followup4090_20260608_primary_spectral_fast5,fast5,fast,0,1.0,70123520,blocks.7.mlp.fc2,0.9620504875852659,10.802377700805664,2.0174129009246826,0.0008249616366811097,0.1762671321630478,6.229062080383301,66,47,3072,0.7772614806850979,251.92724609375,0.8689409494400024,0.03709535300731659,0.20820608735084534,6.529679298400879,0.9623916556651634,10.579524993896484,2.0462546348571777,0.0008285965886898339,0.1771099865436554,6.228436470031738,0,768,8,rows
followup4090_20260608_primary_spectral_fast5,fast5,fast,0,1.0,70123520,blocks.8.mlp.fc2,0.9695716022584636,8.63175106048584,2.272340774536133,0.0008430735906586051,0.18209941685199738,6.204855918884277,66,53,3072,0.779470160300186,251.3045654296875,0.8650115728378296,0.03452828899025917,0.20721715688705444,6.529356956481934,0.9702575861705754,8.471075057983398,2.30312442779541,0.0008422257378697395,0.18303941190242767,6.2041168212890625,0,768,9,rows
followup4090_20260608_primary_spectral_fast5,fast5,fast,0,1.0,70123520,blocks.9.mlp.fc2,0.9836822094282416,6.766592502593994,2.6501784324645996,0.0008391919545829296,0.19270965456962585,6.184929847717285,66,59,3072,0.7785950438717218,251.01560974121094,0.8671299815177917,0.035091593861579895,0.20699813961982727,6.530148983001709,0.9849501130731624,6.667137622833252,2.6807761192321777,0.0008415046613663435,0.19370123744010925,6.18412971496582,0,768,10,rows
followup4090_20260608_primary_spectral_fast5,fast5,fast,0,1.0,70123520,blocks.10.mlp.fc2,1.0517763849135209,4.792915344238281,3.5374107360839844,0.0010326496558263898,0.22667284309864044,6.1365203857421875,66,65,3072,0.774956927127041,255.6371612548828,0.8671522736549377,0.037640251219272614,0.20858047902584076,6.530501365661621,1.0560666922422461,4.7327094078063965,3.5765469074249268,0.0010366627248004079,0.2279929667711258,6.135454177856445,0,768,11,rows
followup4090_20260608_primary_spectral_fast5,fast5,fast,0,1.0,80084992,blocks.0.attn.q_proj,2.5486019531565813,3.008866310119629,8.024590492248535,5.0169375754194334e-05,0.4388461112976074,5.948360919952393,66,0,768,0.42390130485991084,419.14373779296875,1.2040287256240845,0.0022851191461086273,0.2430993616580963,6.593893527984619,2.57552401706722,2.9973459243774414,8.073803901672363,7.056662070681341e-06,0.4408586621284485,5.947439193725586,0,768,0,cols
followup4090_20260608_primary_spectral_fast5,fast5,fast,0,1.0,80084992,blocks.1.attn.q_proj,4.684225486051206,1.9926949739456177,11.182291984558105,1.8379645553068258e-05,0.5418622493743896,5.341920852661133,66,6,768,0.6164057208632847,315.7989807128906,1.203878402709961,0.0004441694763954729,0.3635885417461395,6.467602252960205,4.79656249230675,1.9732271432876587,11.32468318939209,1.9179691662429832e-05,0.546330988407135,5.339229106903076,0,768,1,cols
followup4090_20260608_primary_spectral_fast5,fast5,fast,0,1.0,80084992,blocks.2.attn.q_proj,3.692360335793564,1.8898783922195435,9.958561897277832,2.9359147447394207e-05,0.45978647470474243,5.6454644203186035,66,12,768,0.512287892071005,384.2751159667969,1.2039233446121216,0.0007356908172369003,0.3128633201122284,6.544442176818848,3.7355403629548363,1.8836379051208496,10.020502090454102,3.347004530951381e-05,0.4620131254196167,5.644329071044922,0,768,2,cols
followup4090_20260608_primary_spectral_fast5,fast5,fast,0,1.0,80084992,blocks.3.attn.q_proj,7.614017005713289,2.0991122722625732,14.409205436706543,2.139324351446703e-05,0.6950889825820923,5.6427483558654785,66,18,768,0.5445336784242805,364.0625,1.2041460275650024,0.00020147608302067965,0.3348309397697449,6.518820762634277,7.792396774141741,2.0784432888031006,14.582465171813965,4.765679477714002e-05,0.7004609704017639,5.6408305168151855,0,768,3,cols
followup4090_20260608_primary_spectral_fast5,fast5,fast,0,1.0,80084992,blocks.4.attn.q_proj,7.1724000131863175,1.9543392658233643,14.019598007202148,3.1228897569235414e-05,0.6543396711349487,5.64388370513916,66,24,768,0.5328943890364028,371.2197265625,1.2035735845565796,0.0018222067737951875,0.3247772753238678,6.531045913696289,7.315341248427044,1.9406617879867554,14.161566734313965,6.13525917287916e-05,0.6590449810028076,5.642064571380615,0,768,4,cols
followup4090_20260608_primary_spectral_fast5,fast5,fast,0,1.0,80084992,blocks.5.attn.q_proj,2.542946973508266,2.0939080715179443,8.13514518737793,8.424340194324031e-05,0.38053521513938904,5.875046253204346,66,30,768,0.4547114253744487,411.7967224121094,1.2039973735809326,0.002861983608454466,0.2724394202232361,6.577032089233398,2.5846293574541717,2.0802619457244873,8.211252212524414,5.54869111510925e-05,0.3831229507923126,5.8735809326171875,0,768,5,cols
followup4090_20260608_primary_spectral_fast5,fast5,fast,0,1.0,80084992,blocks.5.mlp.fc2,0.9468479636134757,16.94867706298828,1.7892075777053833,0.0008535024826414883,0.18586726486682892,6.2792463302612305,66,35,3072,0.7764673030627584,244.7513427734375,0.8854257464408875,0.031914301216602325,0.21202991902828217,6.526004791259766,0.9470681364372788,16.346582412719727,1.8296633958816528,0.0008525525918230414,0.18691715598106384,6.278440952301025,0,768,6,rows
followup4090_20260608_primary_spectral_fast5,fast5,fast,0,1.0,80084992,blocks.6.mlp.fc2,0.9529484508230534,14.020774841308594,1.8885351419448853,0.0008474108763039112,0.18216381967067719,6.259665489196777,66,41,3072,0.7801467151166864,249.3982391357422,0.8679503798484802,0.03641758859157562,0.2086847871541977,6.527511119842529,0.9532554126217911,13.588351249694824,1.9269523620605469,0.0008522639400325716,0.18324264883995056,6.258726119995117,0,768,7,rows
followup4090_20260608_primary_spectral_fast5,fast5,fast,0,1.0,80084992,blocks.7.mlp.fc2,0.9631864527171418,9.75145149230957,2.3022730350494385,0.0009428971097804606,0.19233883917331696,6.224178314208984,66,47,3072,0.7782670902907834,246.7665557861328,0.875809371471405,0.03901426121592522,0.20811574161052704,6.529071807861328,0.9641044474417076,9.51442813873291,2.341885805130005,0.0009491434320807457,0.19354283809661865,6.223092079162598,0,768,8,rows
followup4090_20260608_primary_spectral_fast5,fast5,fast,0,1.0,80084992,blocks.8.mlp.fc2,0.9740911673790266,8.015885353088379,2.562560796737671,0.0008997917175292969,0.19897308945655823,6.200409889221191,66,53,3072,0.77910586684711,250.23370361328125,0.8676717877388,0.035905346274375916,0.207481250166893,6.529252052307129,0.9756892958468942,7.828451156616211,2.6061134338378906,0.0009027852793224156,0.20028799772262573,6.199190139770508,0,768,9,rows
followup4090_20260608_primary_spectral_fast5,fast5,fast,0,1.0,80084992,blocks.9.mlp.fc2,0.9938997013187372,6.557694911956787,2.9163756370544434,0.000896525860298425,0.20976266264915466,6.179509162902832,66,59,3072,0.7772563187714421,250.66873168945312,0.870959997177124,0.03674757853150368,0.2081812620162964,6.529594421386719,0.9967780531987843,6.409916877746582,2.9659996032714844,0.0008993827505037189,0.21126307547092438,6.178101062774658,0,768,10,rows
followup4090_20260608_primary_spectral_fast5,fast5,fast,0,1.0,80084992,blocks.10.mlp.fc2,1.1152787973125697,4.353146076202393,4.05067777633667,0.0010502971708774567,0.24924631416797638,6.127387046813965,66,65,3072,0.7711389693105885,251.73541259765625,0.8831874132156372,0.03413030132651329,0.21174505352973938,6.529348373413086,1.1253487272980218,4.271498680114746,4.1161041259765625,0.0010526388650760055,0.25133028626441956,6.125466346740723,0,768,11,rows
followup4090_20260608_primary_spectral_fast5,fast5,fast,0,1.0,90046464,blocks.0.attn.q_proj,1.730543941734446,4.0246052742004395,6.19960355758667,6.530614882649388e-06,0.3846302330493927,5.97715425491333,66,0,768,0.41446191983390623,421.2301940917969,1.204213261604309,0.0003105920332018286,0.23529577255249023,6.597959995269775,1.736467753845961,4.019575119018555,6.216040134429932,8.442162652499974e-06,0.3853604197502136,5.977485656738281,0,768,0,cols
followup4090_20260608_primary_spectral_fast5,fast5,fast,0,1.0,90046464,blocks.1.attn.q_proj,4.643614027125111,1.9102007150650024,11.159927368164062,6.919872816979478e-07,0.5297182202339172,5.353429794311523,66,6,768,0.6077100987695804,322.8336181640625,1.20353102684021,0.0007432914571836591,0.3610527217388153,6.474698543548584,4.705017949559247,1.903372883796692,11.236452102661133,1.0436320735607296e-05,0.5325301885604858,5.351816654205322,0,768,1,cols
followup4090_20260608_primary_spectral_fast5,fast5,fast,0,1.0,90046464,blocks.2.attn.q_proj,3.523565208641394,1.9215848445892334,9.714922904968262,2.140167634934187e-05,0.45085951685905457,5.664724826812744,66,12,768,0.5015276421659701,391.2821960449219,1.203453779220581,0.0020547888707369566,0.3069170415401459,6.550586700439453,3.5425090188054678,1.9210851192474365,9.742701530456543,2.6099318347405642e-05,0.45211711525917053,5.66438102722168,0,768,2,cols
followup4090_20260608_primary_spectral_fast5,fast5,fast,0,1.0,90046464,blocks.3.attn.q_proj,12.853819120898365,1.5620101690292358,18.848583221435547,8.030823664739728e-06,0.8010143637657166,5.597507953643799,66,18,768,0.5517940820450974,360.2777404785156,1.2042217254638672,0.0020522545091807842,0.33848774433135986,6.514423370361328,13.095686297763507,1.55372154712677,19.0263614654541,1.029778218253341e-06,0.8068199753761292,5.595618724822998,0,768,3,cols
followup4090_20260608_primary_spectral_fast5,fast5,fast,0,1.0,90046464,blocks.4.attn.q_proj,7.410182258060723,1.8230396509170532,14.275158882141113,1.9739165509236045e-05,0.6448996663093567,5.6605024337768555,66,24,768,0.5186564546631126,379.6954650878906,1.203579068183899,0.0011379191419109702,0.3169555068016052,6.53973913192749,7.49252895892856,1.8177016973495483,14.355392456054688,5.7921668485505506e-05,0.6477603316307068,5.659621238708496,0,768,4,cols
followup4090_20260608_primary_spectral_fast5,fast5,fast,0,1.0,90046464,blocks.5.attn.q_proj,2.6981575957304678,2.0463712215423584,8.411116600036621,0.00010690956696635112,0.39007723331451416,5.874195575714111,66,30,768,0.44876789475276824,413.51617431640625,1.2039207220077515,0.0039624120108783245,0.26681971549987793,6.580661773681641,2.704577915110165,2.04805064201355,8.422346115112305,8.044855348998681e-05,0.3907211124897003,5.874375820159912,0,768,5,cols
followup4090_20260608_primary_spectral_fast5,fast5,fast,0,1.0,90046464,blocks.5.mlp.fc2,0.9442453267481692,16.572378158569336,1.9137736558914185,0.0009335475624538958,0.19766856729984283,6.2757487297058105,66,35,3072,0.773774504772262,248.68075561523438,0.8844984173774719,0.03735965117812157,0.21328693628311157,6.5262770652771,0.9444591676245544,16.199064254760742,1.9418208599090576,0.0009373904904350638,0.1984473466873169,6.275318622589111,0,768,6,rows
followup4090_20260608_primary_spectral_fast5,fast5,fast,0,1.0,90046464,blocks.6.mlp.fc2,0.952608796904495,12.822152137756348,2.0785317420959473,0.0008240624447353184,0.19311733543872833,6.254941463470459,66,41,3072,0.7792364976753621,246.99359130859375,0.8744173049926758,0.032749198377132416,0.20981943607330322,6.526516914367676,0.9529453536748599,12.57768726348877,2.1051506996154785,0.0008259478490799665,0.1938626915216446,6.254497528076172,0,768,7,rows
followup4090_20260608_primary_spectral_fast5,fast5,fast,0,1.0,90046464,blocks.7.mlp.fc2,0.9644329516267693,9.467297554016113,2.4444339275360107,0.0008859707741066813,0.20166893303394318,6.222511291503906,66,47,3072,0.7781718357774531,248.54246520996094,0.873181164264679,0.03520066663622856,0.20835275948047638,6.529078960418701,0.9651731012195105,9.318392753601074,2.471376657485962,0.0008875409257598221,0.2024097740650177,6.22218132019043,0,768,8,rows
followup4090_20260608_primary_spectral_fast5,fast5,fast,0,1.0,90046464,blocks.8.mlp.fc2,0.9820392067243252,7.539925575256348,2.790827512741089,0.0008756932802498341,0.21175692975521088,6.192256927490234,66,53,3072,0.7798343849277466,250.96728515625,0.8646573424339294,0.03209616243839264,0.2068638950586319,6.529515266418457,0.9832003619948418,7.448184967041016,2.8161544799804688,0.0008753082365728915,0.2124878615140915,6.19195556640625,0,768,9,rows
followup4090_20260608_primary_spectral_fast5,fast5,fast,0,1.0,90046464,blocks.9.mlp.fc2,1.0241231875526604,5.576912879943848,3.35107159614563,0.0008388807182200253,0.22499306499958038,6.167872905731201,66,59,3072,0.7784073566911931,252.35694885253906,0.8652110695838928,0.03168865665793419,0.20720092952251434,6.529897689819336,1.026387409358686,5.521240711212158,3.3780951499938965,0.0008395276381634176,0.22579221427440643,6.167547225952148,0,768,10,rows
followup4090_20260608_primary_spectral_fast5,fast5,fast,0,1.0,90046464,blocks.10.mlp.fc2,1.2337861486758348,3.6094963550567627,4.724937915802002,0.0009878528071567416,0.26819226145744324,6.114674091339111,66,65,3072,0.773558530304899,251.13519287109375,0.8786156177520752,0.03354848548769951,0.21014806628227234,6.529699325561523,1.2437668119677974,3.568457841873169,4.771448612213135,0.0009904345497488976,0.26951828598976135,6.113992214202881,0,768,11,rows
followup4090_20260608_primary_spectral_fast5,fast5,fast,0,1.0,100007936,blocks.0.attn.q_proj,3.8416304901295213,2.4529342651367188,9.967159271240234,9.88010287983343e-05,0.5078205466270447,5.879387855529785,66,0,768,0.43635280415516603,417.9818115234375,1.2038898468017578,0.00530321104452014,0.25526052713394165,6.587754726409912,3.876748296415426,2.447502851486206,10.019135475158691,0.00012515673006419092,0.5099971890449524,5.8785834312438965,0,768,0,cols
followup4090_20260608_primary_spectral_fast5,fast5,fast,0,1.0,100007936,blocks.1.attn.q_proj,5.208905515410423,1.9733980894088745,11.815634727478027,1.5457371773663908e-05,0.5703932642936707,5.334755897521973,66,6,768,0.6177542191867529,314.9732971191406,1.2037912607192993,0.00031121427309699357,0.36440497636795044,6.465939044952393,5.32119792273198,1.959290623664856,11.9488525390625,1.3749743175139884e-06,0.5749704837799072,5.332395553588867,0,768,1,cols
followup4090_20260608_primary_spectral_fast5,fast5,fast,0,1.0,100007936,blocks.2.attn.q_proj,4.8617859555441925,1.6953620910644531,11.51525592803955,7.821262261131778e-05,0.5067185759544373,5.644428730010986,66,12,768,0.514742175537841,384.2546691894531,1.2039276361465454,0.000951137044467032,0.3147294223308563,6.543243885040283,4.919376393820377,1.6929957866668701,11.585238456726074,6.141652556834742e-05,0.5095677375793457,5.643034934997559,0,768,2,cols
followup4090_20260608_primary_spectral_fast5,fast5,fast,0,1.0,100007936,blocks.3.attn.q_proj,10.328108809469892,1.7768124341964722,16.863428115844727,3.208624184480868e-05,0.7563533782958984,5.628964424133301,66,18,768,0.5435681940940803,365.0176696777344,1.2038953304290771,0.002409045584499836,0.33328473567962646,6.5211334228515625,10.569801995432073,1.7647541761398315,17.061878204345703,3.5273480989417294e-06,0.7631338834762573,5.6266021728515625,0,768,3,cols
followup4090_20260608_primary_spectral_fast5,fast5,fast,0,1.0,100007936,blocks.4.attn.q_proj,7.311643941739109,1.9613144397735596,14.144743919372559,1.2093312761862762e-05,0.6610169410705566,5.662144184112549,66,24,768,0.5229745675000644,378.1226806640625,1.2033116817474365,7.768267823848873e-05,0.31971484422683716,6.5372395515441895,7.45398777150606,1.9508131742477417,14.284623146057129,1.0360863598180003e-05,0.6660953164100647,5.6602301597595215,0,768,4,cols
followup4090_20260608_primary_spectral_fast5,fast5,fast,0,1.0,100007936,blocks.5.attn.q_proj,3.1982735233370634,1.9292606115341187,9.241803169250488,3.720689710462466e-05,0.41834762692451477,5.869129180908203,66,30,768,0.4520313253915459,413.28656005859375,1.2039865255355835,0.0015348268207162619,0.2699434757232666,6.578954696655273,3.2217322873121677,1.9275798797607422,9.278471946716309,1.9240997062297538e-05,0.41988301277160645,5.868748664855957,0,768,5,cols
followup4090_20260608_primary_spectral_fast5,fast5,fast,0,1.0,100007936,blocks.5.mlp.fc2,0.9453383447584279,15.10566234588623,2.148409605026245,0.0010572265600785613,0.21436844766139984,6.268179893493652,66,35,3072,0.7754382239563175,250.343994140625,0.8773729801177979,0.03669538348913193,0.21184641122817993,6.526804447174072,0.9459578432226518,14.79670524597168,2.1804213523864746,0.001060711801983416,0.21559374034404755,6.267358303070068,0,768,6,rows
followup4090_20260608_primary_spectral_fast5,fast5,fast,0,1.0,100007936,blocks.6.mlp.fc2,0.9599227467763024,10.631513595581055,2.4745938777923584,0.000938441080506891,0.21314476430416107,6.2420735359191895,66,41,3072,0.780587611368416,248.9546356201172,0.8676632642745972,0.033732820302248,0.20837369561195374,6.527583599090576,0.9613437183674995,10.363608360290527,2.5188937187194824,0.0009419809211976826,0.21452511847019196,6.241080284118652,0,768,7,rows
followup4090_20260608_primary_spectral_fast5,fast5,fast,0,1.0,100007936,blocks.7.mlp.fc2,1.000628771960573,7.104937553405762,3.1269891262054443,0.001004304038360715,0.23040668666362762,6.198234558105469,66,47,3072,0.7774201923236381,248.44329833984375,0.8747745156288147,0.03586263209581375,0.20887716114521027,6.528482913970947,1.0050932078432908,6.9242353439331055,3.1863601207733154,0.0010083547094836831,0.2321992814540863,6.196855545043945,0,768,8,rows
followup4090_20260608_primary_spectral_fast5,fast5,fast,0,1.0,100007936,blocks.8.mlp.fc2,1.0368336772624112,5.805122375488281,3.4802088737487793,0.0009593518334440887,0.23782342672348022,6.172293186187744,66,53,3072,0.7771257567687054,251.99147033691406,0.8694658279418945,0.03139860928058624,0.20915105938911438,6.528603553771973,1.04196221054334,5.713947296142578,3.528191328048706,0.0009608500404283404,0.23956966400146484,6.17088508605957,0,768,9,rows
followup4090_20260608_primary_spectral_fast5,fast5,fast,0,1.0,100007936,blocks.9.mlp.fc2,1.1176584395079414,4.734688758850098,4.035918712615967,0.0010208773892372847,0.25703519582748413,6.138543128967285,66,59,3072,0.7721521497229692,251.1932830810547,0.8823025226593018,0.034006308764219284,0.21187712252140045,6.5287017822265625,1.1256521789954737,4.6872453689575195,4.081254959106445,0.0010282592847943306,0.2589986026287079,6.136961936950684,0,768,10,rows
followup4090_20260608_primary_spectral_fast5,fast5,fast,0,1.0,100007936,blocks.10.mlp.fc2,1.441587999036752,3.4442012310028076,5.40687894821167,0.001217974117025733,0.307552695274353,6.076314449310303,66,65,3072,0.7628534096377091,249.20982360839844,0.9079597592353821,0.03689781203866005,0.21779683232307434,6.5281524658203125,1.45446759303787,3.4359302520751953,5.443570613861084,0.0012281745439395308,0.30955418944358826,6.074759483337402,0,768,11,rows
followup4090_20260608_primary_spectral_manual_T5_f3_s2,manual_T5_f3_s2,manual,0,1.0,10092544,blocks.0.attn.q_proj,79.00534873353027,4.132194519042969,41.70002746582031,0.00030889292247593403,2.883200168609619,5.358526229858398,66,0,768,0.7095207242214596,306.5972595214844,1.0035207271575928,0.000726089405361563,0.3393048048019409,6.413774013519287,80.04621957787572,4.079476833343506,42.12370300292969,0.00020023512479383498,2.894275426864624,5.357765197753906,0,768,0,cols
followup4090_20260608_primary_spectral_manual_T5_f3_s2,manual_T5_f3_s2,manual,0,1.0,10092544,blocks.1.attn.q_proj,1.52030360336248,2.21761417388916,5.543992519378662,9.788771421881393e-06,0.2918666899204254,4.502834796905518,66,6,768,0.8852209776838896,133.30032348632812,1.002465009689331,0.0001494065800216049,0.32004252076148987,6.028059482574463,1.5302497162457058,2.214766263961792,5.575206756591797,9.614817827241495e-06,0.29333239793777466,4.501402378082275,0,768,1,cols
followup4090_20260608_primary_spectral_manual_T5_f3_s2,manual_T5_f3_s2,manual,0,1.0,10092544,blocks.2.attn.q_proj,1.269519530371585,1.932454228401184,4.708245754241943,7.565215582872042e-07,0.23250240087509155,4.240209579467773,66,12,768,0.9108253082764487,105.38716125488281,1.002292513847351,4.886295209871605e-05,0.2999008893966675,5.907318592071533,1.2784009125313864,1.9236115217208862,4.750240802764893,4.341985970768292e-07,0.23405109345912933,4.238029479980469,0,768,2,cols
followup4090_20260608_primary_spectral_manual_T5_f3_s2,manual_T5_f3_s2,manual,0,1.0,10092544,blocks.3.attn.q_proj,2.7495741099721305,2.119957208633423,8.040142059326172,2.4764431145740673e-06,0.4178635776042938,3.781355381011963,66,18,768,0.9370992423084517,76.33447265625,1.0021711587905884,7.792837095621508e-06,0.2729726731777191,5.646592617034912,2.772059405857246,2.1100542545318604,8.089393615722656,2.3816210159566253e-06,0.41943830251693726,3.781588077545166,0,768,3,cols
followup4090_20260608_primary_spectral_manual_T5_f3_s2,manual_T5_f3_s2,manual,0,1.0,10092544,blocks.4.attn.q_proj,1.0269889443633873,1.9292781352996826,2.8247296810150146,7.99892575287231e-07,0.13955391943454742,4.128783226013184,66,24,768,0.9166384489591811,99.62895965576172,1.0022201538085938,2.2384241674444638e-05,0.2959483563899994,5.8642120361328125,1.0264170731558286,1.9395688772201538,2.8156521320343018,1.3364581263886066e-06,0.13945990800857544,4.1320481300354,0,768,4,cols
followup4090_20260608_primary_spectral_manual_T5_f3_s2,manual_T5_f3_s2,manual,0,1.0,10092544,blocks.5.attn.q_proj,1.0443045493093581,2.280693292617798,2.9910950660705566,1.7325480428098672e-07,0.16093476116657257,3.953892707824707,66,30,768,0.9299018828597522,84.98897552490234,1.0021854639053345,7.133273902582005e-05,0.2819511294364929,5.761582374572754,1.044684534979948,2.2751097679138184,3.0026142597198486,6.562605676663225e-07,0.16135017573833466,3.9549038410186768,0,768,5,cols
followup4090_20260608_primary_spectral_manual_T5_f3_s2,manual_T5_f3_s2,manual,0,1.0,10092544,blocks.5.mlp.fc2,9.09167549382028,1.194263219833374,15.850618362426758,0.0014148068148642778,0.6151686906814575,4.905578136444092,66,35,3072,0.9313683481166367,111.02156829833984,0.7293541431427002,0.0075381845235824585,0.1929440200328827,6.216676235198975,9.140760750203906,1.1969209909439087,15.892751693725586,0.0014182161539793015,0.6175095438957214,4.901632785797119,0,768,6,rows
followup4090_20260608_primary_spectral_manual_T5_f3_s2,manual_T5_f3_s2,manual,0,1.0,10092544,blocks.6.mlp.fc2,8.800359661850138,1.1799978017807007,15.593792915344238,0.0011702482588589191,0.602323055267334,4.8499226570129395,66,41,3072,0.9328761775082838,109.53816223144531,0.7266654968261719,0.007404245436191559,0.19272641837596893,6.20375919342041,8.845918849428173,1.182006597518921,15.633785247802734,0.0011755316518247128,0.6043968200683594,4.846491813659668,0,768,7,rows
followup4090_20260608_primary_spectral_manual_T5_f3_s2,manual_T5_f3_s2,manual,0,1.0,10092544,blocks.7.mlp.fc2,9.354432591123285,1.1629549264907837,16.081867218017578,0.0011974440421909094,0.6176186800003052,4.771018981933594,66,47,3072,0.9341008587295258,102.49002838134766,0.745678722858429,0.007307003252208233,0.1932566612958908,6.1903886795043945,9.408706740764856,1.1643449068069458,16.128341674804688,0.0012008603662252426,0.619789719581604,4.767700672149658,0,768,8,rows
followup4090_20260608_primary_spectral_manual_T5_f3_s2,manual_T5_f3_s2,manual,0,1.0,10092544,blocks.8.mlp.fc2,8.502912302362967,1.1749441623687744,15.324532508850098,0.001153965829871595,0.5915881395339966,4.743417739868164,66,53,3072,0.9374993250295419,100.11820220947266,0.7343176603317261,0.00709521071985364,0.19063931703567505,6.170113563537598,8.561554945118772,1.1759872436523438,15.377363204956055,0.001156539423391223,0.5939121842384338,4.739983081817627,0,768,9,rows
followup4090_20260608_primary_spectral_manual_T5_f3_s2,manual_T5_f3_s2,manual,0,1.0,10092544,blocks.9.mlp.fc2,7.851688579158912,1.1652344465255737,14.720989227294922,0.0009669464197941124,0.5662935972213745,4.707071304321289,66,59,3072,0.9404961944471287,96.71826171875,0.7281540632247925,0.006221080664545298,0.18732917308807373,6.158241271972656,7.900317384724325,1.1662131547927856,14.766678810119629,0.0009691747254692018,0.5683053135871887,4.704055309295654,0,768,10,rows
followup4090_20260608_primary_spectral_manual_T5_f3_s2,manual_T5_f3_s2,manual,0,1.0,10092544,blocks.10.mlp.fc2,7.024809476728476,1.1864826679229736,13.91161060333252,0.0011032653274014592,0.5398110747337341,4.691140651702881,66,65,3072,0.9423728597758689,94.60899353027344,0.7251649498939514,0.006828066427260637,0.18651674687862396,6.141371726989746,7.082903167173354,1.1867084503173828,13.96961498260498,0.001105678966268897,0.5421383380889893,4.687867164611816,0,768,11,rows
followup4090_20260608_primary_spectral_manual_T5_f3_s2,manual_T5_f3_s2,manual,0,1.0,20054016,blocks.0.attn.q_proj,13.061250414684304,7.425919055938721,15.287555694580078,0.00018404591537546366,1.3337956666946411,5.802766799926758,66,0,768,0.5465250758872127,462.73504638671875,1.005326747894287,1.1724980140570551e-05,0.31690743565559387,6.51707649230957,13.364376705099154,7.204879283905029,15.620247840881348,0.00011990773782599717,1.343413233757019,5.800497531890869,0,768,0,cols
followup4090_20260608_primary_spectral_manual_T5_f3_s2,manual_T5_f3_s2,manual,0,1.0,20054016,blocks.1.attn.q_proj,2.6615806885178275,3.422215700149536,7.750547409057617,8.704590072738938e-06,0.49668508768081665,4.941189289093018,66,6,768,0.8329928041389727,194.468994140625,1.0029624700546265,0.00017431534070055932,0.36029210686683655,6.1291093826293945,2.7081962101064074,3.3874011039733887,7.839564800262451,4.019558673462598e-06,0.4999310076236725,4.938776016235352,0,768,1,cols
followup4090_20260608_primary_spectral_manual_T5_f3_s2,manual_T5_f3_s2,manual,0,1.0,20054016,blocks.2.attn.q_proj,2.5144889993956925,2.6282236576080322,7.688942909240723,1.3624368193632108e-06,0.43314942717552185,4.9839653968811035,66,12,768,0.8178262070862277,209.43313598632812,1.0029993057250977,0.00015634486044291407,0.3610096275806427,6.183350563049316,2.511652562254531,2.6661269664764404,7.6563801765441895,1.3006253539060708e-05,0.43440282344818115,4.983180046081543,0,768,2,cols
followup4090_20260608_primary_spectral_manual_T5_f3_s2,manual_T5_f3_s2,manual,0,1.0,20054016,blocks.3.attn.q_proj,1.749435031553714,4.411650657653809,5.6973772048950195,5.8036962400365155e-06,0.41253501176834106,4.961522102355957,66,18,768,0.8341927081746663,194.52920532226562,1.0036453008651733,1.8614049622556195e-05,0.3663771450519562,6.090545654296875,1.7953739983257935,4.307865142822266,5.819628715515137,3.682110900626867e-06,0.41658833622932434,4.957925796508789,0,768,3,cols
followup4090_20260608_primary_spectral_manual_T5_f3_s2,manual_T5_f3_s2,manual,0,1.0,20054016,blocks.4.attn.q_proj,1.1007837308137,4.432538986206055,3.604602098464966,5.23444896316505e-06,0.26000532507896423,5.072556972503662,66,24,768,0.8070360180819884,223.25567626953125,1.0040442943572998,8.307047392008826e-05,0.3704439699649811,6.186324596405029,1.1051763128583278,4.407570838928223,3.634519577026367,5.228761892794864e-06,0.26146790385246277,5.071341037750244,0,768,4,cols
followup4090_20260608_primary_spectral_manual_T5_f3_s2,manual_T5_f3_s2,manual,0,1.0,20054016,blocks.5.attn.q_proj,1.1002160579625815,4.5705060958862305,3.664388656616211,1.6346124539268203e-05,0.2678309679031372,5.088923454284668,66,30,768,0.8013941152816013,228.74951171875,1.0047671794891357,2.6155907107749954e-05,0.3711724877357483,6.200619697570801,1.104107314952948,4.528606414794922,3.695636034011841,1.8952589016407728e-05,0.26890838146209717,5.088346481323242,0,768,5,cols
followup4090_20260608_primary_spectral_manual_T5_f3_s2,manual_T5_f3_s2,manual,0,1.0,20054016,blocks.5.mlp.fc2,1.009233957327026,3.1781482696533203,2.7192981243133545,0.0009990030666813254,0.1556008905172348,5.849483489990234,66,35,3072,0.8286426186118389,222.07957458496094,0.8131058812141418,0.014788424596190453,0.2140612006187439,6.476871967315674,1.0159629591433463,2.9906630516052246,2.8591697216033936,0.0010010555852204561,0.15930578112602234,5.8418426513671875,0,768,6,rows
followup4090_20260608_primary_spectral_manual_T5_f3_s2,manual_T5_f3_s2,manual,0,1.0,20054016,blocks.6.mlp.fc2,0.9996026523512948,3.50291109085083,2.4196648597717285,0.0008780476055108011,0.14492185413837433,5.857248783111572,66,41,3072,0.8188581080388004,225.2948455810547,0.8308194279670715,0.012672292068600655,0.21575452387332916,6.48490047454834,1.0032267286908316,3.3046483993530273,2.5318737030029297,0.0008773052250035107,0.14774641394615173,5.851113319396973,0,768,7,rows
followup4090_20260608_primary_spectral_manual_T5_f3_s2,manual_T5_f3_s2,manual,0,1.0,20054016,blocks.7.mlp.fc2,0.9970671891890304,3.6343982219696045,2.3096659183502197,0.0008314207079820335,0.14082448184490204,5.857707977294922,66,47,3072,0.8120260744259081,233.72438049316406,0.8316715359687805,0.013766484335064888,0.21729761362075806,6.489486217498779,0.9996491783997133,3.4483349323272705,2.40425181388855,0.0008309048716910183,0.14316481351852417,5.852617263793945,0,768,8,rows
followup4090_20260608_primary_spectral_manual_T5_f3_s2,manual_T5_f3_s2,manual,0,1.0,20054016,blocks.8.mlp.fc2,0.9985462495152353,3.5203797817230225,2.3544623851776123,0.0007381624891422689,0.14186221361160278,5.84629487991333,66,53,3072,0.8115194498069601,232.85772705078125,0.8340967297554016,0.013437176123261452,0.21689482033252716,6.490592002868652,1.0009704218190785,3.364750385284424,2.4385948181152344,0.0007406998192891479,0.14396759867668152,5.8417582511901855,0,768,9,rows
followup4090_20260608_primary_spectral_manual_T5_f3_s2,manual_T5_f3_s2,manual,0,1.0,20054016,blocks.9.mlp.fc2,0.9983294491416873,3.576861619949341,2.338243246078491,0.0008715093717910349,0.14259065687656403,5.828246116638184,66,59,3072,0.8119429332032904,232.166259765625,0.834713876247406,0.014501448720693588,0.21755851805210114,6.489007949829102,1.0002424543425652,3.4463109970092773,2.4069056510925293,0.0008718327735550702,0.14432185888290405,5.8246049880981445,0,768,10,rows
followup4090_20260608_primary_spectral_manual_T5_f3_s2,manual_T5_f3_s2,manual,0,1.0,20054016,blocks.10.mlp.fc2,1.00647859664302,3.262728214263916,2.5968708992004395,0.0008722683414816856,0.1528501808643341,5.78622579574585,66,65,3072,0.8184861749535137,223.3119354248047,0.8360719084739685,0.015295316465198994,0.21742276847362518,6.482378005981445,1.0089758616442308,3.170543909072876,2.6601247787475586,0.000874849793035537,0.15456341207027435,5.782721042633057,0,768,11,rows
followup4090_20260608_primary_spectral_manual_T5_f3_s2,manual_T5_f3_s2,manual,0,1.0,30015488,blocks.0.attn.q_proj,5.669256262628431,9.334979057312012,10.004963874816895,6.743965786881745e-05,0.9253438711166382,5.996582508087158,66,0,768,0.44649844220757134,552.7637329101562,1.007184386253357,0.0016413539415225387,0.2863221764564514,6.558725833892822,5.744733626454022,9.223785400390625,10.106583595275879,7.589554297737777e-05,0.9296228289604187,5.995761394500732,0,768,0,cols
followup4090_20260608_primary_spectral_manual_T5_f3_s2,manual_T5_f3_s2,manual,0,1.0,30015488,blocks.1.attn.q_proj,3.0615717340215314,3.058197021484375,8.679855346679688,2.5178236683132127e-05,0.5202938318252563,5.1607770919799805,66,6,768,0.788776402366626,242.6700897216797,1.0038645267486572,0.0002584510075394064,0.374391108751297,6.222954273223877,3.1029011807244045,3.0449016094207764,8.747124671936035,8.935130608733743e-06,0.5232885479927063,5.158864974975586,0,768,1,cols
followup4090_20260608_primary_spectral_manual_T5_f3_s2,manual_T5_f3_s2,manual,0,1.0,30015488,blocks.2.attn.q_proj,1.906610346938868,3.0147483348846436,6.689464092254639,2.381646481808275e-05,0.39156633615493774,5.373241424560547,66,12,768,0.7415992645722839,290.6849365234375,1.0040216445922852,0.00010196134098805487,0.3748706579208374,6.313416481018066,1.941169978294781,2.9780378341674805,6.772533893585205,2.2760224965168163e-05,0.3941645622253418,5.371635913848877,0,768,2,cols
followup4090_20260608_primary_spectral_manual_T5_f3_s2,manual_T5_f3_s2,manual,0,1.0,30015488,blocks.3.attn.q_proj,3.538701866594935,3.5600414276123047,9.374982833862305,1.0412240044388454e-05,0.5985909104347229,5.253503799438477,66,18,768,0.7710961598400021,264.2577209472656,1.0052610635757446,3.849353379337117e-05,0.3872653841972351,6.223240852355957,3.6298819094128154,3.503084182739258,9.51513385772705,9.076002811525541e-07,0.6029036641120911,5.251807689666748,0,768,3,cols
followup4090_20260608_primary_spectral_manual_T5_f3_s2,manual_T5_f3_s2,manual,0,1.0,30015488,blocks.4.attn.q_proj,2.1304373926572957,3.0973896980285645,7.221704959869385,2.8919313990627415e-05,0.42584624886512756,5.40140962600708,66,24,768,0.735624521579364,298.9793701171875,1.0058776140213013,0.00012478564167395234,0.38233473896980286,6.30510950088501,2.178584006661732,3.052384614944458,7.324676036834717,2.8259912141948007e-05,0.4289850890636444,5.399766445159912,0,768,4,cols
followup4090_20260608_primary_spectral_manual_T5_f3_s2,manual_T5_f3_s2,manual,0,1.0,30015488,blocks.5.attn.q_proj,1.2465023509033646,4.669939041137695,4.633142471313477,8.009937118913513e-06,0.32749906182289124,5.5599188804626465,66,30,768,0.6821499179503349,350.68133544921875,1.005372166633606,5.7653589465189725e-05,0.3715248703956604,6.3881330490112305,1.2567174339008207,4.620051860809326,4.679593563079834,4.722889570984989e-06,0.3291179835796356,5.559193134307861,0,768,5,cols
followup4090_20260608_primary_spectral_manual_T5_f3_s2,manual_T5_f3_s2,manual,0,1.0,30015488,blocks.5.mlp.fc2,0.9833995430364443,5.806976318359375,1.9402811527252197,0.0008640743908472359,0.1366295963525772,6.090014934539795,66,35,3072,0.7592897621007041,278.1795654296875,0.8637099266052246,0.014244217425584793,0.2178463339805603,6.528007507324219,0.9848599516479726,5.372838497161865,2.041682243347168,0.0008683591731823981,0.1388680636882782,6.086186408996582,0,768,6,rows
followup4090_20260608_primary_spectral_manual_T5_f3_s2,manual_T5_f3_s2,manual,0,1.0,30015488,blocks.6.mlp.fc2,0.9849262306193144,5.51968240737915,1.9356757402420044,0.000896248035132885,0.134079247713089,6.081685543060303,66,41,3072,0.7547631767775691,280.5607604980469,0.8685370087623596,0.01570294238626957,0.2187628448009491,6.529317855834961,0.9861995026544372,5.1562275886535645,2.0261805057525635,0.0008979871636256576,0.136160746216774,6.077937126159668,0,768,7,rows
followup4090_20260608_primary_spectral_manual_T5_f3_s2,manual_T5_f3_s2,manual,0,1.0,30015488,blocks.7.mlp.fc2,0.9860683900475773,5.275300979614258,1.9747904539108276,0.0008171467343345284,0.1348043829202652,6.071608543395996,66,47,3072,0.7533784762329941,279.0441589355469,0.8733966946601868,0.014700308442115784,0.2186039388179779,6.530289173126221,0.9872428286425685,4.982577323913574,2.053441286087036,0.0008180738077498972,0.1366630345582962,6.068267822265625,0,768,8,rows
followup4090_20260608_primary_spectral_manual_T5_f3_s2,manual_T5_f3_s2,manual,0,1.0,30015488,blocks.8.mlp.fc2,0.9881070018140822,4.891910552978516,2.0855629444122314,0.0007971458835527301,0.1385781317949295,6.056919097900391,66,53,3072,0.7570406819080692,280.5736999511719,0.863725483417511,0.013444901444017887,0.21736159920692444,6.529630184173584,0.9892567320490404,4.689607620239258,2.1496217250823975,0.0007969738799147308,0.14019757509231567,6.05405855178833,0,768,9,rows
followup4090_20260608_primary_spectral_manual_T5_f3_s2,manual_T5_f3_s2,manual,0,1.0,30015488,blocks.9.mlp.fc2,0.9899358334096111,4.739762306213379,2.1880791187286377,0.00083919771714136,0.14479054510593414,6.035243511199951,66,59,3072,0.758141546027085,278.3301696777344,0.8654270172119141,0.01495322771370411,0.21780675649642944,6.5285234451293945,0.9910139851085408,4.595512390136719,2.2395057678222656,0.0008396133198402822,0.1461896300315857,6.032795429229736,0,768,10,rows
followup4090_20260608_primary_spectral_manual_T5_f3_s2,manual_T5_f3_s2,manual,0,1.0,30015488,blocks.10.mlp.fc2,0.9987231999153596,4.2998151779174805,2.519892454147339,0.0009272624738514423,0.16260027885437012,5.979501247406006,66,65,3072,0.7682770667287246,269.768798828125,0.8594664931297302,0.014631080441176891,0.21630032360553741,6.524477958679199,1.0001927623204376,4.215645790100098,2.5620241165161133,0.0009276260389015079,0.16389387845993042,5.977374076843262,0,768,11,rows
followup4090_20260608_primary_spectral_manual_T5_f3_s2,manual_T5_f3_s2,manual,0,1.0,40108032,blocks.0.attn.q_proj,7.0676101376487965,3.5499727725982666,13.503059387207031,0.00018389581236988306,0.7967085242271423,5.950488090515137,66,0,768,0.48502118439194103,521.869384765625,1.0060160160064697,0.0016708382172510028,0.30310308933258057,6.541377067565918,7.104498411493161,3.5712828636169434,13.528312683105469,0.0001981836394406855,0.800771951675415,5.948793411254883,0,768,0,cols
followup4090_20260608_primary_spectral_manual_T5_f3_s2,manual_T5_f3_s2,manual,0,1.0,40108032,blocks.1.attn.q_proj,4.401293427764435,2.7965214252471924,10.581607818603516,1.2618939763342496e-05,0.6071888208389282,5.191858291625977,66,6,768,0.7867300133168796,242.4311065673828,1.0035618543624878,0.00043970203842036426,0.3694002628326416,6.24045991897583,4.508728680812334,2.7695212364196777,10.724495887756348,1.6054238585638814e-05,0.6126521825790405,5.188150882720947,0,768,1,cols
followup4090_20260608_primary_spectral_manual_T5_f3_s2,manual_T5_f3_s2,manual,0,1.0,40108032,blocks.2.attn.q_proj,2.184415317280533,3.321221113204956,7.227829933166504,7.204000576166436e-05,0.4384384751319885,5.494649887084961,66,12,768,0.6989144369944015,334.315673828125,1.0050383806228638,0.00042563225724734366,0.3746737539768219,6.366259574890137,2.1852538873603136,3.3396050930023193,7.225513935089111,6.323399429675192e-05,0.43945980072021484,5.4945387840271,0,768,2,cols
followup4090_20260608_primary_spectral_manual_T5_f3_s2,manual_T5_f3_s2,manual,0,1.0,40108032,blocks.3.attn.q_proj,5.395927566158135,3.801422357559204,11.668986320495605,1.157966471510008e-05,0.7616199254989624,5.339419364929199,66,18,768,0.7503138825082419,288.3551330566406,1.0060639381408691,8.069504838204011e-05,0.3928043842315674,6.254955291748047,5.420216365849108,3.8082122802734375,11.692566871643066,1.0186154213442933e-05,0.7638280391693115,5.33930778503418,0,768,3,cols
followup4090_20260608_primary_spectral_manual_T5_f3_s2,manual_T5_f3_s2,manual,0,1.0,40108032,blocks.4.attn.q_proj,3.9491287873495367,3.4151525497436523,10.060840606689453,1.990120654227212e-05,0.6184087991714478,5.451671600341797,66,24,768,0.718647469343705,317.456298828125,1.0062243938446045,0.0002691629924811423,0.38387104868888855,6.3261847496032715,3.9553272132675454,3.433588981628418,10.063446998596191,4.634935612557456e-05,0.6202210783958435,5.451262950897217,0,768,4,cols
followup4090_20260608_primary_spectral_manual_T5_f3_s2,manual_T5_f3_s2,manual,0,1.0,40108032,blocks.5.attn.q_proj,2.0776025221940215,3.312228202819824,7.110682964324951,2.4956250854302198e-05,0.42006924748420715,5.688910484313965,66,30,768,0.6449901962731854,385.9084167480469,1.0047286748886108,0.0010875361040234566,0.3626355826854706,6.4284868240356445,2.1054573094895237,3.2930550575256348,7.170185565948486,3.340106559335254e-05,0.422544002532959,5.6874213218688965,0,768,5,cols
followup4090_20260608_primary_spectral_manual_T5_f3_s2,manual_T5_f3_s2,manual,0,1.0,40108032,blocks.5.mlp.fc2,0.9763587616353072,7.91071891784668,2.196422815322876,0.0009281308157369494,0.17821167409420013,6.110993385314941,66,35,3072,0.7442418202365294,286.1201171875,0.8796899318695068,0.013851487077772617,0.22041818499565125,6.533188819885254,0.9775115201929436,7.67974853515625,2.249152898788452,0.0009327181614935398,0.18022873997688293,6.107900142669678,0,768,6,rows
followup4090_20260608_primary_spectral_manual_T5_f3_s2,manual_T5_f3_s2,manual,0,1.0,40108032,blocks.6.mlp.fc2,0.9872532212953957,6.01627254486084,2.49827241897583,0.0008803430828265846,0.1800268590450287,6.091805458068848,66,41,3072,0.7498462131310171,286.14263916015625,0.8687593340873718,0.01272059790790081,0.21881596744060516,6.531833648681641,0.9893331971966631,5.855213642120361,2.5575060844421387,0.0008843846735544503,0.18227317929267883,6.088225364685059,0,768,7,rows
followup4090_20260608_primary_spectral_manual_T5_f3_s2,manual_T5_f3_s2,manual,0,1.0,40108032,blocks.7.mlp.fc2,0.9998823592459294,5.245334625244141,2.788456916809082,0.0009238955681212246,0.19084304571151733,6.065583229064941,66,47,3072,0.7532092342905959,281.3074645996094,0.8697718977928162,0.013293835334479809,0.2177782654762268,6.531362533569336,1.0034802818896096,5.1007609367370605,2.857731819152832,0.0009273671894334257,0.19336827099323273,6.061636924743652,0,768,8,rows
followup4090_20260608_primary_spectral_manual_T5_f3_s2,manual_T5_f3_s2,manual,0,1.0,40108032,blocks.8.mlp.fc2,1.002652035637141,5.281235218048096,2.8070051670074463,0.0010038778418675065,0.19421255588531494,6.054394245147705,66,53,3072,0.7587005468632616,278.57470703125,0.8633283376693726,0.01410884503275156,0.2164648324251175,6.5296783447265625,1.0065715799143418,5.1212263107299805,2.8804750442504883,0.0010119403013959527,0.19674058258533478,6.050395965576172,0,768,9,rows
followup4090_20260608_primary_spectral_manual_T5_f3_s2,manual_T5_f3_s2,manual,0,1.0,40108032,blocks.9.mlp.fc2,1.0259530515309205,4.629734039306641,3.1569414138793945,0.0009539481834508479,0.20766033232212067,6.028834819793701,66,59,3072,0.7647234677169699,273.9615478515625,0.8589386343955994,0.012509066611528397,0.21525250375270844,6.527801513671875,1.0316012862787256,4.511960506439209,3.230720281600952,0.0009623022051528096,0.21025124192237854,6.024860382080078,0,768,10,rows
followup4090_20260608_primary_spectral_manual_T5_f3_s2,manual_T5_f3_s2,manual,0,1.0,40108032,blocks.10.mlp.fc2,1.1033530561295473,3.9727869033813477,3.8465867042541504,0.0011311727575957775,0.24066412448883057,5.9695940017700195,66,65,3072,0.7779440233214392,266.6213073730469,0.84449702501297,0.011932611465454102,0.21324774622917175,6.521973133087158,1.1162438686896776,3.8685975074768066,3.9415979385375977,0.0011323726503178477,0.2438483089208603,5.965113639831543,0,768,11,rows
followup4090_20260608_primary_spectral_manual_T5_f3_s2,manual_T5_f3_s2,manual,0,1.0,50069504,blocks.0.attn.q_proj,2.006794006031922,4.6635918617248535,6.879968643188477,3.14603530569002e-05,0.4461607336997986,6.028313636779785,66,0,768,0.46219654430308593,549.5418090820312,1.0061354637145996,0.002676125383004546,0.30825287103652954,6.539626121520996,2.0380728627191735,4.611851215362549,6.949982166290283,0.00011582246224861592,0.448546826839447,6.027388572692871,0,768,0,cols
followup4090_20260608_primary_spectral_manual_T5_f3_s2,manual_T5_f3_s2,manual,0,1.0,50069504,blocks.1.attn.q_proj,2.3912450760617703,3.183586597442627,7.487808704376221,1.6332778614014387e-05,0.4522041082382202,5.365172386169434,66,6,768,0.7504683269648266,280.4777526855469,1.0032705068588257,0.00046790961641818285,0.37251079082489014,6.303160190582275,2.4692373242205177,3.0958099365234375,7.658717632293701,8.74518900673138e-06,0.456409752368927,5.362198352813721,0,768,1,cols
followup4090_20260608_primary_spectral_manual_T5_f3_s2,manual_T5_f3_s2,manual,0,1.0,50069504,blocks.2.attn.q_proj,1.7548489842470565,2.899160623550415,6.403264045715332,3.732257027877495e-05,0.3584301769733429,5.615603923797607,66,12,768,0.6677188591807984,364.19085693359375,1.006299614906311,0.0004217281530145556,0.37016168236732483,6.4014387130737305,1.7748009505608857,2.8793370723724365,6.454984664916992,3.428259879001416e-05,0.3602161407470703,5.614529609680176,0,768,2,cols
followup4090_20260608_primary_spectral_manual_T5_f3_s2,manual_T5_f3_s2,manual,0,1.0,50069504,blocks.3.attn.q_proj,4.692073246620549,2.8253602981567383,11.166383743286133,2.328404843865428e-05,0.6249549388885498,5.461462020874023,66,18,768,0.7270089435600838,311.6978454589844,1.0071262121200562,1.6651425539748743e-05,0.3913748860359192,6.298661708831787,4.724045726852123,2.8241753578186035,11.205375671386719,2.5828216166701168e-05,0.6270575523376465,5.460849285125732,0,768,3,cols
followup4090_20260608_primary_spectral_manual_T5_f3_s2,manual_T5_f3_s2,manual,0,1.0,50069504,blocks.4.attn.q_proj,3.8234762462782546,2.566267251968384,10.120800018310547,5.209215669310652e-05,0.5342004299163818,5.592560768127441,66,24,768,0.6875902996415956,347.9876403808594,1.0068464279174805,0.00012506856000982225,0.38046199083328247,6.367016792297363,3.8940072579622127,2.545370578765869,10.219825744628906,4.620078470907174e-05,0.5375044345855713,5.5911784172058105,0,768,4,cols
followup4090_20260608_primary_spectral_manual_T5_f3_s2,manual_T5_f3_s2,manual,0,1.0,50069504,blocks.5.attn.q_proj,1.7828513334476022,2.758075714111328,6.5320539474487305,1.298996721743606e-05,0.34451860189437866,5.847230911254883,66,30,768,0.5827431612752522,443.28448486328125,1.0060425996780396,0.0001559956872370094,0.3466201722621918,6.478390693664551,1.814641150761273,2.7265496253967285,6.610797882080078,2.260790097352583e-06,0.34699898958206177,5.845787048339844,0,768,5,cols
followup4090_20260608_primary_spectral_manual_T5_f3_s2,manual_T5_f3_s2,manual,0,1.0,50069504,blocks.5.mlp.fc2,0.9711225164227587,14.173088073730469,1.3453608751296997,0.000769519479945302,0.13216683268547058,6.237049102783203,66,35,3072,0.7216073106340002,301.3216552734375,0.8978146910667419,0.01407283078879118,0.22504812479019165,6.539140224456787,0.971175856197203,13.049931526184082,1.4115926027297974,0.000772560597397387,0.13346625864505768,6.235175132751465,0,768,6,rows
followup4090_20260608_primary_spectral_manual_T5_f3_s2,manual_T5_f3_s2,manual,0,1.0,50069504,blocks.6.mlp.fc2,0.9741519403091353,10.604710578918457,1.5087895393371582,0.0007889294647611678,0.1306632161140442,6.223340034484863,66,41,3072,0.7223915773821205,298.81170654296875,0.8997073173522949,0.014467400498688221,0.22436803579330444,6.539246559143066,0.9743714248777844,9.87572193145752,1.5753225088119507,0.0007914254092611372,0.13208891451358795,6.221205234527588,0,768,7,rows
followup4090_20260608_primary_spectral_manual_T5_f3_s2,manual_T5_f3_s2,manual,0,1.0,50069504,blocks.7.mlp.fc2,0.9755589403207039,8.590475082397461,1.7096396684646606,0.0008043523994274437,0.13608330488204956,6.2057695388793945,66,47,3072,0.7250219509301381,300.06781005859375,0.8926048874855042,0.01326941791921854,0.22283411026000977,6.539568901062012,0.9760687997388763,8.060544967651367,1.7793875932693481,0.0008050863398239017,0.13767485320568085,6.203385353088379,0,768,8,rows
followup4090_20260608_primary_spectral_manual_T5_f3_s2,manual_T5_f3_s2,manual,0,1.0,50069504,blocks.8.mlp.fc2,0.977517920965877,7.298427581787109,1.895630955696106,0.0008009719895198941,0.14161963760852814,6.190440654754639,66,53,3072,0.7291192026881327,298.242919921875,0.887630820274353,0.012969723902642727,0.22127488255500793,6.5393524169921875,0.9782763093202023,6.933563232421875,1.9599825143814087,0.0008022251422517002,0.14315731823444366,6.188232421875,0,768,9,rows
followup4090_20260608_primary_spectral_manual_T5_f3_s2,manual_T5_f3_s2,manual,0,1.0,50069504,blocks.9.mlp.fc2,0.9821062427763365,5.966215133666992,2.222073793411255,0.0007841246551834047,0.15352730453014374,6.169098377227783,66,59,3072,0.73048841749174,296.4613037109375,0.8875445127487183,0.01305346842855215,0.22037844359874725,6.539675712585449,0.9833414543014366,5.760297775268555,2.2784676551818848,0.0007866111118346453,0.15508660674095154,6.166905879974365,0,768,10,rows
followup4090_20260608_primary_spectral_manual_T5_f3_s2,manual_T5_f3_s2,manual,0,1.0,50069504,blocks.10.mlp.fc2,1.0221357819696222,4.021036148071289,3.152327299118042,0.000976569950580597,0.1881362646818161,6.107219219207764,66,65,3072,0.7410061951059782,291.1349792480469,0.876533567905426,0.01327722892165184,0.2185617983341217,6.536497116088867,1.0258755540005666,3.9487686157226562,3.2035553455352783,0.0009766612201929092,0.18980951607227325,6.105152130126953,0,768,11,rows
followup4090_20260608_primary_spectral_manual_T5_f3_s2,manual_T5_f3_s2,manual,0,1.0,60030976,blocks.0.attn.q_proj,2.147819689527701,4.0007524490356445,7.091889381408691,2.916443236244959e-06,0.43925851583480835,5.960617542266846,66,0,768,0.5286551158273556,490.3851623535156,1.0061520338058472,0.00022544451348949224,0.33943232893943787,6.494006156921387,2.235433469438991,3.9283864498138428,7.258223533630371,1.1276278200966772e-05,0.44674691557884216,5.955099105834961,0,768,0,cols
followup4090_20260608_primary_spectral_manual_T5_f3_s2,manual_T5_f3_s2,manual,0,1.0,60030976,blocks.1.attn.q_proj,2.8323995611251735,2.6977853775024414,8.412492752075195,5.235153730609454e-05,0.46811917424201965,5.394824028015137,66,6,768,0.7584227670830586,270.6445007324219,1.0038872957229614,1.1651477507257368e-05,0.3711945712566376,6.289674758911133,2.96473423383678,2.6314749717712402,8.644312858581543,5.184928886592388e-05,0.47562146186828613,5.388279438018799,0,768,1,cols
followup4090_20260608_primary_spectral_manual_T5_f3_s2,manual_T5_f3_s2,manual,0,1.0,60030976,blocks.2.attn.q_proj,2.1730859491885557,2.28605580329895,7.393834590911865,1.8112976249540225e-05,0.3703845739364624,5.630064964294434,66,12,768,0.6835649705472067,347.63409423828125,1.0049960613250732,0.0008746084640733898,0.3698051869869232,6.388091087341309,2.2357639695639993,2.255286693572998,7.522580623626709,2.5294089027738664e-06,0.37470710277557373,5.626403331756592,0,768,2,cols
followup4090_20260608_primary_spectral_manual_T5_f3_s2,manual_T5_f3_s2,manual,0,1.0,60030976,blocks.3.attn.q_proj,8.473833246799314,2.0069799423217773,15.160837173461914,1.4094638572714757e-05,0.7300248742103577,5.409876823425293,66,18,768,0.7738870344899607,259.29315185546875,1.0061315298080444,1.582749519002391e-06,0.38425004482269287,6.22371768951416,9.01354586993277,1.9632823467254639,15.64240550994873,2.491009399818722e-05,0.7462871074676514,5.400969505310059,0,768,3,cols
followup4090_20260608_primary_spectral_manual_T5_f3_s2,manual_T5_f3_s2,manual,0,1.0,60030976,blocks.4.attn.q_proj,4.443711694121127,2.4064719676971436,10.909058570861816,2.037113517872058e-06,0.5605231523513794,5.606832504272461,66,24,768,0.6946141499659413,339.15850830078125,1.0067219734191895,0.0002850943128578365,0.37892770767211914,6.361225128173828,4.597519927641293,2.378521203994751,11.099188804626465,7.430552386722411e-07,0.5677139163017273,5.6024065017700195,0,768,4,cols
followup4090_20260608_primary_spectral_manual_T5_f3_s2,manual_T5_f3_s2,manual,0,1.0,60030976,blocks.5.attn.q_proj,2.2029913238902448,2.3596107959747314,7.479063987731934,9.568197856424376e-05,0.36725515127182007,5.870828151702881,66,30,768,0.5719379683086532,452.6149597167969,1.0055664777755737,9.028676140587777e-05,0.3422541916370392,6.486578941345215,2.233504290241991,2.3526451587677,7.539548873901367,5.0322032620897517e-05,0.36998018622398376,5.868769645690918,0,768,5,cols
followup4090_20260608_primary_spectral_manual_T5_f3_s2,manual_T5_f3_s2,manual,0,1.0,60030976,blocks.5.mlp.fc2,0.9665102433329357,16.254608154296875,1.3608863353729248,0.00074429449159652,0.141598641872406,6.250796794891357,66,35,3072,0.7190576694155608,303.9223937988281,0.898725688457489,0.01202411949634552,0.2263038158416748,6.538872241973877,0.9664491951007652,15.284581184387207,1.4139668941497803,0.0007441879715770483,0.14310222864151,6.248660087585449,0,768,6,rows
followup4090_20260608_primary_spectral_manual_T5_f3_s2,manual_T5_f3_s2,manual,0,1.0,60030976,blocks.6.mlp.fc2,0.9694633397227205,14.862942695617676,1.3608102798461914,0.000716176931746304,0.13723962008953094,6.238124847412109,66,41,3072,0.7203263989666665,304.3960266113281,0.8954671025276184,0.012662523426115513,0.22547093033790588,6.539156913757324,0.9694109635054918,14.05342960357666,1.4095780849456787,0.0007206813897937536,0.1386188566684723,6.236105918884277,0,768,7,rows
followup4090_20260608_primary_spectral_manual_T5_f3_s2,manual_T5_f3_s2,manual,0,1.0,60030976,blocks.7.mlp.fc2,0.9705112081948689,11.229819297790527,1.5984619855880737,0.0006661133375018835,0.14315257966518402,6.220091342926025,66,47,3072,0.719531739565719,303.2624816894531,0.8976520299911499,0.011854507029056549,0.22424069046974182,6.5405120849609375,0.9706582883213044,10.72049617767334,1.6480165719985962,0.0006678967620246112,0.1445954591035843,6.218029022216797,0,768,8,rows
followup4090_20260608_primary_spectral_manual_T5_f3_s2,manual_T5_f3_s2,manual,0,1.0,60030976,blocks.8.mlp.fc2,0.9727390901287568,9.125943183898926,1.7901220321655273,0.0007091403240337968,0.1472400426864624,6.205446243286133,66,53,3072,0.7246455441863496,302.05572509765625,0.8898771405220032,0.011661235243082047,0.22212213277816772,6.540401935577393,0.9730419912220852,8.806523323059082,1.835108995437622,0.0007112426101230085,0.14862759411334991,6.203494071960449,0,768,9,rows
followup4090_20260608_primary_spectral_manual_T5_f3_s2,manual_T5_f3_s2,manual,0,1.0,60030976,blocks.9.mlp.fc2,0.9791843243450334,6.72556209564209,2.234239339828491,0.0007492166478186846,0.16276469826698303,6.177370071411133,66,59,3072,0.7272494199109336,300.7381591796875,0.8873294591903687,0.011611029505729675,0.22198306024074554,6.5393290519714355,0.9801177359850517,6.555668354034424,2.2792348861694336,0.0007497081533074379,0.1642812043428421,6.1753129959106445,0,768,10,rows
followup4090_20260608_primary_spectral_manual_T5_f3_s2,manual_T5_f3_s2,manual,0,1.0,60030976,blocks.10.mlp.fc2,1.0208135749930414,4.571390151977539,3.168881416320801,0.0009315232746303082,0.20005778968334198,6.116918087005615,66,65,3072,0.734825939124038,293.5977478027344,0.883852481842041,0.01293370220810175,0.2192644476890564,6.53873348236084,1.02400033400765,4.509566783905029,3.212249279022217,0.0009337930823676288,0.20172005891799927,6.114932537078857,0,768,11,rows
followup4090_20260608_primary_spectral_manual_T5_f3_s2,manual_T5_f3_s2,manual,0,1.0,70123520,blocks.0.attn.q_proj,1.6352038094629995,4.370798110961914,5.978837013244629,2.0537199816317298e-05,0.38279852271080017,5.972395896911621,66,0,768,0.48670648037507813,534.0075073242188,1.0062552690505981,7.377335714409128e-05,0.3361233174800873,6.50562047958374,1.644912336667023,4.354235649108887,6.006284236907959,1.1544839253474493e-05,0.3838956952095032,5.972172260284424,0,768,0,cols
followup4090_20260608_primary_spectral_manual_T5_f3_s2,manual_T5_f3_s2,manual,0,1.0,70123520,blocks.1.attn.q_proj,9.927957262864249,1.7405071258544922,16.28826141357422,1.1577536497497931e-05,0.7495877146720886,5.179481029510498,66,6,768,0.7674847473953011,260.0650634765625,1.004896879196167,0.00014355135499499738,0.3698795437812805,6.274779319763184,9.904806561896129,1.7495226860046387,16.259872436523438,3.2629453926347196e-05,0.7501531839370728,5.1797356605529785,0,768,1,cols
followup4090_20260608_primary_spectral_manual_T5_f3_s2,manual_T5_f3_s2,manual,0,1.0,70123520,blocks.2.attn.q_proj,2.4267320624123454,2.1776750087738037,7.901885986328125,8.7424805315095e-06,0.38749876618385315,5.632663249969482,66,12,768,0.6497579462023242,380.75421142578125,1.0057621002197266,0.00021728720457758754,0.36512041091918945,6.420985221862793,2.4305353603940154,2.1809442043304443,7.908860206604004,2.3030857846606523e-05,0.3880968987941742,5.632861137390137,0,768,2,cols
followup4090_20260608_primary_spectral_manual_T5_f3_s2,manual_T5_f3_s2,manual,0,1.0,70123520,blocks.3.attn.q_proj,5.050281973529969,2.5371758937835693,11.626895904541016,1.0816029316629283e-05,0.6184125542640686,5.494348049163818,66,18,768,0.7064517944892365,331.8908386230469,1.0063245296478271,0.00045671031693927944,0.3878152072429657,6.33278226852417,5.067663995098312,2.540079355239868,11.645894050598145,2.012484401348047e-05,0.6197755336761475,5.494332313537598,0,768,3,cols
followup4090_20260608_primary_spectral_manual_T5_f3_s2,manual_T5_f3_s2,manual,0,1.0,70123520,blocks.4.attn.q_proj,4.271421607296333,2.4922056198120117,10.709643363952637,3.6615156204788946e-06,0.5557551980018616,5.650684356689453,66,24,768,0.6513694956456973,382.5391540527344,1.0065430402755737,0.0005655482527799904,0.37270814180374146,6.40874719619751,4.300410088481703,2.4871132373809814,10.747788429260254,2.0290481188567355e-05,0.5572253465652466,5.650571346282959,0,768,4,cols
followup4090_20260608_primary_spectral_manual_T5_f3_s2,manual_T5_f3_s2,manual,0,1.0,70123520,blocks.5.attn.q_proj,2.380249511719542,2.2677252292633057,7.837637424468994,7.097158959368244e-05,0.37657544016838074,5.893872261047363,66,30,768,0.549335531396306,473.4495544433594,1.0050333738327026,0.0005192148964852095,0.33471110463142395,6.501245021820068,2.4058757288260018,2.258073329925537,7.886783123016357,9.40191384870559e-05,0.37829717993736267,5.893212795257568,0,768,5,cols
followup4090_20260608_primary_spectral_manual_T5_f3_s2,manual_T5_f3_s2,manual,0,1.0,70123520,blocks.5.mlp.fc2,0.9597470352354555,23.198305130004883,1.2375133037567139,0.00074811524245888,0.1509137898683548,6.266002178192139,66,35,3072,0.7135881057057655,306.4308776855469,0.9048523902893066,0.01218646951019764,0.22756870090961456,6.540158271789551,0.9596203962870973,22.487455368041992,1.2611004114151,0.0007512995507568121,0.1515343338251114,6.265518665313721,0,768,6,rows
followup4090_20260608_primary_spectral_manual_T5_f3_s2,manual_T5_f3_s2,manual,0,1.0,70123520,blocks.6.mlp.fc2,0.9644145752141543,17.9289493560791,1.3343734741210938,0.000769306905567646,0.14574824273586273,6.251154899597168,66,41,3072,0.7164525548316995,304.0376281738281,0.9029107093811035,0.012388921342790127,0.22626511752605438,6.540149211883545,0.9643124381492828,17.514934539794922,1.3546947240829468,0.0007708581979386508,0.14636631309986115,6.250609397888184,0,768,7,rows
followup4090_20260608_primary_spectral_manual_T5_f3_s2,manual_T5_f3_s2,manual,0,1.0,70123520,blocks.7.mlp.fc2,0.9652088216620093,13.534332275390625,1.5727378129959106,0.0007313773967325687,0.1530233472585678,6.227828025817871,66,47,3072,0.7168457550012485,305.0172424316406,0.9002362489700317,0.012662863358855247,0.22544638812541962,6.540585041046143,0.9651950565589269,13.276243209838867,1.5934298038482666,0.0007339347503148019,0.15367020666599274,6.227283954620361,0,768,8,rows
followup4090_20260608_primary_spectral_manual_T5_f3_s2,manual_T5_f3_s2,manual,0,1.0,70123520,blocks.8.mlp.fc2,0.9681806385919861,10.408966064453125,1.8206520080566406,0.0007140915258787572,0.15908029675483704,6.2079758644104,66,53,3072,0.7208060439835731,304.4908142089844,0.8935432434082031,0.011922512203454971,0.2236037254333496,6.540754318237305,0.9682818120996418,10.259021759033203,1.8399137258529663,0.0007161855464801192,0.15970955789089203,6.207512378692627,0,768,9,rows
followup4090_20260608_primary_spectral_manual_T5_f3_s2,manual_T5_f3_s2,manual,0,1.0,70123520,blocks.9.mlp.fc2,0.9767083952536004,7.385098457336426,2.321277618408203,0.0008171687368303537,0.17654365301132202,6.178247451782227,66,59,3072,0.722524961230989,304.1093444824219,0.8906974792480469,0.013261977583169937,0.22275720536708832,6.540694236755371,0.977204076615598,7.3065714836120605,2.3419382572174072,0.0008201078744605184,0.17729710042476654,6.177642345428467,0,768,10,rows
followup4090_20260608_primary_spectral_manual_T5_f3_s2,manual_T5_f3_s2,manual,0,1.0,70123520,blocks.10.mlp.fc2,1.0384541740227877,4.86400842666626,3.3745527267456055,0.0009801738196983933,0.22013726830482483,6.113699913024902,66,65,3072,0.7308925609182395,299.2142639160156,0.8825554251670837,0.01289715338498354,0.22012102603912354,6.5396013259887695,1.0398447935616881,4.864223480224609,3.3856935501098633,0.0009821109706535935,0.2209765911102295,6.1130828857421875,0,768,11,rows
followup4090_20260608_primary_spectral_manual_T5_f3_s2,manual_T5_f3_s2,manual,0,1.0,80084992,blocks.0.attn.q_proj,2.015889297893624,3.3593311309814453,6.976206302642822,1.053795585903572e-05,0.39902248978614807,5.939922332763672,66,0,768,0.5052354447450056,516.8465576171875,1.006626009941101,7.417337656079326e-06,0.3446233868598938,6.491252899169922,2.0276075301476792,3.351870059967041,7.002479076385498,1.158268150902586e-05,0.4001239240169525,5.93972635269165,0,768,0,cols
followup4090_20260608_primary_spectral_manual_T5_f3_s2,manual_T5_f3_s2,manual,0,1.0,80084992,blocks.1.attn.q_proj,4.824333312473449,2.062791109085083,11.366551399230957,3.960991307394579e-05,0.5587608218193054,5.358892440795898,66,6,768,0.7303744424382176,300.7716979980469,1.0044084787368774,0.00033537554554641247,0.37536340951919556,6.323582649230957,4.864897970049063,2.0588974952697754,11.4161376953125,4.935127071803436e-05,0.5607250928878784,5.358341217041016,0,768,1,cols
followup4090_20260608_primary_spectral_manual_T5_f3_s2,manual_T5_f3_s2,manual,0,1.0,80084992,blocks.2.attn.q_proj,3.3152033938870846,1.8699555397033691,9.40842056274414,3.154836667818017e-05,0.43232205510139465,5.615367889404297,66,12,768,0.671944057571944,357.9957275390625,1.0047945976257324,0.0003672736056614667,0.36640533804893494,6.402624607086182,3.3676407281733387,1.86198890209198,9.4883394241333,3.860375363728963e-05,0.4352681636810303,5.613361835479736,0,768,2,cols
followup4090_20260608_primary_spectral_manual_T5_f3_s2,manual_T5_f3_s2,manual,0,1.0,80084992,blocks.3.attn.q_proj,7.51849765179971,1.9506163597106934,14.350374221801758,3.7773072108393535e-05,0.6766108870506287,5.49341344833374,66,18,768,0.7259713300897318,308.467041015625,1.007436990737915,0.0002780379436444491,0.3848589360713959,6.311176300048828,7.73225979179531,1.9292681217193604,14.557284355163574,3.909808219759725e-05,0.6831360459327698,5.490541934967041,0,768,3,cols
followup4090_20260608_primary_spectral_manual_T5_f3_s2,manual_T5_f3_s2,manual,0,1.0,80084992,blocks.4.attn.q_proj,5.619997015341844,2.104027032852173,12.386757850646973,2.0691115423687734e-05,0.5953323841094971,5.654305934906006,66,24,768,0.6537976598294344,379.63641357421875,1.0058531761169434,0.0004969084402546287,0.3715057969093323,6.408675670623779,5.672807659223692,2.0978951454162598,12.446475982666016,2.2527376131620258e-05,0.597451388835907,5.653947830200195,0,768,4,cols
followup4090_20260608_primary_spectral_manual_T5_f3_s2,manual_T5_f3_s2,manual,0,1.0,80084992,blocks.5.attn.q_proj,2.7304549323947866,2.1447081565856934,8.47590446472168,2.6682277166401036e-05,0.39773687720298767,5.899237632751465,66,30,768,0.5447560880773346,476.8468017578125,1.0055559873580933,0.0007508252165280282,0.33258166909217834,6.50466251373291,2.7493524918125036,2.1415998935699463,8.508672714233398,2.652418515936006e-06,0.3990611433982849,5.8988752365112305,0,768,5,cols
followup4090_20260608_primary_spectral_manual_T5_f3_s2,manual_T5_f3_s2,manual,0,1.0,80084992,blocks.5.mlp.fc2,0.9535601720040356,19.736499786376953,1.4825842380523682,0.0008232946856878698,0.16718930006027222,6.266615867614746,66,35,3072,0.7140808963961157,306.365478515625,0.9038984775543213,0.012317696586251259,0.22725069522857666,6.54022741317749,0.953512613572886,19.021745681762695,1.5165916681289673,0.0008255684515461326,0.1681106686592102,6.265815258026123,0,768,6,rows
followup4090_20260608_primary_spectral_manual_T5_f3_s2,manual_T5_f3_s2,manual,0,1.0,80084992,blocks.6.mlp.fc2,0.9596622422004678,14.546031951904297,1.640702724456787,0.00073913240339607,0.16228044033050537,6.248630523681641,66,41,3072,0.7181085655580287,304.471435546875,0.8995357155799866,0.012445690110325813,0.2261287122964859,6.5396246910095215,0.9597315494944877,14.088085174560547,1.6743741035461426,0.0007399020832963288,0.16319811344146729,6.247743129730225,0,768,7,rows
followup4090_20260608_primary_spectral_manual_T5_f3_s2,manual_T5_f3_s2,manual,0,1.0,80084992,blocks.7.mlp.fc2,0.9631314611303274,10.796098709106445,1.96544349193573,0.0008003831026144326,0.1725001335144043,6.220861434936523,66,47,3072,0.7186783031746097,304.96832275390625,0.8968721628189087,0.013070563785731792,0.22455257177352905,6.540781021118164,0.9635072484444772,10.526020050048828,1.9997080564498901,0.0008056405931711197,0.17354172468185425,6.219840049743652,0,768,8,rows
followup4090_20260608_primary_spectral_manual_T5_f3_s2,manual_T5_f3_s2,manual,0,1.0,80084992,blocks.8.mlp.fc2,0.9696925286890425,8.638252258300781,2.2152042388916016,0.0008062279666773975,0.17811226844787598,6.199413776397705,66,53,3072,0.7236325702505151,301.5612487792969,0.8925517201423645,0.011734155006706715,0.22235265374183655,6.540818214416504,0.9704511923454295,8.435741424560547,2.252492904663086,0.0008090278715826571,0.17923183739185333,6.19832181930542,0,768,9,rows
followup4090_20260608_primary_spectral_manual_T5_f3_s2,manual_T5_f3_s2,manual,0,1.0,80084992,blocks.9.mlp.fc2,0.991203943531078,6.221362113952637,2.8009583950042725,0.0008555272943340242,0.19784219563007355,6.166734218597412,66,59,3072,0.7271695134875402,301.0153503417969,0.8867349624633789,0.01168324425816536,0.2212231457233429,6.540216445922852,0.9937022409150199,6.077338695526123,2.8503589630126953,0.0008569626952521503,0.19933080673217773,6.165200710296631,0,768,10,rows
followup4090_20260608_primary_spectral_manual_T5_f3_s2,manual_T5_f3_s2,manual,0,1.0,80084992,blocks.10.mlp.fc2,1.159131800363541,3.794685125350952,4.315932750701904,0.0010377020807936788,0.25317639112472534,6.091554164886475,66,65,3072,0.7400672774247271,292.0462646484375,0.8768437504768372,0.01213588286191225,0.2185557782649994,6.5370192527771,1.1738615618699657,3.7097597122192383,4.398853778839111,0.0010429761605337262,0.25563928484916687,6.089249610900879,0,768,11,rows
followup4090_20260608_primary_spectral_manual_T5_f3_s2,manual_T5_f3_s2,manual,0,1.0,90046464,blocks.0.attn.q_proj,1.6794705915126278,3.8000524044036865,6.146345138549805,2.640967068145983e-05,0.37037691473960876,5.950237274169922,66,0,768,0.5008088973085221,521.7257690429688,1.0064786672592163,7.558929064543918e-05,0.34561803936958313,6.490317344665527,1.6927499241072592,3.7838211059570312,6.180743217468262,3.4115251764887944e-05,0.37178438901901245,5.9497833251953125,0,768,0,cols
followup4090_20260608_primary_spectral_manual_T5_f3_s2,manual_T5_f3_s2,manual,0,1.0,90046464,blocks.1.attn.q_proj,5.148682088216635,1.964922308921814,11.744061470031738,2.2704791263095103e-05,0.5646182298660278,5.367524147033691,66,6,768,0.7327513316129727,298.2900695800781,1.0034434795379639,7.08511215634644e-05,0.37468263506889343,6.320982456207275,5.202718376876941,1.9588125944137573,11.809343338012695,3.7876675378356595e-06,0.5669588446617126,5.366515636444092,0,768,1,cols
followup4090_20260608_primary_spectral_manual_T5_f3_s2,manual_T5_f3_s2,manual,0,1.0,90046464,blocks.2.attn.q_proj,3.129145175657203,1.8991600275039673,9.120355606079102,3.230063521186821e-05,0.4207116663455963,5.643973350524902,66,12,768,0.6479940170678289,381.68310546875,1.005133032798767,0.0005201565800234675,0.36281073093414307,6.425169467926025,3.138452587757405,1.9009708166122437,9.134942054748535,5.924299330217764e-05,0.42156919836997986,5.6439666748046875,0,768,2,cols
followup4090_20260608_primary_spectral_manual_T5_f3_s2,manual_T5_f3_s2,manual,0,1.0,90046464,blocks.3.attn.q_proj,6.200513258240424,2.0959768295288086,12.986906051635742,3.9286547689698637e-05,0.631655752658844,5.525889873504639,66,18,768,0.7043978346327947,331.4190368652344,1.0070736408233643,0.0002651125832926482,0.384015291929245,6.341800689697266,6.298385894176971,2.0833473205566406,13.092759132385254,3.9061436837073416e-05,0.635124921798706,5.524570941925049,0,768,3,cols
followup4090_20260608_primary_spectral_manual_T5_f3_s2,manual_T5_f3_s2,manual,0,1.0,90046464,blocks.4.attn.q_proj,5.293672672004271,2.123840808868408,12.014032363891602,8.14623763290001e-06,0.5775416493415833,5.691223621368408,66,24,768,0.6353941299613454,396.3336181640625,1.0074048042297363,0.0003702269750647247,0.36733511090278625,6.427115440368652,5.31249892818802,2.125230550765991,12.035529136657715,1.4553149412677158e-05,0.5787569284439087,5.691167831420898,0,768,4,cols
followup4090_20260608_primary_spectral_manual_T5_f3_s2,manual_T5_f3_s2,manual,0,1.0,90046464,blocks.5.attn.q_proj,2.571447619440395,2.210965633392334,8.196107864379883,6.6331376729067415e-06,0.38808080554008484,5.918220520019531,66,30,768,0.5338791100981608,486.5784912109375,1.005708932876587,0.0008306644740514457,0.32937711477279663,6.510302543640137,2.587292904900618,2.207900047302246,8.224691390991211,7.058320079522673e-06,0.3892374336719513,5.917938709259033,0,768,5,cols
followup4090_20260608_primary_spectral_manual_T5_f3_s2,manual_T5_f3_s2,manual,0,1.0,90046464,blocks.5.mlp.fc2,0.9490328984257466,20.654069900512695,1.5420868396759033,0.0007871253765188158,0.1780024766921997,6.267049789428711,66,35,3072,0.7132678605825532,305.35003662109375,0.9073323011398315,0.011979732662439346,0.22800175845623016,6.540046691894531,0.9489863723773281,20.197284698486328,1.5639276504516602,0.0007923590601421893,0.17861846089363098,6.266740798950195,0,768,6,rows
followup4090_20260608_primary_spectral_manual_T5_f3_s2,manual_T5_f3_s2,manual,0,1.0,90046464,blocks.6.mlp.fc2,0.9556343665620085,16.616806030273438,1.6206237077713013,0.0007853164570406079,0.1711754947900772,6.24882173538208,66,41,3072,0.7169134104828985,304.1900939941406,0.9021316170692444,0.011627811007201672,0.22674722969532013,6.539427757263184,0.9556442774362279,16.246906280517578,1.6435439586639404,0.0007862129714339972,0.17174334824085236,6.248533725738525,0,768,7,rows
followup4090_20260608_primary_spectral_manual_T5_f3_s2,manual_T5_f3_s2,manual,0,1.0,90046464,blocks.7.mlp.fc2,0.9589556794592478,12.193439483642578,1.9526498317718506,0.0007776208221912384,0.18199841678142548,6.218372344970703,66,47,3072,0.7158972705733551,304.7173156738281,0.9024987816810608,0.012267282232642174,0.22575300931930542,6.5408220291137695,0.9591551358029119,11.972152709960938,1.9761509895324707,0.0007811672403477132,0.1826002448797226,6.218088150024414,0,768,8,rows
followup4090_20260608_primary_spectral_manual_T5_f3_s2,manual_T5_f3_s2,manual,0,1.0,90046464,blocks.8.mlp.fc2,0.9667550556912564,9.275471687316895,2.236729383468628,0.0007814145064912736,0.18580855429172516,6.1999406814575195,66,53,3072,0.7215012505147502,302.52001953125,0.8951827883720398,0.011293754912912846,0.2234054058790207,6.5406317710876465,0.9673009796795048,9.10558032989502,2.2644119262695312,0.0007832603878341615,0.18650217354297638,6.199568748474121,0,768,9,rows
followup4090_20260608_primary_spectral_manual_T5_f3_s2,manual_T5_f3_s2,manual,0,1.0,90046464,blocks.9.mlp.fc2,0.9985430147160109,6.015955448150635,2.9767205715179443,0.0007645271834917367,0.20702947676181793,6.165835857391357,66,59,3072,0.7240073251819337,299.0622253417969,0.8954082727432251,0.011009655892848969,0.22202979028224945,6.540881156921387,1.0007962244395705,5.909274578094482,3.0148086547851562,0.0007663738215342164,0.2080031931400299,6.165228366851807,0,768,10,rows
followup4090_20260608_primary_spectral_manual_T5_f3_s2,manual_T5_f3_s2,manual,0,1.0,90046464,blocks.10.mlp.fc2,1.213128720829032,3.587911367416382,4.621335983276367,0.0009846255416050553,0.26393991708755493,6.0926513671875,66,65,3072,0.7352799810492113,292.51763916015625,0.8846840858459473,0.011560646817088127,0.21925659477710724,6.538515090942383,1.2251332672272013,3.5322189331054688,4.680171012878418,0.0009898885618895292,0.2655090391635895,6.091708183288574,0,768,11,rows
followup4090_20260608_primary_spectral_manual_T5_f3_s2,manual_T5_f3_s2,manual,0,1.0,100007936,blocks.0.attn.q_proj,2.1581992655069917,3.2885591983795166,7.186358451843262,3.264840051997453e-05,0.4115156829357147,5.911252975463867,66,0,768,0.5228383962178217,501.52032470703125,1.0055030584335327,2.4057537302724086e-05,0.3515203595161438,6.47763204574585,2.1835046180606006,3.276934862136841,7.236807346343994,2.403337202849798e-05,0.41386324167251587,5.9102044105529785,0,768,0,cols
followup4090_20260608_primary_spectral_manual_T5_f3_s2,manual_T5_f3_s2,manual,0,1.0,100007936,blocks.1.attn.q_proj,5.232651419435826,2.213310480117798,11.748008728027344,1.8695809558266774e-05,0.59857577085495,5.352484226226807,66,6,768,0.7376585908618517,292.438720703125,1.0041828155517578,4.902826913166791e-05,0.3741108775138855,6.314670085906982,5.307454843814503,2.2049901485443115,11.836053848266602,3.995604856754653e-06,0.6020455956459045,5.351096153259277,0,768,1,cols
followup4090_20260608_primary_spectral_manual_T5_f3_s2,manual_T5_f3_s2,manual,0,1.0,100007936,blocks.2.attn.q_proj,3.8389036232088958,1.8349390029907227,10.17032527923584,1.7786813259590417e-05,0.46366560459136963,5.624744892120361,66,12,768,0.6656080494486263,363.2293701171875,1.0049885511398315,0.0010165551211684942,0.36378031969070435,6.411325454711914,3.8942376857878123,1.8282994031906128,10.247787475585938,2.3412774680764414e-05,0.46650320291519165,5.623375415802002,0,768,2,cols
followup4090_20260608_primary_spectral_manual_T5_f3_s2,manual_T5_f3_s2,manual,0,1.0,100007936,blocks.3.attn.q_proj,9.723373693603998,1.775874137878418,16.35468292236328,7.10277454345487e-05,0.7405573129653931,5.483531951904297,66,18,768,0.7341162792346244,298.98785400390625,1.0071338415145874,0.000200989845325239,0.38246992230415344,6.304551601409912,10.063012745851124,1.756178855895996,16.641836166381836,5.8013236412080005e-05,0.7500344514846802,5.479367256164551,0,768,3,cols
followup4090_20260608_primary_spectral_manual_T5_f3_s2,manual_T5_f3_s2,manual,0,1.0,100007936,blocks.4.attn.q_proj,6.299730469446062,2.068612575531006,13.124563217163086,2.7394979042583145e-05,0.6252055168151855,5.680100917816162,66,24,768,0.6669484951867913,363.5423278808594,1.0069208145141602,6.677042983938009e-05,0.3698887825012207,6.40086030960083,6.536749026401455,2.0384883880615234,13.375673294067383,2.0426594346645288e-05,0.6333029866218567,5.676502227783203,0,768,4,cols
followup4090_20260608_primary_spectral_manual_T5_f3_s2,manual_T5_f3_s2,manual,0,1.0,100007936,blocks.5.attn.q_proj,3.652226525944429,1.930899739265442,9.92805004119873,9.883416169031989e-06,0.447441965341568,5.8871588706970215,66,30,768,0.5491674939004274,471.1703796386719,1.0064208507537842,0.0006778428796678782,0.3331975042819977,6.502756118774414,3.6790571895706004,1.9296534061431885,9.966581344604492,1.6315480024786666e-05,0.44909435510635376,5.8867645263671875,0,768,5,cols
followup4090_20260608_primary_spectral_manual_T5_f3_s2,manual_T5_f3_s2,manual,0,1.0,100007936,blocks.5.mlp.fc2,0.9474402071735964,16.445646286010742,1.8606269359588623,0.0008772217552177608,0.19377104938030243,6.260880947113037,66,35,3072,0.713740210094826,305.6471252441406,0.9061153531074524,0.011766663752496243,0.22852839529514313,6.538991928100586,0.947841184626387,15.76630973815918,1.9098398685455322,0.0008813447784632444,0.19505274295806885,6.2598443031311035,0,768,6,rows
followup4090_20260608_primary_spectral_manual_T5_f3_s2,manual_T5_f3_s2,manual,0,1.0,100007936,blocks.6.mlp.fc2,0.9602337004549341,10.915298461914062,2.1991679668426514,0.0007890508859418333,0.1926235407590866,6.235135555267334,66,41,3072,0.7194726872734954,303.1328430175781,0.8989672064781189,0.011582132428884506,0.22585025429725647,6.5391364097595215,0.9611562376635171,10.57892894744873,2.2460901737213135,0.0007944372482597828,0.19400566816329956,6.2339558601379395,0,768,7,rows
followup4090_20260608_primary_spectral_manual_T5_f3_s2,manual_T5_f3_s2,manual,0,1.0,100007936,blocks.7.mlp.fc2,0.9877786352800513,7.018808841705322,2.880960702896118,0.0009038037969730794,0.21065311133861542,6.197205543518066,66,47,3072,0.7209769377383413,299.293212890625,0.9012532830238342,0.012372312135994434,0.22405436635017395,6.540274143218994,0.9912919025397746,6.810812473297119,2.943572521209717,0.0009103427291847765,0.2124631255865097,6.195621490478516,0,768,8,rows
followup4090_20260608_primary_spectral_manual_T5_f3_s2,manual_T5_f3_s2,manual,0,1.0,100007936,blocks.8.mlp.fc2,1.0219103095811322,5.653426170349121,3.2584993839263916,0.0008353333687409759,0.22063075006008148,6.168140411376953,66,53,3072,0.7287887713886394,299.6827697753906,0.8862189650535583,0.011365275830030441,0.22183071076869965,6.538766384124756,1.0258139551642729,5.572716236114502,3.301692247390747,0.000840797321870923,0.22230787575244904,6.166645050048828,0,768,9,rows
followup4090_20260608_primary_spectral_manual_T5_f3_s2,manual_T5_f3_s2,manual,0,1.0,100007936,blocks.9.mlp.fc2,1.0828147652499227,4.585609436035156,3.823652505874634,0.0008564406889490783,0.23972174525260925,6.135880470275879,66,59,3072,0.7333114336573959,298.2838439941406,0.8797145485877991,0.011532459408044815,0.21992424130439758,6.538683891296387,1.08892020789661,4.534891605377197,3.867802381515503,0.0008628465002402663,0.2414781004190445,6.134320259094238,0,768,10,rows
followup4090_20260608_primary_spectral_manual_T5_f3_s2,manual_T5_f3_s2,manual,0,1.0,100007936,blocks.10.mlp.fc2,1.412404328689674,3.3963775634765625,5.302389621734619,0.0011456904467195272,0.30179736018180847,6.057133197784424,66,65,3072,0.746137068454431,289.7494201660156,0.8691415786743164,0.012361569330096245,0.21735265851020813,6.53537130355835,1.4265095674692498,3.38326358795166,5.345311164855957,0.0011499678948894143,0.30396267771720886,6.055307388305664,0,768,11,rows
followup4090_20260608_primary_spectral_manual_T9_f4_s5,manual_T9_f4_s5,manual,0,1.0,10092544,blocks.0.attn.q_proj,37.68027162497982,5.531129837036133,27.0687313079834,5.0753696996252984e-05,2.0962600708007812,5.640947341918945,66,0,768,0.1337397284023651,737.14990234375,1.008263349533081,0.006874527782201767,0.10221973806619644,6.635806083679199,38.28102036699305,5.5015788078308105,27.284536361694336,7.937251939438283e-05,2.1081018447875977,5.639410018920898,0,768,0,cols
followup4090_20260608_primary_spectral_manual_T9_f4_s5,manual_T9_f4_s5,manual,0,1.0,10092544,blocks.1.attn.q_proj,6.98252913670467,1.3953075408935547,13.81734561920166,3.404804738238454e-05,0.5790318250656128,4.701757907867432,66,6,768,0.31441598059719184,654.9278564453125,1.0075418949127197,0.0008696136646904051,0.22358916699886322,6.600520610809326,6.984492040404222,1.3971717357635498,13.819499969482422,3.891378582920879e-05,0.5794576406478882,4.704154014587402,0,768,1,cols
followup4090_20260608_primary_spectral_manual_T9_f4_s5,manual_T9_f4_s5,manual,0,1.0,10092544,blocks.2.attn.q_proj,5.010829536283413,1.497115969657898,11.61288833618164,6.491332442237763e-06,0.5048723220825195,4.496844291687012,66,12,768,0.4128743904954119,589.5322875976562,1.0072647333145142,0.004749587271362543,0.28064584732055664,6.566405773162842,5.100282884570636,1.4905844926834106,11.722441673278809,4.057832029502606e-06,0.5085604786872864,4.494853973388672,0,768,2,cols
followup4090_20260608_primary_spectral_manual_T9_f4_s5,manual_T9_f4_s5,manual,0,1.0,10092544,blocks.3.attn.q_proj,1.7895564528100747,1.8469914197921753,6.412351131439209,6.473361509051756e-07,0.30819171667099,4.570688724517822,66,18,768,0.3660561433511859,622.2181396484375,1.0078107118606567,0.001502352301031351,0.25574788451194763,6.5833635330200195,1.7894101297643088,1.8557302951812744,6.409890174865723,2.9355730930546997e-06,0.3087754249572754,4.572359085083008,0,768,3,cols
followup4090_20260608_primary_spectral_manual_T9_f4_s5,manual_T9_f4_s5,manual,0,1.0,10092544,blocks.4.attn.q_proj,1.6853711405999334,1.442787766456604,6.212225437164307,4.4955390876566526e-06,0.26553359627723694,4.35650634765625,66,24,768,0.42380071636913613,578.8372802734375,1.0071461200714111,0.0012083316687494516,0.2838297188282013,6.563128471374512,1.6941568552933122,1.4440112113952637,6.236196994781494,5.272954695101362e-07,0.2666657269001007,4.35657262802124,0,768,4,cols
followup4090_20260608_primary_spectral_manual_T9_f4_s5,manual_T9_f4_s5,manual,0,1.0,10092544,blocks.5.attn.q_proj,1.1198588600611799,2.2377517223358154,3.7595958709716797,8.340691692865221e-07,0.1995939314365387,4.3187384605407715,66,30,768,0.42781988557989575,575.1085815429688,1.0071099996566772,0.0026838735211640596,0.2850458323955536,6.56208610534668,1.119776682395778,2.248248338699341,3.757906198501587,1.0076871603814652e-06,0.19995573163032532,4.320308685302734,0,768,5,cols
followup4090_20260608_primary_spectral_manual_T9_f4_s5,manual_T9_f4_s5,manual,0,1.0,10092544,blocks.5.mlp.fc2,6.5971354324157385,1.2840911149978638,13.467815399169922,0.0015234421007335186,0.5377036929130554,5.211646556854248,66,35,3072,0.7103045091909721,301.9822692871094,0.9219036102294922,0.08673526346683502,0.23577047884464264,6.534195423126221,6.616711060811294,1.2902535200119019,13.485658645629883,0.0015277162892743945,0.5397130846977234,5.208131313323975,0,768,6,rows
followup4090_20260608_primary_spectral_manual_T9_f4_s5,manual_T9_f4_s5,manual,0,1.0,10092544,blocks.6.mlp.fc2,6.585374528342128,1.2472642660140991,13.45993423461914,0.00127512461040169,0.5308976173400879,5.16530179977417,66,41,3072,0.7124516587952817,301.16448974609375,0.9199503064155579,0.08372704684734344,0.23666104674339294,6.532122611999512,6.603608334489211,1.2520208358764648,13.477279663085938,0.0012783268466591835,0.5325953960418701,5.162271499633789,0,768,7,rows
followup4090_20260608_primary_spectral_manual_T9_f4_s5,manual_T9_f4_s5,manual,0,1.0,10092544,blocks.7.mlp.fc2,7.021392427539299,1.228468418121338,13.90692138671875,0.0013025985099375248,0.5453545451164246,5.114411354064941,66,47,3072,0.7089715654339869,305.8522644042969,0.9193037748336792,0.08626381307840347,0.23780092597007751,6.53271484375,7.040960898081252,1.2321826219558716,13.92532730102539,0.0013057530159130692,0.5469011068344116,5.111934185028076,0,768,8,rows
followup4090_20260608_primary_spectral_manual_T9_f4_s5,manual_T9_f4_s5,manual,0,1.0,10092544,blocks.8.mlp.fc2,6.4847130825210835,1.245489239692688,13.35339069366455,0.0011601244332268834,0.5271759629249573,5.103822708129883,66,53,3072,0.7100840610651072,304.0920715332031,0.9197360277175903,0.0852271318435669,0.23709875345230103,6.532872676849365,6.509898265724783,1.2489433288574219,13.378422737121582,0.0011630309745669365,0.5289060473442078,5.101222991943359,0,768,9,rows
followup4090_20260608_primary_spectral_manual_T9_f4_s5,manual_T9_f4_s5,manual,0,1.0,10092544,blocks.9.mlp.fc2,6.159059925609808,1.2410041093826294,13.007336616516113,0.0010526886908337474,0.5129026770591736,5.080758094787598,66,59,3072,0.7123049227964232,299.4064025878906,0.923886775970459,0.08142675459384918,0.23851290345191956,6.5302815437316895,6.184813882872874,1.2438898086547852,13.033876419067383,0.0010525431716814637,0.5145577788352966,5.078381538391113,0,768,10,rows
followup4090_20260608_primary_spectral_manual_T9_f4_s5,manual_T9_f4_s5,manual,0,1.0,10092544,blocks.10.mlp.fc2,5.692890394016805,1.2619736194610596,12.492721557617188,0.001065468997694552,0.4964141249656677,5.0790252685546875,66,65,3072,0.7123687928747255,301.51739501953125,0.9204401969909668,0.08345319330692291,0.23800510168075562,6.530970573425293,5.724593628832087,1.2640795707702637,12.52724552154541,0.001067106844857335,0.49822184443473816,5.076688766479492,0,768,11,rows
followup4090_20260608_primary_spectral_manual_T9_f4_s5,manual_T9_f4_s5,manual,0,1.0,20054016,blocks.0.attn.q_proj,7.694135411694146,8.047346115112305,12.160981178283691,1.4814029327681055e-06,1.0408796072006226,6.0069379806518555,66,0,768,0.09294197601242908,747.1921997070312,1.0082728862762451,0.014695805497467518,0.07454980164766312,6.639403343200684,7.818379782720098,7.911614418029785,12.316362380981445,0.00022228664602153003,1.045968770980835,6.005904197692871,0,768,0,cols
followup4090_20260608_primary_spectral_manual_T9_f4_s5,manual_T9_f4_s5,manual,0,1.0,20054016,blocks.1.attn.q_proj,1.8894386561456238,4.782367706298828,6.13423490524292,1.3658785064762924e-05,0.45063239336013794,5.377243518829346,66,6,768,0.21815097104963826,706.5608520507812,1.0077329874038696,0.007008667569607496,0.16140151023864746,6.623106956481934,1.9135362585547824,4.736053466796875,6.194562911987305,2.159894211217761e-05,0.4529804587364197,5.375798225402832,0,768,1,cols
followup4090_20260608_primary_spectral_manual_T9_f4_s5,manual_T9_f4_s5,manual,0,1.0,20054016,blocks.2.attn.q_proj,1.8345620079421359,4.60503625869751,5.985992908477783,1.7951939298654906e-05,0.4312981367111206,5.376035213470459,66,12,768,0.2418265181919113,695.9765014648438,1.0077946186065674,0.006932960357517004,0.17986498773097992,6.61724853515625,1.8499164298264406,4.562570095062256,6.036542892456055,3.461409505689517e-05,0.43297433853149414,5.3754143714904785,0,768,2,cols
followup4090_20260608_primary_spectral_manual_T9_f4_s5,manual_T9_f4_s5,manual,0,1.0,20054016,blocks.3.attn.q_proj,1.5795190120575433,4.612253665924072,5.690487861633301,1.3328678505786229e-05,0.4035147428512573,5.508742809295654,66,18,768,0.21608138780119798,707.9182739257812,1.00821852684021,0.009110327810049057,0.16232000291347504,6.622651100158691,1.6038126295345956,4.544264793395996,5.765153884887695,2.3029970179777592e-05,0.40594199299812317,5.507530212402344,0,768,3,cols
followup4090_20260608_primary_spectral_manual_T9_f4_s5,manual_T9_f4_s5,manual,0,1.0,20054016,blocks.4.attn.q_proj,1.3170874594424367,5.151540279388428,4.6721577644348145,1.1561099881873815e-06,0.3522798418998718,5.469117164611816,66,24,768,0.18605766762575818,720.150390625,1.0075873136520386,0.0018051029182970524,0.1401350498199463,6.628256320953369,1.3199116456418547,5.155938625335693,4.6829986572265625,1.729069663269911e-05,0.353225439786911,5.469447135925293,0,768,4,cols
followup4090_20260608_primary_spectral_manual_T9_f4_s5,manual_T9_f4_s5,manual,0,1.0,20054016,blocks.5.attn.q_proj,1.0234009325939264,6.320194244384766,2.9630093574523926,2.3892298486316577e-05,0.24611282348632812,5.481085300445557,66,30,768,0.18105868117121376,721.8106079101562,1.0079998970031738,0.001758352853357792,0.1371520608663559,6.628940582275391,1.0251959020358725,6.277106285095215,2.986086368560791,1.0168457265535835e-05,0.24723070859909058,5.480472564697266,0,768,5,cols
followup4090_20260608_primary_spectral_manual_T9_f4_s5,manual_T9_f4_s5,manual,0,1.0,20054016,blocks.5.mlp.fc2,1.0143973851442685,3.5898916721343994,2.9235329627990723,0.0010797232389450073,0.17187295854091644,5.978977203369141,66,35,3072,0.7078958226280966,308.28802490234375,0.912712812423706,0.09020533412694931,0.22959263622760773,6.541060447692871,1.0232791802571626,3.37284779548645,3.0702080726623535,0.0010811120737344027,0.17573508620262146,5.972571849822998,0,768,6,rows
followup4090_20260608_primary_spectral_manual_T9_f4_s5,manual_T9_f4_s5,manual,0,1.0,20054016,blocks.6.mlp.fc2,1.0038489801756718,3.676971197128296,2.6412298679351807,0.000971739471424371,0.15740540623664856,5.980137348175049,66,41,3072,0.7109187080905092,305.40472412109375,0.9123480916023254,0.08981316536664963,0.22998321056365967,6.539481163024902,1.0092386374620739,3.4658353328704834,2.765535593032837,0.0009726430871523917,0.16065315902233124,5.97418212890625,0,768,7,rows
followup4090_20260608_primary_spectral_manual_T9_f4_s5,manual_T9_f4_s5,manual,0,1.0,20054016,blocks.7.mlp.fc2,1.0015757422271274,3.6341941356658936,2.552572727203369,0.0009511623647995293,0.15138956904411316,5.9823431968688965,66,47,3072,0.7093231261667117,307.7019958496094,0.9113678932189941,0.08863770216703415,0.22974611818790436,6.540302276611328,1.005739961211618,3.4440035820007324,2.6614296436309814,0.0009521548054181039,0.15421128273010254,5.9770002365112305,0,768,8,rows
followup4090_20260608_primary_spectral_manual_T9_f4_s5,manual_T9_f4_s5,manual,0,1.0,20054016,blocks.8.mlp.fc2,1.0039497407302351,3.49948787689209,2.589057445526123,0.0009863725863397121,0.15166687965393066,5.973694801330566,66,53,3072,0.708904254079914,306.4133605957031,0.9142245650291443,0.09085246920585632,0.2302236109972,6.540058612823486,1.0080739032647559,3.3279683589935303,2.692579984664917,0.000986852333880961,0.15431183576583862,5.968709945678711,0,768,9,rows
followup4090_20260608_primary_spectral_manual_T9_f4_s5,manual_T9_f4_s5,manual,0,1.0,20054016,blocks.9.mlp.fc2,1.000735313858431,3.709380626678467,2.478353500366211,0.0009116941946558654,0.14976902306079865,5.967139720916748,66,59,3072,0.7094830078390139,307.527587890625,0.9117241501808167,0.09048774093389511,0.23036833107471466,6.539651870727539,1.0035790465042258,3.551313877105713,2.5622150897979736,0.0009129340178333223,0.1518753618001938,5.9631500244140625,0,768,10,rows
followup4090_20260608_primary_spectral_manual_T9_f4_s5,manual_T9_f4_s5,manual,0,1.0,20054016,blocks.10.mlp.fc2,1.0095959107125778,3.460456132888794,2.7006070613861084,0.0009868585038930178,0.15943028032779694,5.941016674041748,66,65,3072,0.7087061054210426,305.17852783203125,0.9164514541625977,0.08628518879413605,0.2302701622247696,6.540074825286865,1.0130691903478468,3.3395330905914307,2.7783772945404053,0.0009881098521873355,0.1614564210176468,5.937257766723633,0,768,11,rows
followup4090_20260608_primary_spectral_manual_T9_f4_s5,manual_T9_f4_s5,manual,0,1.0,30015488,blocks.0.attn.q_proj,3.280194056613469,7.203129291534424,8.709074020385742,5.3554085752693936e-05,0.6575233936309814,6.152771949768066,66,0,768,0.08229847999110126,748.9142456054688,1.008448600769043,0.008212707936763763,0.06494028121232986,6.640494346618652,3.330596908664143,7.114068508148193,8.79356861114502,7.337120041484013e-05,0.66031414270401,6.152109146118164,0,768,0,cols
followup4090_20260608_primary_spectral_manual_T9_f4_s5,manual_T9_f4_s5,manual,0,1.0,30015488,blocks.1.attn.q_proj,2.0053293990639536,3.796241521835327,6.7398247718811035,1.9173245163983665e-05,0.4374484419822693,5.492842197418213,66,6,768,0.19383040838330234,717.1019287109375,1.007824182510376,0.023730643093585968,0.14518140256404877,6.627336025238037,2.042775710187279,3.759540557861328,6.819693088531494,2.0077004592167214e-05,0.4407441020011902,5.490250587463379,0,768,1,cols
followup4090_20260608_primary_spectral_manual_T9_f4_s5,manual_T9_f4_s5,manual,0,1.0,30015488,blocks.2.attn.q_proj,2.2136832300584754,3.911008596420288,7.260611534118652,2.8314914743532427e-05,0.47037938237190247,5.576879501342773,66,12,768,0.1947860678711775,715.4354248046875,1.0085731744766235,0.01801149733364582,0.14613071084022522,6.6269636154174805,2.2587079186838213,3.8493154048919678,7.3584113121032715,2.0913190382998437e-05,0.47318005561828613,5.575596809387207,0,768,2,cols
followup4090_20260608_primary_spectral_manual_T9_f4_s5,manual_T9_f4_s5,manual,0,1.0,30015488,blocks.3.attn.q_proj,4.3882895348824835,3.3790667057037354,10.713824272155762,3.7370769859990105e-05,0.6474010944366455,5.549683094024658,66,18,768,0.22749917947410078,702.9194946289062,1.0082836151123047,0.006146215833723545,0.1705850213766098,6.620253562927246,4.635182075580951,3.254023551940918,11.044306755065918,4.4929263822268695e-05,0.6558876037597656,5.545783042907715,0,768,3,cols
followup4090_20260608_primary_spectral_manual_T9_f4_s5,manual_T9_f4_s5,manual,0,1.0,30015488,blocks.4.attn.q_proj,2.963892635434322,3.5561304092407227,8.73255729675293,2.771779509203043e-05,0.5317242741584778,5.6768999099731445,66,24,768,0.17875237256251375,722.25634765625,1.0082255601882935,0.02085096575319767,0.13569027185440063,6.629359245300293,3.0928785338680402,3.4469776153564453,8.950100898742676,1.32128816403565e-05,0.5372551083564758,5.674464225769043,0,768,4,cols
followup4090_20260608_primary_spectral_manual_T9_f4_s5,manual_T9_f4_s5,manual,0,1.0,30015488,blocks.5.attn.q_proj,1.1018155629407576,4.625068187713623,3.9661548137664795,2.8637030482059345e-05,0.2681501507759094,5.816554069519043,66,30,768,0.12710983532823797,738.5938720703125,1.0084052085876465,0.0178237222135067,0.09780912101268768,6.6364264488220215,1.1051846407456927,4.60490608215332,3.9892690181732178,4.134579285164364e-05,0.26918894052505493,5.81618070602417,0,768,5,cols
followup4090_20260608_primary_spectral_manual_T9_f4_s5,manual_T9_f4_s5,manual,0,1.0,30015488,blocks.5.mlp.fc2,0.9843401813555808,5.556967735290527,2.3835339546203613,0.0012141859624534845,0.1593194156885147,6.153939247131348,66,35,3072,0.7085619847917698,307.95648193359375,0.9120506644248962,0.08809930086135864,0.22949421405792236,6.5408501625061035,0.9882893206044087,5.1416497230529785,2.5112130641937256,0.001218287623487413,0.1623569130897522,6.149761199951172,0,768,6,rows
followup4090_20260608_primary_spectral_manual_T9_f4_s5,manual_T9_f4_s5,manual,0,1.0,30015488,blocks.6.mlp.fc2,0.9852796496409553,5.236716270446777,2.241525888442993,0.0009240768267773092,0.14607691764831543,6.153395175933838,66,41,3072,0.7099674018164839,307.18902587890625,0.9103826284408569,0.09202972799539566,0.2283528447151184,6.5414719581604,0.988148572425391,4.862685680389404,2.357510805130005,0.0009295357740484178,0.14886008203029633,6.149271011352539,0,768,7,rows
followup4090_20260608_primary_spectral_manual_T9_f4_s5,manual_T9_f4_s5,manual,0,1.0,30015488,blocks.7.mlp.fc2,0.9914875734800911,4.449713230133057,2.409658670425415,0.0008764622616581619,0.14765164256095886,6.13244104385376,66,47,3072,0.7068725248649503,310.1396179199219,0.9108613729476929,0.08813599497079849,0.22829443216323853,6.542627334594727,0.9951149534443676,4.1703572273254395,2.523958921432495,0.0008803588571026921,0.1505083441734314,6.128093242645264,0,768,8,rows
followup4090_20260608_primary_spectral_manual_T9_f4_s5,manual_T9_f4_s5,manual,0,1.0,30015488,blocks.8.mlp.fc2,0.9937437427008134,4.2563676834106445,2.4443612098693848,0.0008343762601725757,0.1481078863143921,6.120702743530273,66,53,3072,0.7082126953010537,311.1865234375,0.9070731401443481,0.08848918229341507,0.2282046526670456,6.542084693908691,0.997385507197811,4.006381988525391,2.554041862487793,0.0008335722959600389,0.1508682519197464,6.116395950317383,0,768,9,rows
followup4090_20260608_primary_spectral_manual_T9_f4_s5,manual_T9_f4_s5,manual,0,1.0,30015488,blocks.9.mlp.fc2,1.000406465545792,3.817469596862793,2.6122500896453857,0.0008811410516500473,0.15186934173107147,6.110000133514404,66,59,3072,0.7079387697497137,309.6397705078125,0.9095636606216431,0.08533727377653122,0.22770076990127563,6.542723178863525,1.0048275413538004,3.620534658432007,2.7192466259002686,0.0008873661863617599,0.15465602278709412,6.105684280395508,0,768,10,rows
followup4090_20260608_primary_spectral_manual_T9_f4_s5,manual_T9_f4_s5,manual,0,1.0,30015488,blocks.10.mlp.fc2,1.011602656265447,3.5711002349853516,2.859300374984741,0.0008931984775699675,0.1634931117296219,6.086731433868408,66,65,3072,0.7072783889293351,311.08233642578125,0.9084840416908264,0.09372502565383911,0.22776608169078827,6.542922019958496,1.016898297897796,3.4258036613464355,2.9553186893463135,0.0008970793569460511,0.1661076694726944,6.08276891708374,0,768,11,rows
followup4090_20260608_primary_spectral_manual_T9_f4_s5,manual_T9_f4_s5,manual,0,1.0,40108032,blocks.0.attn.q_proj,4.911249476960522,3.2696735858917236,11.408980369567871,0.00022292752692010254,0.6324551105499268,6.02532958984375,66,0,768,0.09825829971215957,746.007080078125,1.0082223415374756,6.165104423416778e-05,0.07772226631641388,6.638936519622803,4.945478883493489,3.3010547161102295,11.440559387207031,0.00021506845951080322,0.6376734375953674,6.022039413452148,0,768,0,cols
followup4090_20260608_primary_spectral_manual_T9_f4_s5,manual_T9_f4_s5,manual,0,1.0,40108032,blocks.1.attn.q_proj,4.400864782454449,2.324873924255371,10.791985511779785,1.2858362424594816e-05,0.5625739693641663,5.320413112640381,66,6,768,0.22923855510597288,700.6500854492188,1.0082743167877197,0.000673669739626348,0.16966882348060608,6.620569229125977,4.503451966196723,2.318605899810791,10.92068099975586,5.980689365969738e-06,0.5687867403030396,5.315314292907715,0,768,1,cols
followup4090_20260608_primary_spectral_manual_T9_f4_s5,manual_T9_f4_s5,manual,0,1.0,40108032,blocks.2.attn.q_proj,4.433153309452796,2.5448107719421387,10.833338737487793,3.7028159567853436e-05,0.5765448808670044,5.540069580078125,66,12,768,0.21631374274122905,706.56689453125,1.0084031820297241,0.002311794552952051,0.16055560111999512,6.623225212097168,4.538816443129864,2.535163640975952,10.960902214050293,5.093740037409589e-05,0.5826958417892456,5.536016941070557,0,768,2,cols
followup4090_20260608_primary_spectral_manual_T9_f4_s5,manual_T9_f4_s5,manual,0,1.0,40108032,blocks.3.attn.q_proj,9.857319158678308,2.5621414184570312,16.10045623779297,1.631998566153925e-05,0.8689499497413635,5.441988945007324,66,18,768,0.26152136958654004,687.1325073242188,1.008245587348938,3.460034713498317e-05,0.19335508346557617,6.6128315925598145,10.038212434929608,2.563774824142456,16.23295783996582,1.5562338376184925e-05,0.8768453598022461,5.438627243041992,0,768,3,cols
followup4090_20260608_primary_spectral_manual_T9_f4_s5,manual_T9_f4_s5,manual,0,1.0,40108032,blocks.4.attn.q_proj,9.602561238078552,2.331723690032959,16.100709915161133,8.463652193313465e-05,0.8203626275062561,5.589076519012451,66,24,768,0.19608943386291428,716.2698974609375,1.007958173751831,0.005456255283206701,0.1478574126958847,6.626506805419922,9.750995300053285,2.3339178562164307,16.216794967651367,7.041637582005933e-05,0.8270858526229858,5.5860772132873535,0,768,4,cols
followup4090_20260608_primary_spectral_manual_T9_f4_s5,manual_T9_f4_s5,manual,0,1.0,40108032,blocks.5.attn.q_proj,1.7704916473899066,2.9888598918914795,6.458123683929443,4.333842440473745e-08,0.35616743564605713,5.832144737243652,66,30,768,0.13748110062654287,736.2168579101562,1.0082095861434937,0.0009540913160890341,0.10737017542123795,6.6346235275268555,1.7917031206357765,2.9875340461730957,6.506227493286133,8.216341484512668e-06,0.35902509093284607,5.829737663269043,0,768,5,cols
followup4090_20260608_primary_spectral_manual_T9_f4_s5,manual_T9_f4_s5,manual,0,1.0,40108032,blocks.5.mlp.fc2,0.9828357932397043,6.9535956382751465,2.5561811923980713,0.0010302177397534251,0.19176505506038666,6.147980690002441,66,35,3072,0.7077300907869845,308.1266784667969,0.9130247831344604,0.09043567627668381,0.22918584942817688,6.5415215492248535,0.9858259177567806,6.6972198486328125,2.632888078689575,0.0010334240505471826,0.19448257982730865,6.1442718505859375,0,768,6,rows
followup4090_20260608_primary_spectral_manual_T9_f4_s5,manual_T9_f4_s5,manual,0,1.0,40108032,blocks.6.mlp.fc2,0.9902384592008778,5.824010372161865,2.6589808464050293,0.0010193486232310534,0.18553799390792847,6.128030300140381,66,41,3072,0.7105157346977716,306.0133972167969,0.9112022519111633,0.0925859808921814,0.22859154641628265,6.5408244132995605,0.9928360718035594,5.685401439666748,2.719388961791992,0.0010201524710282683,0.18801870942115784,6.124361991882324,0,768,7,rows
followup4090_20260608_primary_spectral_manual_T9_f4_s5,manual_T9_f4_s5,manual,0,1.0,40108032,blocks.7.mlp.fc2,1.0036726492051862,5.098560333251953,2.883354425430298,0.000993402791209519,0.19265861809253693,6.093170642852783,66,47,3072,0.7068390068389446,309.5799255371094,0.911643385887146,0.08995687961578369,0.22801561653614044,6.542933464050293,1.0080111343947,4.950423240661621,2.9595673084259033,0.0009955388959497213,0.1954299360513687,6.089037895202637,0,768,8,rows
followup4090_20260608_primary_spectral_manual_T9_f4_s5,manual_T9_f4_s5,manual,0,1.0,40108032,blocks.8.mlp.fc2,1.0120891838338948,4.731271266937256,2.9891982078552246,0.001075501786544919,0.19478678703308105,6.075748443603516,66,53,3072,0.7075373105183153,309.56317138671875,0.910190224647522,0.0963696762919426,0.22742952406406403,6.5432233810424805,1.0174769140058653,4.579658508300781,3.0740394592285156,0.0010816770372912288,0.19766385853290558,6.071357727050781,0,768,9,rows
followup4090_20260608_primary_spectral_manual_T9_f4_s5,manual_T9_f4_s5,manual,0,1.0,40108032,blocks.9.mlp.fc2,1.029033062171125,4.278994560241699,3.196882724761963,0.0009892445523291826,0.20074975490570068,6.05972957611084,66,59,3072,0.7088193922194109,309.6699523925781,0.9075798988342285,0.09230736643075943,0.22705645859241486,6.542912483215332,1.0361955270835106,4.142333507537842,3.2881789207458496,0.0009967844234779477,0.20374149084091187,6.055199146270752,0,768,10,rows
followup4090_20260608_primary_spectral_manual_T9_f4_s5,manual_T9_f4_s5,manual,0,1.0,40108032,blocks.10.mlp.fc2,1.101530005877313,3.54178524017334,3.8539209365844727,0.0011015203781425953,0.22562271356582642,6.022637844085693,66,65,3072,0.7087059677700118,309.819091796875,0.9074379205703735,0.09308850765228271,0.2265474796295166,6.543547630310059,1.1172839598785844,3.4285714626312256,3.9706063270568848,0.0011062348494306207,0.22937536239624023,6.017298698425293,0,768,11,rows
followup4090_20260608_primary_spectral_manual_T9_f4_s5,manual_T9_f4_s5,manual,0,1.0,50069504,blocks.0.attn.q_proj,1.6076978298796056,4.710324287414551,5.984622955322266,0.0002001043758355081,0.379285991191864,6.103513717651367,66,0,768,0.08204441060095768,747.6738891601562,1.0089794397354126,0.023723093792796135,0.06459208577871323,6.640575885772705,1.6273630690962282,4.667492866516113,6.039238452911377,0.0001732164091663435,0.38129159808158875,6.10279655456543,0,768,0,cols
followup4090_20260608_primary_spectral_manual_T9_f4_s5,manual_T9_f4_s5,manual,0,1.0,50069504,blocks.1.attn.q_proj,1.8598253769313438,2.6096575260162354,6.647242069244385,9.642631994211115e-06,0.3605446517467499,5.479363441467285,66,6,768,0.19165087637399134,717.4642944335938,1.008076786994934,0.0017842930974438787,0.14388950169086456,6.627510070800781,1.8854328734976118,2.586635112762451,6.709882736206055,1.3348168977245223e-05,0.36245977878570557,5.478189468383789,0,768,1,cols
followup4090_20260608_primary_spectral_manual_T9_f4_s5,manual_T9_f4_s5,manual,0,1.0,50069504,blocks.2.attn.q_proj,3.79508324345223,2.085737466812134,10.101473808288574,1.7434922483516857e-05,0.4868708848953247,5.593322277069092,66,12,768,0.20190682452122335,713.53466796875,1.0082193613052368,0.010272525250911713,0.15139825642108917,6.6256914138793945,3.8925825697931833,2.0627777576446533,10.23922348022461,2.3017844341666205e-06,0.4911558926105499,5.591099739074707,0,768,2,cols
followup4090_20260608_primary_spectral_manual_T9_f4_s5,manual_T9_f4_s5,manual,0,1.0,50069504,blocks.3.attn.q_proj,6.719018812960996,2.199936866760254,13.513216972351074,3.081359318457544e-05,0.6704897880554199,5.545726776123047,66,18,768,0.24189935279359612,697.4761962890625,1.007393479347229,0.0033432217314839363,0.17935283482074738,6.617663383483887,6.928778611584354,2.170121908187866,13.730574607849121,4.209451435599476e-05,0.6772171854972839,5.542867183685303,0,768,3,cols
followup4090_20260608_primary_spectral_manual_T9_f4_s5,manual_T9_f4_s5,manual,0,1.0,50069504,blocks.4.attn.q_proj,3.9995726594073964,2.670959234237671,10.366073608398438,3.53825707861688e-05,0.544987142086029,5.777091979980469,66,24,768,0.15800643510289109,729.2874755859375,1.0084900856018066,0.02055012434720993,0.11974717676639557,6.632747650146484,4.041165294881205,2.6641719341278076,10.422257423400879,2.333172960788943e-05,0.547402560710907,5.776330947875977,0,768,4,cols
followup4090_20260608_primary_spectral_manual_T9_f4_s5,manual_T9_f4_s5,manual,0,1.0,50069504,blocks.5.attn.q_proj,1.8636018329620028,2.393507480621338,6.7301249504089355,3.164088775520213e-05,0.33172401785850525,5.89307975769043,66,30,768,0.1272251610825003,738.0928955078125,1.0087103843688965,0.0031494966242462397,0.09896882623434067,6.636096000671387,1.8897117557907788,2.3770782947540283,6.792240142822266,1.9082146536675282e-05,0.33387431502342224,5.891834259033203,0,768,5,cols
followup4090_20260608_primary_spectral_manual_T9_f4_s5,manual_T9_f4_s5,manual,0,1.0,50069504,blocks.5.mlp.fc2,0.9703601361885394,9.51783275604248,1.7926524877548218,0.0008876622887328267,0.1454540342092514,6.2436137199401855,66,35,3072,0.7074699303387268,308.5872802734375,0.9127250909805298,0.0897328332066536,0.22923758625984192,6.541529655456543,0.9712334631536029,8.783740043640137,1.882149577140808,0.0008900663815438747,0.14734171330928802,6.241245269775391,0,768,6,rows
followup4090_20260608_primary_spectral_manual_T9_f4_s5,manual_T9_f4_s5,manual,0,1.0,50069504,blocks.6.mlp.fc2,0.9734935554287037,9.408509254455566,1.6753615140914917,0.0007778754225000739,0.13641205430030823,6.234996795654297,66,41,3072,0.7108434818021638,308.7135925292969,0.9063854217529297,0.09283670783042908,0.22797933220863342,6.541317939758301,0.9740129815935185,8.747106552124023,1.7518889904022217,0.000781099428422749,0.13807091116905212,6.232713222503662,0,768,7,rows
followup4090_20260608_primary_spectral_manual_T9_f4_s5,manual_T9_f4_s5,manual,0,1.0,50069504,blocks.7.mlp.fc2,0.9760640507783128,7.725075721740723,1.8529125452041626,0.0008390350267291069,0.13994324207305908,6.209738254547119,66,47,3072,0.7072174783481955,309.6124267578125,0.9108228087425232,0.09084892272949219,0.22759349644184113,6.5432281494140625,0.9768585037027141,7.269460201263428,1.9260131120681763,0.0008423338877037168,0.14161643385887146,6.207447052001953,0,768,8,rows
followup4090_20260608_primary_spectral_manual_T9_f4_s5,manual_T9_f4_s5,manual,0,1.0,50069504,blocks.8.mlp.fc2,0.9798546160396314,6.379231929779053,2.0781145095825195,0.0008335129241459072,0.14599287509918213,6.187777519226074,66,53,3072,0.7063238478560855,310.5627746582031,0.9103469252586365,0.09164608269929886,0.22676391899585724,6.544314384460449,0.9811026291105981,6.062594890594482,2.149566173553467,0.0008355436730198562,0.1477011740207672,6.185495376586914,0,768,9,rows
followup4090_20260608_primary_spectral_manual_T9_f4_s5,manual_T9_f4_s5,manual,0,1.0,50069504,blocks.9.mlp.fc2,0.988395449549174,5.003485202789307,2.4081852436065674,0.0008354882593266666,0.1535174399614334,6.168909072875977,66,59,3072,0.709924661171413,310.4600524902344,0.9043313264846802,0.09173863381147385,0.2261161208152771,6.543506622314453,0.9904606967901434,4.808086395263672,2.477130651473999,0.0008391821174882352,0.15525399148464203,6.166681289672852,0,768,10,rows
followup4090_20260608_primary_spectral_manual_T9_f4_s5,manual_T9_f4_s5,manual,0,1.0,50069504,blocks.10.mlp.fc2,1.019507335536036,3.6988539695739746,3.0842809677124023,0.0009417969267815351,0.17505380511283875,6.136819362640381,66,65,3072,0.708032510101705,310.1583251953125,0.9079660773277283,0.09246032685041428,0.22678321599960327,6.543421745300293,1.0243057816450485,3.5955276489257812,3.1552894115448,0.0009454183746129274,0.17701596021652222,6.134457111358643,0,768,11,rows
followup4090_20260608_primary_spectral_manual_T9_f4_s5,manual_T9_f4_s5,manual,0,1.0,60030976,blocks.0.attn.q_proj,1.5416700716690577,4.3295416831970215,5.725708961486816,0.00012361073459032923,0.35706254839897156,6.059036731719971,66,0,768,0.09641639987189178,745.2032470703125,1.0087089538574219,0.010508956387639046,0.07442698627710342,6.639554023742676,1.5878162032425274,4.24216365814209,5.851902961730957,8.517404785379767e-05,0.3622581660747528,6.055008888244629,0,768,0,cols
followup4090_20260608_primary_spectral_manual_T9_f4_s5,manual_T9_f4_s5,manual,0,1.0,60030976,blocks.1.attn.q_proj,1.9357627705019491,2.485793352127075,6.810696125030518,5.309189532454184e-07,0.3626755177974701,5.443645000457764,66,6,768,0.20778259642298066,711.098388671875,1.0080833435058594,0.005180430132895708,0.1556895524263382,6.624549865722656,1.9681110380476732,2.4694502353668213,6.884992599487305,3.926085696548398e-07,0.3655959963798523,5.440785884857178,0,768,1,cols
followup4090_20260608_primary_spectral_manual_T9_f4_s5,manual_T9_f4_s5,manual,0,1.0,60030976,blocks.2.attn.q_proj,3.8792794235702193,1.9436672925949097,10.226597785949707,4.5289947593118995e-05,0.47731465101242065,5.603940486907959,66,12,768,0.19950625936916652,713.8602294921875,1.0085879564285278,0.023385070264339447,0.1502554714679718,6.625855445861816,3.9727051053049642,1.927626609802246,10.356144905090332,4.311849261284806e-05,0.4817250967025757,5.601198673248291,0,768,2,cols
followup4090_20260608_primary_spectral_manual_T9_f4_s5,manual_T9_f4_s5,manual,0,1.0,60030976,blocks.3.attn.q_proj,7.341123286500397,1.8800472021102905,14.185688018798828,2.648057670739945e-05,0.6555026173591614,5.551919460296631,66,18,768,0.27720061349083175,680.0816040039062,1.0079795122146606,0.0003639675269369036,0.20472519099712372,6.6085205078125,7.964087253076265,1.8142106533050537,14.790709495544434,1.5276269550668076e-05,0.6731239557266235,5.542881965637207,0,768,3,cols
followup4090_20260608_primary_spectral_manual_T9_f4_s5,manual_T9_f4_s5,manual,0,1.0,60030976,blocks.4.attn.q_proj,6.174376080507544,1.9954746961593628,13.003082275390625,1.2820933079638053e-05,0.6053742170333862,5.744753837585449,66,24,768,0.1654576918779456,726.9122924804688,1.0081292390823364,0.006082986481487751,0.12525582313537598,6.631514549255371,6.3555738408390265,1.979080080986023,13.194615364074707,2.0061672330484726e-05,0.612520158290863,5.740828990936279,0,768,4,cols
followup4090_20260608_primary_spectral_manual_T9_f4_s5,manual_T9_f4_s5,manual,0,1.0,60030976,blocks.5.attn.q_proj,2.394382693658375,2.0172321796417236,7.8628458976745605,0.00011641642777249217,0.3610195517539978,5.8833489418029785,66,30,768,0.1292352016569197,738.1211547851562,1.0087177753448486,0.005697999615222216,0.10197613388299942,6.635542392730713,2.4213210003906505,2.012281656265259,7.914142608642578,0.00011424878903198987,0.36311277747154236,5.881926536560059,0,768,5,cols
followup4090_20260608_primary_spectral_manual_T9_f4_s5,manual_T9_f4_s5,manual,0,1.0,60030976,blocks.5.mlp.fc2,0.9674818531340076,10.644556999206543,1.753208875656128,0.0007843796629458666,0.14884249866008759,6.254238128662109,66,35,3072,0.7076951274251551,309.6114807128906,0.9107906818389893,0.08898436278104782,0.2290130853652954,6.541717052459717,0.9680553761539362,9.952342987060547,1.8289079666137695,0.0007841268088668585,0.15074217319488525,6.2517924308776855,0,768,6,rows
followup4090_20260608_primary_spectral_manual_T9_f4_s5,manual_T9_f4_s5,manual,0,1.0,60030976,blocks.6.mlp.fc2,0.9704762448330395,10.907341957092285,1.6182273626327515,0.0007230272749438882,0.14023524522781372,6.244410037994385,66,41,3072,0.7103621161473719,307.4825134277344,0.9091498851776123,0.08918915688991547,0.22819238901138306,6.541372299194336,0.9707189924258979,10.302316665649414,1.6784015893936157,0.0007236218079924583,0.14184018969535828,6.24217414855957,0,768,7,rows
followup4090_20260608_primary_spectral_manual_T9_f4_s5,manual_T9_f4_s5,manual,0,1.0,60030976,blocks.7.mlp.fc2,0.97345535726765,8.47079086303711,1.8550429344177246,0.0007587975705973804,0.14570000767707825,6.216782569885254,66,47,3072,0.7082332053046465,307.6303405761719,0.9123662114143372,0.09269856661558151,0.22822938859462738,6.542149543762207,0.9740367263963357,8.07758617401123,1.9156625270843506,0.0007582628168165684,0.14741605520248413,6.214377403259277,0,768,8,rows
followup4090_20260608_primary_spectral_manual_T9_f4_s5,manual_T9_f4_s5,manual,0,1.0,60030976,blocks.8.mlp.fc2,0.9766688205822386,7.180649757385254,2.0589849948883057,0.0007274554227478802,0.15222570300102234,6.195159435272217,66,53,3072,0.7070627585895491,311.3626403808594,0.9079799652099609,0.08891487121582031,0.2272193282842636,6.543354511260986,0.9775400139563243,6.91757869720459,2.1147029399871826,0.0007297645206563175,0.15389595925807953,6.192878723144531,0,768,9,rows
followup4090_20260608_primary_spectral_manual_T9_f4_s5,manual_T9_f4_s5,manual,0,1.0,60030976,blocks.9.mlp.fc2,0.9844092133475391,5.762611389160156,2.359907388687134,0.0007595071219839156,0.1598856896162033,6.178169250488281,66,59,3072,0.7101624533271615,308.0682067871094,0.9076501131057739,0.09114223718643188,0.22643958032131195,6.543081283569336,0.9857686549279578,5.6079230308532715,2.4105100631713867,0.0007593501941300929,0.1614919751882553,6.176065444946289,0,768,10,rows
followup4090_20260608_primary_spectral_manual_T9_f4_s5,manual_T9_f4_s5,manual,0,1.0,60030976,blocks.10.mlp.fc2,1.0198301272033186,4.100180149078369,3.1159188747406006,0.000903627835214138,0.1852671205997467,6.140175819396973,66,65,3072,0.7085589564690917,310.7501220703125,0.9063233733177185,0.09043071419000626,0.22689096629619598,6.543088436126709,1.0233575725192168,4.033215045928955,3.165876626968384,0.0009057539864443243,0.1870642900466919,6.137959957122803,0,768,11,rows
followup4090_20260608_primary_spectral_manual_T9_f4_s5,manual_T9_f4_s5,manual,0,1.0,70123520,blocks.0.attn.q_proj,1.510647796503262,3.9648871421813965,5.675872325897217,0.00018114551494363695,0.34229251742362976,6.035048484802246,66,0,768,0.09990723861678026,745.433349609375,1.0085911750793457,0.0011617782292887568,0.07981032878160477,6.638734340667725,1.5300936199767512,3.923966646194458,5.73443603515625,0.0001427855750080198,0.3443792164325714,6.033797264099121,0,768,0,cols
followup4090_20260608_primary_spectral_manual_T9_f4_s5,manual_T9_f4_s5,manual,0,1.0,70123520,blocks.1.attn.q_proj,2.5823000267105667,2.044865608215332,8.15339469909668,1.467947913624812e-05,0.3976452350616455,5.396848201751709,66,6,768,0.2167257666892433,707.6914672851562,1.0077064037322998,0.001818401855416596,0.16248977184295654,6.622504234313965,2.613199654807898,2.0379717350006104,8.209153175354004,3.0088773200986907e-05,0.3997972905635834,5.395134925842285,0,768,1,cols
followup4090_20260608_primary_spectral_manual_T9_f4_s5,manual_T9_f4_s5,manual,0,1.0,70123520,blocks.2.attn.q_proj,4.404980272974028,1.9038522243499756,10.927783012390137,1.7270465377805522e-06,0.5071971416473389,5.578670024871826,66,12,768,0.1935962811862494,716.0863647460938,1.0089069604873657,0.012360681779682636,0.14542600512504578,6.627201080322266,4.460057203427366,1.8961032629013062,10.999210357666016,8.44948590383865e-06,0.5096205472946167,5.577765464782715,0,768,2,cols
followup4090_20260608_primary_spectral_manual_T9_f4_s5,manual_T9_f4_s5,manual,0,1.0,70123520,blocks.3.attn.q_proj,7.829623669521933,1.8502016067504883,14.648002624511719,2.555510218371637e-05,0.6733193397521973,5.540196895599365,66,18,768,0.23681442047668091,698.9146118164062,1.0085606575012207,0.004164943005889654,0.17696627974510193,6.6183295249938965,7.9193622307450235,1.8443583250045776,14.73267936706543,3.350219049025327e-05,0.6763125658035278,5.539432048797607,0,768,3,cols
followup4090_20260608_primary_spectral_manual_T9_f4_s5,manual_T9_f4_s5,manual,0,1.0,70123520,blocks.4.attn.q_proj,6.096147347877841,2.0433743000030518,12.917078018188477,1.101554971683072e-05,0.6071935296058655,5.753252983093262,66,24,768,0.14925953800020478,731.4229736328125,1.0087958574295044,0.014704247936606407,0.11424656212329865,6.6336989402771,6.1355408704832035,2.0407040119171143,12.959598541259766,3.8971396861597896e-05,0.608851969242096,5.753182411193848,0,768,4,cols
followup4090_20260608_primary_spectral_manual_T9_f4_s5,manual_T9_f4_s5,manual,0,1.0,70123520,blocks.5.attn.q_proj,2.3595963510546945,2.061436176300049,7.79352331161499,1.1695148714352399e-05,0.36044496297836304,5.897887229919434,66,30,768,0.12453498676477899,739.296875,1.0085854530334473,0.00943237729370594,0.09624254703521729,6.636634826660156,2.3738688358367215,2.058669090270996,7.821194648742676,3.3980191801674664e-05,0.361527681350708,5.897744178771973,0,768,5,cols
followup4090_20260608_primary_spectral_manual_T9_f4_s5,manual_T9_f4_s5,manual,0,1.0,70123520,blocks.5.mlp.fc2,0.9615453771276569,16.332542419433594,1.4753260612487793,0.0008134081144817173,0.15274164080619812,6.261931419372559,66,35,3072,0.7091656533874489,308.14752197265625,0.9105978608131409,0.09154738485813141,0.2292562574148178,6.540709495544434,0.9615332638369444,15.795806884765625,1.5056244134902954,0.0008169048232957721,0.15345047414302826,6.261377334594727,0,768,6,rows
followup4090_20260608_primary_spectral_manual_T9_f4_s5,manual_T9_f4_s5,manual,0,1.0,70123520,blocks.6.mlp.fc2,0.9654222495853021,15.201803207397461,1.4451541900634766,0.0007174561615101993,0.1457885354757309,6.252882957458496,66,41,3072,0.708859655145927,309.30621337890625,0.9089886546134949,0.08895556628704071,0.22855858504772186,6.541530132293701,0.9653822619608476,14.783356666564941,1.4707788228988647,0.0007218671380542219,0.1464514285326004,6.252341270446777,0,768,7,rows
followup4090_20260608_primary_spectral_manual_T9_f4_s5,manual_T9_f4_s5,manual,0,1.0,70123520,blocks.7.mlp.fc2,0.96819048064069,10.629369735717773,1.7557989358901978,0.0007121863891370595,0.15294300019741058,6.222052574157715,66,47,3072,0.7081621773727412,310.2380676269531,0.9081432819366455,0.09038644284009933,0.2274709790945053,6.542815685272217,0.9682926177055615,10.41854190826416,1.7798842191696167,0.0007118176436051726,0.1536267250776291,6.221502304077148,0,768,8,rows
followup4090_20260608_primary_spectral_manual_T9_f4_s5,manual_T9_f4_s5,manual,0,1.0,70123520,blocks.8.mlp.fc2,0.971292102492734,8.643143653869629,2.0077202320098877,0.0007879230543039739,0.16175757348537445,6.195932865142822,66,53,3072,0.706317240606606,312.2228698730469,0.9080752730369568,0.09047264605760574,0.22739285230636597,6.5435638427734375,0.9715090405173128,8.524188995361328,2.028447389602661,0.0007891621207818389,0.16240420937538147,6.195496082305908,0,768,9,rows
followup4090_20260608_primary_spectral_manual_T9_f4_s5,manual_T9_f4_s5,manual,0,1.0,70123520,blocks.9.mlp.fc2,0.9821834650046288,6.268640041351318,2.441347599029541,0.0007880293997004628,0.17198213934898376,6.175297737121582,66,59,3072,0.7101590808769064,306.7332458496094,0.9095715880393982,0.09313533455133438,0.2265806496143341,6.542870044708252,0.9826236730012043,6.220890522003174,2.458587169647217,0.0007897192263044417,0.17262518405914307,6.174858093261719,0,768,10,rows
followup4090_20260608_primary_spectral_manual_T9_f4_s5,manual_T9_f4_s5,manual,0,1.0,70123520,blocks.10.mlp.fc2,1.015573337900599,4.709601402282715,3.1054751873016357,0.0008900607354007661,0.1966676563024521,6.13925313949585,66,65,3072,0.7086111950352895,307.7152099609375,0.9106411933898926,0.09404482692480087,0.22653928399085999,6.543553829193115,1.0163573293466575,4.699086666107178,3.1175014972686768,0.0008927149465307593,0.19726024568080902,6.138957500457764,0,768,11,rows
followup4090_20260608_primary_spectral_manual_T9_f4_s5,manual_T9_f4_s5,manual,0,1.0,80084992,blocks.0.attn.q_proj,1.6112428945274493,3.4292099475860596,6.005669593811035,8.152070950018242e-05,0.3417864143848419,6.00855827331543,66,0,768,0.09624867209083263,745.2041015625,1.0089619159698486,0.07144058495759964,0.07258002460002899,6.639917373657227,1.6183544973839454,3.427309513092041,6.0245680809021,7.327405910473317e-05,0.3428401052951813,6.008152008056641,0,768,0,cols
followup4090_20260608_primary_spectral_manual_T9_f4_s5,manual_T9_f4_s5,manual,0,1.0,80084992,blocks.1.attn.q_proj,2.505704110608499,2.05351185798645,8.017302513122559,1.2970411262358539e-05,0.39113593101501465,5.416662216186523,66,6,768,0.21213622322588516,709.7122192382812,1.0075786113739014,0.011433647945523262,0.1592067927122116,6.623554229736328,2.534681855013464,2.0451669692993164,8.071371078491211,3.953417490265565e-06,0.3930599093437195,5.415462493896484,0,768,1,cols
followup4090_20260608_primary_spectral_manual_T9_f4_s5,manual_T9_f4_s5,manual,0,1.0,80084992,blocks.2.attn.q_proj,5.334514283453903,1.651321291923523,12.08882999420166,4.167805673205294e-05,0.5259382724761963,5.588867664337158,66,12,768,0.2061183438411808,711.1828002929688,1.0083929300308228,0.007396201603114605,0.15421059727668762,6.624899864196777,5.496437045241149,1.6349098682403564,12.276172637939453,2.4492039301549084e-05,0.5319233536720276,5.5853376388549805,0,768,2,cols
followup4090_20260608_primary_spectral_manual_T9_f4_s5,manual_T9_f4_s5,manual,0,1.0,80084992,blocks.3.attn.q_proj,8.364613210485752,1.7111204862594604,15.170625686645508,2.1513746105483733e-05,0.6726450324058533,5.555428981781006,66,18,768,0.24227441743983405,697.0056762695312,1.0080941915512085,0.004078890196979046,0.18081530928611755,6.6171064376831055,8.593221840061915,1.6943296194076538,15.380434036254883,1.7030095477821305e-05,0.6791142821311951,5.552720069885254,0,768,3,cols
followup4090_20260608_primary_spectral_manual_T9_f4_s5,manual_T9_f4_s5,manual,0,1.0,80084992,blocks.4.attn.q_proj,7.341274702634304,1.8094905614852905,14.215751647949219,1.3394282177614514e-05,0.6341274976730347,5.752474308013916,66,24,768,0.1518099362993136,731.2060546875,1.0086071491241455,0.0057233842089772224,0.11600180715322495,6.633288383483887,7.432115573312234,1.8036770820617676,14.304472923278809,2.1513165847864002e-05,0.6373112201690674,5.751453876495361,0,768,4,cols
followup4090_20260608_primary_spectral_manual_T9_f4_s5,manual_T9_f4_s5,manual,0,1.0,80084992,blocks.5.attn.q_proj,2.810509192995279,1.8617701530456543,8.61549186706543,5.7013879995793104e-05,0.38233235478401184,5.889725685119629,66,30,768,0.12916145511715568,738.1265258789062,1.008534550666809,0.014717617072165012,0.0999593734741211,6.63606071472168,2.8532627772630583,1.8529586791992188,8.688108444213867,9.1046211309731e-05,0.3849133551120758,5.888138294219971,0,768,5,cols
followup4090_20260608_primary_spectral_manual_T9_f4_s5,manual_T9_f4_s5,manual,0,1.0,80084992,blocks.5.mlp.fc2,0.9592388964551684,13.140995979309082,1.7729920148849487,0.0007526703411713243,0.16603010892868042,6.258126735687256,66,35,3072,0.7105264026526605,305.4549865722656,0.9123541712760925,0.08776827901601791,0.22908680140972137,6.54037618637085,0.9595831616832594,12.554533958435059,1.8234660625457764,0.0007545307162217796,0.1672426462173462,6.256880760192871,0,768,6,rows
followup4090_20260608_primary_spectral_manual_T9_f4_s5,manual_T9_f4_s5,manual,0,1.0,80084992,blocks.6.mlp.fc2,0.9637321702288438,11.36890697479248,1.82677161693573,0.0007699743146076798,0.16163739562034607,6.243837356567383,66,41,3072,0.709630363267511,308.95184326171875,0.907994270324707,0.09007584303617477,0.2278847098350525,6.54196310043335,0.964152625302496,10.898809432983398,1.876537799835205,0.0007730992510914803,0.1629391610622406,6.242387771606445,0,768,7,rows
followup4090_20260608_primary_spectral_manual_T9_f4_s5,manual_T9_f4_s5,manual,0,1.0,80084992,blocks.7.mlp.fc2,0.9684307505149935,9.033734321594238,2.0647354125976562,0.0007582392427138984,0.16729652881622314,6.2154951095581055,66,47,3072,0.708111521793398,309.8052673339844,0.9088404774665833,0.09535034000873566,0.22724582254886627,6.543182373046875,0.9692393814955697,8.715312957763672,2.1149251461029053,0.0007584118866361678,0.16869740188121796,6.213943004608154,0,768,8,rows
followup4090_20260608_primary_spectral_manual_T9_f4_s5,manual_T9_f4_s5,manual,0,1.0,80084992,blocks.8.mlp.fc2,0.9758954970910688,7.368442058563232,2.3649544715881348,0.0007769258809275925,0.1777799278497696,6.187868118286133,66,53,3072,0.7068721807373732,310.8421936035156,0.9092721343040466,0.09133873134851456,0.22730779647827148,6.5435099601745605,0.9772380764202115,7.165775775909424,2.412588596343994,0.0007798185688443482,0.17921029031276703,6.186309814453125,0,768,9,rows
followup4090_20260608_primary_spectral_manual_T9_f4_s5,manual_T9_f4_s5,manual,0,1.0,80084992,blocks.9.mlp.fc2,0.9963712255771837,5.581775665283203,2.827103614807129,0.0008032951154746115,0.1902388483285904,6.1641459465026855,66,59,3072,0.7106556569706043,307.7892150878906,0.9072529077529907,0.09130586683750153,0.22648900747299194,6.542851448059082,0.9994732603823202,5.440407752990723,2.883823871612549,0.0008048382587730885,0.19202929735183716,6.162132740020752,0,768,10,rows
followup4090_20260608_primary_spectral_manual_T9_f4_s5,manual_T9_f4_s5,manual,0,1.0,80084992,blocks.10.mlp.fc2,1.0657255274241422,4.201781272888184,3.6421666145324707,0.000872955599334091,0.22124773263931274,6.121948719024658,66,65,3072,0.7079821986499387,312.0660095214844,0.9051162600517273,0.09357548505067825,0.22636045515537262,6.5438995361328125,1.074264571470284,4.101987838745117,3.7154829502105713,0.0008774477755650878,0.22351400554180145,6.119534492492676,0,768,11,rows
followup4090_20260608_primary_spectral_manual_T9_f4_s5,manual_T9_f4_s5,manual,0,1.0,90046464,blocks.0.attn.q_proj,1.383981180287899,4.202676296234131,5.2085700035095215,5.1550032367231324e-05,0.3272489607334137,5.997309684753418,66,0,768,0.10604047816850463,744.4255981445312,1.0082759857177734,0.03594793751835823,0.08210515975952148,6.638684272766113,1.3913912105792217,4.186670303344727,5.233954906463623,4.065868415636942e-05,0.3282986581325531,5.997148513793945,0,768,0,cols
followup4090_20260608_primary_spectral_manual_T9_f4_s5,manual_T9_f4_s5,manual,0,1.0,90046464,blocks.1.attn.q_proj,3.104094615161649,1.7907508611679077,9.06622314453125,3.616514732129872e-05,0.4160430431365967,5.387966156005859,66,6,768,0.210097645872138,710.0084228515625,1.0078036785125732,0.013070409186184406,0.1566266417503357,6.624270439147949,3.0937917108065274,1.7978500127792358,9.049004554748535,3.74276569345966e-05,0.4159923195838928,5.3888373374938965,0,768,1,cols
followup4090_20260608_primary_spectral_manual_T9_f4_s5,manual_T9_f4_s5,manual,0,1.0,90046464,blocks.2.attn.q_proj,5.407808501930624,1.632115125656128,12.170190811157227,3.599782576202415e-05,0.527454674243927,5.585063934326172,66,12,768,0.19071928861013157,717.9299926757812,1.008277416229248,0.016686344519257545,0.1429145783185959,6.627864837646484,5.455521102234872,1.629453182220459,12.225080490112305,3.098932938883081e-05,0.5294918417930603,5.584392070770264,0,768,2,cols
followup4090_20260608_primary_spectral_manual_T9_f4_s5,manual_T9_f4_s5,manual,0,1.0,90046464,blocks.3.attn.q_proj,17.24571511278844,1.3530622720718384,21.851318359375,3.539142562658526e-05,0.881800651550293,5.429838180541992,66,18,768,0.25335274446434575,692.0093994140625,1.0077730417251587,0.005805972032248974,0.18856775760650635,6.614467144012451,17.48193309134856,1.3498942852020264,22.000925064086914,1.2461123333196156e-05,0.8870077133178711,5.428004264831543,0,768,3,cols
followup4090_20260608_primary_spectral_manual_T9_f4_s5,manual_T9_f4_s5,manual,0,1.0,90046464,blocks.4.attn.q_proj,8.563714965094462,1.6697441339492798,15.367349624633789,6.745688006049022e-05,0.6644546389579773,5.737492561340332,66,24,768,0.1468829757466479,732.9827270507812,1.0083929300308228,0.01569453813135624,0.11208043247461319,6.634090423583984,8.58572756733973,1.6708979606628418,15.387149810791016,3.9456561353290454e-05,0.6654985547065735,5.737624168395996,0,768,4,cols
followup4090_20260608_primary_spectral_manual_T9_f4_s5,manual_T9_f4_s5,manual,0,1.0,90046464,blocks.5.attn.q_proj,2.9784387704656274,1.829546332359314,8.894791603088379,3.815059608314186e-05,0.3929199278354645,5.877952575683594,66,30,768,0.12374093819028077,738.9287719726562,1.0089360475540161,0.015485077165067196,0.09538046270608902,6.636806964874268,2.988620266611562,1.8293708562850952,8.9115629196167,4.723836900666356e-05,0.39363521337509155,5.87802791595459,0,768,5,cols
followup4090_20260608_primary_spectral_manual_T9_f4_s5,manual_T9_f4_s5,manual,0,1.0,90046464,blocks.5.mlp.fc2,0.9564553861353589,13.614819526672363,1.826038122177124,0.0007044874364510179,0.17420728504657745,6.257390022277832,66,35,3072,0.7096035901420158,307.8423767089844,0.9102790355682373,0.0902579054236412,0.22906310856342316,6.540799140930176,0.9567159595367088,13.20371150970459,1.8605992794036865,0.0007076918845996261,0.17498309910297394,6.256877422332764,0,768,6,rows
followup4090_20260608_primary_spectral_manual_T9_f4_s5,manual_T9_f4_s5,manual,0,1.0,90046464,blocks.6.mlp.fc2,0.9610292545875819,12.041677474975586,1.862023115158081,0.0007246187888085842,0.17011825740337372,6.239227294921875,66,41,3072,0.7091975196010847,309.02349853515625,0.9087357521057129,0.08933302015066147,0.2284170240163803,6.541466236114502,0.9612856296324918,11.726404190063477,1.8931101560592651,0.0007285157334990799,0.17083010077476501,6.238752365112305,0,768,7,rows
followup4090_20260608_primary_spectral_manual_T9_f4_s5,manual_T9_f4_s5,manual,0,1.0,90046464,blocks.7.mlp.fc2,0.968270318238568,8.790441513061523,2.1877281665802,0.0007990056765265763,0.17525403201580048,6.213570594787598,66,47,3072,0.7088828493446208,309.10235595703125,0.9087134599685669,0.08990777283906937,0.22759002447128296,6.542446136474609,0.9689576786609881,8.57004165649414,2.223702907562256,0.0008007570286281407,0.17607156932353973,6.213015556335449,0,768,8,rows
followup4090_20260608_primary_spectral_manual_T9_f4_s5,manual_T9_f4_s5,manual,0,1.0,90046464,blocks.8.mlp.fc2,0.9798213733156874,7.0208234786987305,2.5590877532958984,0.0007570617599412799,0.18899264931678772,6.1809916496276855,66,53,3072,0.7069270346731567,309.5384826660156,0.9109953045845032,0.09323940426111221,0.22692672908306122,6.5439534187316895,0.9809256098849582,6.894786834716797,2.591067314147949,0.000758129172027111,0.18977493047714233,6.180578708648682,0,768,9,rows
followup4090_20260608_primary_spectral_manual_T9_f4_s5,manual_T9_f4_s5,manual,0,1.0,90046464,blocks.9.mlp.fc2,1.0077277109222333,5.275627136230469,3.067242383956909,0.0008174501126632094,0.20202036201953888,6.154643535614014,66,59,3072,0.7097722126547753,309.83270263671875,0.9056671261787415,0.09015980362892151,0.226695716381073,6.542853355407715,1.0101836117886813,5.187124252319336,3.1052041053771973,0.0008203482138924301,0.20298421382904053,6.154051780700684,0,768,10,rows
followup4090_20260608_primary_spectral_manual_T9_f4_s5,manual_T9_f4_s5,manual,0,1.0,90046464,blocks.10.mlp.fc2,1.1325752687652562,3.5537493228912354,4.176494121551514,0.0008685605134814978,0.23560695350170135,6.1127729415893555,66,65,3072,0.708777821608102,310.30279541015625,0.9064645171165466,0.09094539284706116,0.22621551156044006,6.543844223022461,1.1410816206915773,3.4979846477508545,4.230134010314941,0.0008711041882634163,0.23702725768089294,6.111860275268555,0,768,11,rows
followup4090_20260608_primary_spectral_manual_T9_f4_s5,manual_T9_f4_s5,manual,0,1.0,100007936,blocks.0.attn.q_proj,2.355950801154349,2.887887477874756,7.542870998382568,0.00013685092562809587,0.4109896719455719,5.911768913269043,66,0,768,0.10909771616629722,742.107666015625,1.009040117263794,0.02218952216207981,0.08382336795330048,6.638453006744385,2.3642329883769735,2.893923044204712,7.557103633880615,0.00014296236622612923,0.4121686518192291,5.911558628082275,0,768,0,cols
followup4090_20260608_primary_spectral_manual_T9_f4_s5,manual_T9_f4_s5,manual,0,1.0,100007936,blocks.1.attn.q_proj,3.549767632962884,1.814203143119812,9.722253799438477,3.3758055906218942e-06,0.4499143362045288,5.37040376663208,66,6,768,0.22567012419564675,703.02392578125,1.0079683065414429,0.0070028225891292095,0.16669628024101257,6.621671676635742,3.6131198680873036,1.8062009811401367,9.81481647491455,3.2663803722243756e-05,0.4533451795578003,5.368013858795166,0,768,1,cols
followup4090_20260608_primary_spectral_manual_T9_f4_s5,manual_T9_f4_s5,manual,0,1.0,100007936,blocks.2.attn.q_proj,7.241869184818499,1.5751420259475708,14.118553161621094,3.0492730729747564e-05,0.6050421595573425,5.543527603149414,66,12,768,0.1959115026991953,715.5540161132812,1.008339524269104,0.005856383126229048,0.14678911864757538,6.626838684082031,7.32027135774704,1.5729862451553345,14.195850372314453,1.771800816641189e-05,0.6080245971679688,5.542616367340088,0,768,2,cols
followup4090_20260608_primary_spectral_manual_T9_f4_s5,manual_T9_f4_s5,manual,0,1.0,100007936,blocks.3.attn.q_proj,11.379984027823545,1.5805751085281372,17.70694351196289,2.6947898845719465e-07,0.7616430521011353,5.515340805053711,66,18,768,0.24013573337392008,698.345703125,1.0074446201324463,0.0007167089497670531,0.1788347214460373,6.617765426635742,11.598268830087902,1.5752613544464111,17.876739501953125,1.6611915270914324e-05,0.7679678201675415,5.512681007385254,0,768,3,cols
followup4090_20260608_primary_spectral_manual_T9_f4_s5,manual_T9_f4_s5,manual,0,1.0,100007936,blocks.4.attn.q_proj,10.205260219896497,1.6142776012420654,16.791812896728516,1.047752630256582e-05,0.7163025736808777,5.727622032165527,66,24,768,0.1647637586188036,727.2163696289062,1.00874924659729,0.004851313307881355,0.12535755336284637,6.631602764129639,10.486082638484858,1.6034653186798096,17.02292823791504,1.9916920791729353e-05,0.7243353724479675,5.72452449798584,0,768,4,cols
followup4090_20260608_primary_spectral_manual_T9_f4_s5,manual_T9_f4_s5,manual,0,1.0,100007936,blocks.5.attn.q_proj,3.7433724313066654,1.68779456615448,10.062169075012207,8.472100307699293e-05,0.4311705231666565,5.86248254776001,66,30,768,0.13030167022460823,738.06689453125,1.0084307193756104,0.034524738788604736,0.09968756884336472,6.636283874511719,3.7777160881952154,1.6859914064407349,10.110838890075684,6.955221033422276e-05,0.433112233877182,5.861865997314453,0,768,5,cols
followup4090_20260608_primary_spectral_manual_T9_f4_s5,manual_T9_f4_s5,manual,0,1.0,100007936,blocks.5.mlp.fc2,0.9582441612809179,11.343472480773926,2.1384551525115967,0.0008841471862979233,0.1889922022819519,6.2470808029174805,66,35,3072,0.7098649894495507,305.23455810546875,0.9138960838317871,0.08485346287488937,0.22940440475940704,6.540327072143555,0.9586392885648986,11.160037994384766,2.165733575820923,0.000887296162545681,0.19007059931755066,6.246261119842529,0,768,6,rows
followup4090_20260608_primary_spectral_manual_T9_f4_s5,manual_T9_f4_s5,manual,0,1.0,100007936,blocks.6.mlp.fc2,0.9673343600544796,9.128280639648438,2.3049628734588623,0.0008260285248979926,0.1867140382528305,6.229048728942871,66,41,3072,0.709204264501595,309.2495422363281,0.9082936644554138,0.09110841155052185,0.22806477546691895,6.541919231414795,0.9682887634766985,8.91869068145752,2.344198226928711,0.0008315162267535925,0.18799427151679993,6.227952480316162,0,768,7,rows
followup4090_20260608_primary_spectral_manual_T9_f4_s5,manual_T9_f4_s5,manual,0,1.0,100007936,blocks.7.mlp.fc2,0.9937157307160407,6.2776031494140625,2.8722071647644043,0.0007743783644400537,0.20117297768592834,6.18800163269043,66,47,3072,0.7090937995493587,307.4977722167969,0.9109700322151184,0.08645637333393097,0.22783228754997253,6.542172431945801,0.9957247475109184,6.191873550415039,2.907561779022217,0.0007764750625938177,0.20253980159759521,6.186788082122803,0,768,8,rows
followup4090_20260608_primary_spectral_manual_T9_f4_s5,manual_T9_f4_s5,manual,0,1.0,100007936,blocks.8.mlp.fc2,1.0302712331933879,5.05018949508667,3.351534843444824,0.000880387204233557,0.21680475771427155,6.15474796295166,66,53,3072,0.706367207930795,308.95623779296875,0.9126952290534973,0.09124088287353516,0.22707854211330414,6.543896198272705,1.0336373515011603,5.00368595123291,3.3860678672790527,0.0008867142023518682,0.21832223236560822,6.1533732414245605,0,768,9,rows
followup4090_20260608_primary_spectral_manual_T9_f4_s5,manual_T9_f4_s5,manual,0,1.0,100007936,blocks.9.mlp.fc2,1.088255766370822,4.159055233001709,3.84451961517334,0.0008805612451396883,0.2317221760749817,6.126788139343262,66,59,3072,0.7093241585494429,309.1631164550781,0.9072616696357727,0.09346426278352737,0.2263256460428238,6.543471336364746,1.0938900295389986,4.121687889099121,3.8846898078918457,0.0008874837658368051,0.23338884115219116,6.125304698944092,0,768,10,rows
followup4090_20260608_primary_spectral_manual_T9_f4_s5,manual_T9_f4_s5,manual,0,1.0,100007936,blocks.10.mlp.fc2,1.2424808760378387,3.3995554447174072,4.678860664367676,0.0009868111228570342,0.2634243965148926,6.085475444793701,66,65,3072,0.7079980973439989,310.7569580078125,0.9069677591323853,0.092580147087574,0.2259753793478012,6.544401168823242,1.2517586931664135,3.377990484237671,4.720097541809082,0.0009944996563717723,0.2651565372943878,6.083995819091797,0,768,11,rows
followup4090_20260608_primary_spectral_pe_T5_l1e-3,pe_T5_l1e-3,polar_express,0,1.0,10092544,blocks.0.attn.q_proj,45.04946030485288,5.136456489562988,29.66606330871582,0.00013397376460488886,2.230863571166992,5.5990753173828125,66,0,768,0.3285260715756042,542.8099365234375,1.1433775424957275,0.0058386134915053844,0.22514085471630096,6.603983402252197,45.926858987408124,5.082609176635742,29.980178833007812,0.00039213363197632134,2.243649482727051,5.597749710083008,0,768,0,cols
followup4090_20260608_primary_spectral_pe_T5_l1e-3,pe_T5_l1e-3,polar_express,0,1.0,10092544,blocks.1.attn.q_proj,6.31496183130881,1.6175810098648071,13.018381118774414,8.579315363022033e-06,0.5869846343994141,4.619112491607666,66,6,768,0.6061921520271677,358.19891357421875,1.142249345779419,0.00017985343583859503,0.3727191984653473,6.458593368530273,6.30964189426952,1.6204215288162231,13.012292861938477,2.760597908491036e-06,0.5871742367744446,4.621748924255371,0,768,1,cols
followup4090_20260608_primary_spectral_pe_T5_l1e-3,pe_T5_l1e-3,polar_express,0,1.0,10092544,blocks.2.attn.q_proj,2.345754713999147,1.7592289447784424,7.6282477378845215,6.908229806867894e-06,0.3583473861217499,4.569100379943848,66,12,768,0.6341436391718238,338.1032409667969,1.1425358057022095,1.2243088349350728e-05,0.3844105005264282,6.430298805236816,2.3477291803852878,1.7661042213439941,7.6294450759887695,2.42941609940317e-06,0.3590873181819916,4.569700241088867,0,768,2,cols
followup4090_20260608_primary_spectral_pe_T5_l1e-3,pe_T5_l1e-3,polar_express,0,1.0,10092544,blocks.3.attn.q_proj,2.0421536651789847,1.6555417776107788,7.047348499298096,4.447036644705804e-06,0.32176661491394043,4.434649467468262,66,18,768,0.6815867187577181,298.1399230957031,1.1422220468521118,0.0005550599889829755,0.3929014503955841,6.382740497589111,2.056391461901244,1.6539329290390015,7.078728199005127,3.7700442589994054e-06,0.3230428695678711,4.435380935668945,0,768,3,cols
followup4090_20260608_primary_spectral_pe_T5_l1e-3,pe_T5_l1e-3,polar_express,0,1.0,10092544,blocks.4.attn.q_proj,1.1545021144183187,1.631152868270874,4.1571044921875,3.535745008775848e-06,0.18826326727867126,4.479649543762207,66,24,768,0.6651173235237384,311.5859069824219,1.1418673992156982,0.000905820750631392,0.38570690155029297,6.409626483917236,1.1575098582673407,1.633596658706665,4.176422595977783,5.389973011915572e-06,0.18927809596061707,4.47897481918335,0,768,4,cols
followup4090_20260608_primary_spectral_pe_T5_l1e-3,pe_T5_l1e-3,polar_express,0,1.0,10092544,blocks.5.attn.q_proj,1.12573008947892,1.9588453769683838,3.8619556427001953,6.798209142289124e-07,0.1920144110918045,4.29150390625,66,30,768,0.7111403262501359,272.0347595214844,1.1419076919555664,0.0002674291026778519,0.3934963345527649,6.352532386779785,1.1268187714817077,1.960461974143982,3.870375394821167,9.499414659330796e-07,0.1925051510334015,4.2926788330078125,0,768,5,cols
followup4090_20260608_primary_spectral_pe_T5_l1e-3,pe_T5_l1e-3,polar_express,0,1.0,10092544,blocks.5.mlp.fc2,6.020140853489762,1.2939128875732422,12.855910301208496,0.001278011710382998,0.5152492523193359,5.187723159790039,66,35,3072,0.7161316902788485,277.6320495605469,0.9582625031471252,0.05272715538740158,0.2431117296218872,6.525625705718994,5.964191215501001,1.3044030666351318,12.79237174987793,0.001282983459532261,0.5146803259849548,5.186537265777588,0,768,6,rows
followup4090_20260608_primary_spectral_pe_T5_l1e-3,pe_T5_l1e-3,polar_express,0,1.0,10092544,blocks.6.mlp.fc2,5.8727265103513755,1.2623592615127563,12.698206901550293,0.0013415380381047726,0.503696084022522,5.142836093902588,66,41,3072,0.7189093504298479,276.48211669921875,0.9557076096534729,0.05838480219244957,0.2437962293624878,6.523447036743164,5.811989369510552,1.2709635496139526,12.629524230957031,0.001346617005765438,0.5025750398635864,5.142735004425049,0,768,7,rows
followup4090_20260608_primary_spectral_pe_T5_l1e-3,pe_T5_l1e-3,polar_express,0,1.0,10092544,blocks.7.mlp.fc2,6.187849363404607,1.2447493076324463,13.041792869567871,0.0011937663657590747,0.5146431922912598,5.0884809494018555,66,47,3072,0.7164520042275762,276.3078308105469,0.9611780643463135,0.05367141589522362,0.24501830339431763,6.52345609664917,6.1196052859467605,1.2525120973587036,12.967042922973633,0.0011942541459575295,0.5131852626800537,5.0890913009643555,0,768,8,rows
followup4090_20260608_primary_spectral_pe_T5_l1e-3,pe_T5_l1e-3,polar_express,0,1.0,10092544,blocks.8.mlp.fc2,5.63012703000225,1.2681031227111816,12.42367935180664,0.0011211835080757737,0.49473288655281067,5.0728654861450195,66,53,3072,0.7194111572627171,276.4110107421875,0.9549168348312378,0.047128915786743164,0.24374830722808838,6.523262023925781,5.565051679273974,1.2764917612075806,12.34839916229248,0.0011212732642889023,0.4932611286640167,5.073709487915039,0,768,9,rows
followup4090_20260608_primary_spectral_pe_T5_l1e-3,pe_T5_l1e-3,polar_express,0,1.0,10092544,blocks.9.mlp.fc2,5.2933279938230875,1.2643628120422363,12.036430358886719,0.001002588658593595,0.4789355397224426,5.0421977043151855,66,59,3072,0.7258916989684001,269.2960510253906,0.956640362739563,0.04934537783265114,0.24476701021194458,6.518877029418945,5.234184301315083,1.2722986936569214,11.965696334838867,0.0010081264190375805,0.4775237441062927,5.043188095092773,0,768,10,rows
followup4090_20260608_primary_spectral_pe_T5_l1e-3,pe_T5_l1e-3,polar_express,0,1.0,10092544,blocks.10.mlp.fc2,4.7401525492709125,1.3004533052444458,11.364160537719727,0.0009555608266964555,0.45824626088142395,5.036825656890869,66,65,3072,0.7278066312837095,267.2511291503906,0.9560866355895996,0.048884693533182144,0.24350625276565552,6.51922607421875,4.681455947311025,1.3099284172058105,11.288963317871094,0.0009557874291203916,0.4567784070968628,5.038033962249756,0,768,11,rows
followup4090_20260608_primary_spectral_pe_T5_l1e-3,pe_T5_l1e-3,polar_express,0,1.0,20054016,blocks.0.attn.q_proj,8.232489143851305,7.71807861328125,12.655923843383789,0.00029327746597118676,1.0705780982971191,5.984707832336426,66,0,768,0.2620564879688687,569.0601806640625,1.1434317827224731,0.003293139161542058,0.16939422488212585,6.6234846115112305,8.352072650973554,7.627343654632568,12.786555290222168,0.00016969008720479906,1.0759412050247192,5.983562469482422,0,768,0,cols
followup4090_20260608_primary_spectral_pe_T5_l1e-3,pe_T5_l1e-3,polar_express,0,1.0,20054016,blocks.1.attn.q_proj,2.0691658905148125,4.8582282066345215,6.403595924377441,1.7069252862711437e-05,0.4744875729084015,5.362829685211182,66,6,768,0.47733375286075,455.6290588378906,1.143061876296997,0.0005076301749795675,0.32088032364845276,6.541806221008301,2.122118727911503,4.747894763946533,6.529881000518799,1.0842745723493863e-05,0.4786249101161957,5.359628200531006,0,768,1,cols
followup4090_20260608_primary_spectral_pe_T5_l1e-3,pe_T5_l1e-3,polar_express,0,1.0,20054016,blocks.2.attn.q_proj,1.442304747954253,5.0807671546936035,5.04548454284668,2.01411221496528e-05,0.37819308042526245,5.45497989654541,66,12,768,0.4407562606312288,478.3559875488281,1.1433942317962646,0.0013831460382789373,0.30052709579467773,6.5597076416015625,1.4532771869233032,5.046760559082031,5.08264684677124,1.0988601388817187e-05,0.37977510690689087,5.4542131423950195,0,768,2,cols
followup4090_20260608_primary_spectral_pe_T5_l1e-3,pe_T5_l1e-3,polar_express,0,1.0,20054016,blocks.3.attn.q_proj,1.499885000054157,4.8635573387146,5.380982875823975,1.0577500688668806e-06,0.39389973878860474,5.4562554359436035,66,18,768,0.4525351969898775,473.64630126953125,1.1435445547103882,0.0018359451787546277,0.3115993142127991,6.551108360290527,1.5289370760157672,4.738907337188721,5.4853081703186035,7.96603944763774e-06,0.3965451121330261,5.454830169677734,0,768,3,cols
followup4090_20260608_primary_spectral_pe_T5_l1e-3,pe_T5_l1e-3,polar_express,0,1.0,20054016,blocks.4.attn.q_proj,1.119639719620108,5.287123203277588,3.839413642883301,2.2176103811943904e-05,0.29171502590179443,5.504213333129883,66,24,768,0.40507597782061905,502.2757263183594,1.1430877447128296,0.00234977132640779,0.2788500487804413,6.57582426071167,1.1284984581853388,5.174194812774658,3.904326915740967,2.5675692086224444e-05,0.2935868203639984,5.502937316894531,0,768,4,cols
followup4090_20260608_primary_spectral_pe_T5_l1e-3,pe_T5_l1e-3,polar_express,0,1.0,20054016,blocks.5.attn.q_proj,1.0433762307574803,5.660126686096191,3.165379285812378,9.709578080219217e-06,0.2504613697528839,5.4440107345581055,66,30,768,0.4239652437637286,490.6346130371094,1.1430299282073975,8.560167771065608e-05,0.2917321026325226,6.566714286804199,1.0462774327086444,5.5903000831604,3.20038104057312,1.4473342162091285e-05,0.2517234981060028,5.443072319030762,0,768,5,cols
followup4090_20260608_primary_spectral_pe_T5_l1e-3,pe_T5_l1e-3,polar_express,0,1.0,20054016,blocks.5.mlp.fc2,1.014331794428081,3.2747085094451904,2.89084792137146,0.0010585120180621743,0.1631622612476349,5.970080375671387,66,35,3072,0.7163469764910574,284.9683837890625,0.9383944869041443,0.07385712116956711,0.2330259531736374,6.535045146942139,1.0233469733898433,3.0754590034484863,3.0447301864624023,0.0010633986676111817,0.16737022995948792,5.962619781494141,0,768,6,rows
followup4090_20260608_primary_spectral_pe_T5_l1e-3,pe_T5_l1e-3,polar_express,0,1.0,20054016,blocks.6.mlp.fc2,1.0115775349523215,3.0844290256500244,2.786123037338257,0.0010390690295025706,0.15331798791885376,5.969263076782227,66,41,3072,0.7176464710475522,285.1244812011719,0.9357137084007263,0.07361719757318497,0.23256231844425201,6.534949779510498,1.0187110243227187,2.9133167266845703,2.9242682456970215,0.0010426003718748689,0.15712590515613556,5.9621076583862305,0,768,7,rows
followup4090_20260608_primary_spectral_pe_T5_l1e-3,pe_T5_l1e-3,polar_express,0,1.0,20054016,blocks.7.mlp.fc2,1.0210546707735297,2.7665982246398926,2.9457249641418457,0.001054384047165513,0.15514037013053894,5.954964637756348,66,47,3072,0.7163718913276366,285.8695068359375,0.9371688961982727,0.07507863640785217,0.2333776205778122,6.534739017486572,1.0291407052772295,2.63490629196167,3.0782594680786133,0.001055998494848609,0.1588899940252304,5.94782829284668,0,768,8,rows
followup4090_20260608_primary_spectral_pe_T5_l1e-3,pe_T5_l1e-3,polar_express,0,1.0,20054016,blocks.8.mlp.fc2,1.0159185666859056,2.8519580364227295,2.837671995162964,0.0008447180152870715,0.15192757546901703,5.951849937438965,66,53,3072,0.7155325641671866,284.2588195800781,0.9406211972236633,0.06831676512956619,0.23246657848358154,6.535948276519775,1.0227578269779163,2.7115583419799805,2.9640767574310303,0.0008459700620733202,0.155349999666214,5.945284843444824,0,768,9,rows
followup4090_20260608_primary_spectral_pe_T5_l1e-3,pe_T5_l1e-3,polar_express,0,1.0,20054016,blocks.9.mlp.fc2,1.0140072132973976,2.8807852268218994,2.7858846187591553,0.0009224558598361909,0.15049110352993011,5.940221786499023,66,59,3072,0.7169871914354202,283.4936828613281,0.9403622150421143,0.06994577497243881,0.23409709334373474,6.533616065979004,1.0199624786694559,2.7422614097595215,2.903406858444214,0.0009261754457838833,0.15355026721954346,5.9343414306640625,0,768,10,rows
followup4090_20260608_primary_spectral_pe_T5_l1e-3,pe_T5_l1e-3,polar_express,0,1.0,20054016,blocks.10.mlp.fc2,1.0196933709041949,2.8722081184387207,2.9012274742126465,0.0010676446836441755,0.15767504274845123,5.91511869430542,66,65,3072,0.7152449423382796,282.59698486328125,0.9448193907737732,0.07758312672376633,0.23394210636615753,6.534637928009033,1.0265468780778957,2.738199472427368,3.0202012062072754,0.0010688832262530923,0.16076719760894775,5.909244060516357,0,768,11,rows
followup4090_20260608_primary_spectral_pe_T5_l1e-3,pe_T5_l1e-3,polar_express,0,1.0,30015488,blocks.0.attn.q_proj,3.7224772801296293,6.492877006530762,9.452306747436523,4.734763206215575e-05,0.6810420155525208,6.148635387420654,66,0,768,0.24317589404070106,574.516357421875,1.142824649810791,0.00973278284072876,0.15261054039001465,6.627864837646484,3.774919845155055,6.438621520996094,9.52781867980957,5.052124834037386e-05,0.684129536151886,6.147918224334717,0,768,0,cols
followup4090_20260608_primary_spectral_pe_T5_l1e-3,pe_T5_l1e-3,polar_express,0,1.0,30015488,blocks.1.attn.q_proj,2.462570884797707,3.729079484939575,7.60731315612793,1.2082988178008236e-05,0.4914919435977936,5.448694705963135,66,6,768,0.4376633107941268,481.69488525390625,1.1426841020584106,0.0036740475334227085,0.2986776828765869,6.561371803283691,2.519850507046291,3.670844316482544,7.72186279296875,3.1072671845322475e-05,0.49526751041412354,5.445994853973389,0,768,1,cols
followup4090_20260608_primary_spectral_pe_T5_l1e-3,pe_T5_l1e-3,polar_express,0,1.0,30015488,blocks.2.attn.q_proj,1.943546523341959,4.436521053314209,6.572704792022705,2.573060555732809e-05,0.45107021927833557,5.619213104248047,66,12,768,0.38906354959621764,509.9332580566406,1.1429824829101562,0.001350051024928689,0.2679070234298706,6.582309722900391,1.9659252773292173,4.397892951965332,6.629322052001953,2.71665721811587e-05,0.45309871435165405,5.618331432342529,0,768,2,cols
followup4090_20260608_primary_spectral_pe_T5_l1e-3,pe_T5_l1e-3,polar_express,0,1.0,30015488,blocks.3.attn.q_proj,3.919347711528682,3.7901084423065186,10.023998260498047,2.256760126329027e-05,0.6404839754104614,5.53610897064209,66,18,768,0.4499397868036892,473.1405334472656,1.142765998840332,0.0002803283859975636,0.3076041638851166,6.553832530975342,4.09624690546959,3.6718533039093018,10.28010368347168,4.495777466217987e-05,0.6472510695457458,5.53305721282959,0,768,3,cols
followup4090_20260608_primary_spectral_pe_T5_l1e-3,pe_T5_l1e-3,polar_express,0,1.0,30015488,blocks.4.attn.q_proj,2.4461989464935505,4.111391067504883,7.786177635192871,4.2850715544773266e-06,0.5056262016296387,5.701972484588623,66,24,768,0.3816007301345739,516.1309814453125,1.142959475517273,0.0024628876708447933,0.2646341919898987,6.584433555603027,2.5462090276367353,3.9842827320098877,7.979348182678223,2.0918543668813072e-05,0.5107759833335876,5.699455738067627,0,768,4,cols
followup4090_20260608_primary_spectral_pe_T5_l1e-3,pe_T5_l1e-3,polar_express,0,1.0,30015488,blocks.5.attn.q_proj,1.082819995989094,4.704823970794678,3.826324701309204,4.294416612538043e-06,0.261572003364563,5.795459747314453,66,30,768,0.3292966076333998,540.873291015625,1.1432210206985474,0.003760332241654396,0.2255583107471466,6.603709697723389,1.0883868101521668,4.646206855773926,3.869051694869995,5.691383648809278e-06,0.2629806399345398,5.794639587402344,0,768,5,cols
followup4090_20260608_primary_spectral_pe_T5_l1e-3,pe_T5_l1e-3,polar_express,0,1.0,30015488,blocks.5.mlp.fc2,0.9868711708593434,5.219522953033447,2.4034183025360107,0.0011091741034761071,0.15728402137756348,6.143420696258545,66,35,3072,0.7115990483103573,285.61248779296875,0.9468828439712524,0.07638902962207794,0.23450681567192078,6.536186695098877,0.9916119411864407,4.780950546264648,2.5498900413513184,0.001113249803893268,0.16070227324962616,6.138573169708252,0,768,6,rows
followup4090_20260608_primary_spectral_pe_T5_l1e-3,pe_T5_l1e-3,polar_express,0,1.0,30015488,blocks.6.mlp.fc2,0.9891135749769834,4.75795841217041,2.3485941886901855,0.0009769778698682785,0.1482764631509781,6.133924961090088,66,41,3072,0.712042491106157,283.3336486816406,0.9499465823173523,0.07187763601541519,0.23472261428833008,6.535666465759277,0.9932300978792933,4.3809733390808105,2.487055778503418,0.0009805952431634068,0.1516115665435791,6.128811359405518,0,768,7,rows
followup4090_20260608_primary_spectral_pe_T5_l1e-3,pe_T5_l1e-3,polar_express,0,1.0,30015488,blocks.7.mlp.fc2,0.9965143826492409,4.014984130859375,2.529601573944092,0.0009255600743927062,0.1491377055644989,6.119470119476318,66,47,3072,0.7115895503892304,286.428466796875,0.9449309706687927,0.07189227640628815,0.23359768092632294,6.536989688873291,1.0018151173697305,3.730820655822754,2.6688168048858643,0.0009286156273446977,0.15260757505893707,6.114181995391846,0,768,8,rows
followup4090_20260608_primary_spectral_pe_T5_l1e-3,pe_T5_l1e-3,polar_express,0,1.0,30015488,blocks.8.mlp.fc2,0.9995416041191243,3.844940423965454,2.5853114128112793,0.0008791802683845162,0.1508549600839615,6.106489181518555,66,53,3072,0.7127913127138401,286.3646545410156,0.9422371983528137,0.07047250121831894,0.2324560582637787,6.537505626678467,1.0051604503718485,3.58168363571167,2.723243236541748,0.0008825799450278282,0.15423430502414703,6.10125732421875,0,768,9,rows
followup4090_20260608_primary_spectral_pe_T5_l1e-3,pe_T5_l1e-3,polar_express,0,1.0,30015488,blocks.9.mlp.fc2,1.0081604169376288,3.499016761779785,2.7716517448425293,0.0008913833880797029,0.15662269294261932,6.087830066680908,66,59,3072,0.7129422470691388,282.4868469238281,0.9484060406684875,0.0704493522644043,0.23262882232666016,6.537151336669922,1.0150676768388665,3.2831180095672607,2.908099889755249,0.0008952718344517052,0.15999272465705872,6.082651138305664,0,768,10,rows
followup4090_20260608_primary_spectral_pe_T5_l1e-3,pe_T5_l1e-3,polar_express,0,1.0,30015488,blocks.10.mlp.fc2,1.0167141208185535,3.425086736679077,2.9416584968566895,0.0009708569850772619,0.166526198387146,6.063787460327148,66,65,3072,0.714124049994279,285.7107238769531,0.9405144453048706,0.07322876155376434,0.23170191049575806,6.537559509277344,1.024711576883918,3.2345681190490723,3.073075532913208,0.0009791286429390311,0.1697884500026703,6.0589280128479,0,768,11,rows
followup4090_20260608_primary_spectral_pe_T5_l1e-3,pe_T5_l1e-3,polar_express,0,1.0,40108032,blocks.0.attn.q_proj,5.355704833743087,3.543765068054199,11.688336372375488,7.883653779572342e-06,0.6852765083312988,5.990217208862305,66,0,768,0.26954207146973497,565.53564453125,1.1431922912597656,0.002668763045221567,0.17600014805793762,6.621599197387695,5.4620843033845645,3.523555040359497,11.80636978149414,5.117648106534034e-05,0.6909068822860718,5.987811088562012,0,768,0,cols
followup4090_20260608_primary_spectral_pe_T5_l1e-3,pe_T5_l1e-3,polar_express,0,1.0,40108032,blocks.1.attn.q_proj,5.226310662351945,2.789396047592163,11.390718460083008,3.905215271515772e-05,0.6519047021865845,5.288722515106201,66,6,768,0.4522383525419053,471.391357421875,1.142922282218933,0.001194257871247828,0.306841105222702,6.554583549499512,5.257994075418789,2.779078245162964,11.436091423034668,5.393377796281129e-05,0.6532695293426514,5.289185523986816,0,768,1,cols
followup4090_20260608_primary_spectral_pe_T5_l1e-3,pe_T5_l1e-3,polar_express,0,1.0,40108032,blocks.2.attn.q_proj,6.37038839538044,2.305495500564575,13.008147239685059,4.857863677898422e-05,0.6679897308349609,5.486515998840332,66,12,768,0.41722240801881033,493.4046325683594,1.1429749727249146,0.0014908602461218834,0.28596362471580505,6.57058048248291,6.399637037014067,2.306992530822754,13.038536071777344,2.526801108615473e-05,0.6697500944137573,5.486294269561768,0,768,2,cols
followup4090_20260608_primary_spectral_pe_T5_l1e-3,pe_T5_l1e-3,polar_express,0,1.0,40108032,blocks.3.attn.q_proj,13.548453574391353,2.4813976287841797,18.702327728271484,2.557783227530308e-05,1.0035163164138794,5.364553451538086,66,18,768,0.4802138597914403,454.5305480957031,1.143141746520996,0.0009776756633073092,0.32730528712272644,6.535573959350586,13.593849783148894,2.486112594604492,18.729896545410156,4.4104221160523593e-05,1.0059125423431396,5.364499568939209,0,768,3,cols
followup4090_20260608_primary_spectral_pe_T5_l1e-3,pe_T5_l1e-3,polar_express,0,1.0,40108032,blocks.4.attn.q_proj,11.093825154072197,2.2913119792938232,17.122650146484375,1.203968395202537e-06,0.8711217045783997,5.563958168029785,66,24,768,0.40123176307003683,504.5039367675781,1.1434242725372314,0.0020561765413731337,0.2773914039134979,6.576613903045654,11.110479827593666,2.2981414794921875,17.133567810058594,1.2758707725879503e-06,0.8728733062744141,5.563953876495361,0,768,4,cols
followup4090_20260608_primary_spectral_pe_T5_l1e-3,pe_T5_l1e-3,polar_express,0,1.0,40108032,blocks.5.attn.q_proj,1.7107033351045535,3.036189317703247,6.279809474945068,5.235685603111051e-05,0.3514181971549988,5.805841445922852,66,30,768,0.32207423010984804,544.4508666992188,1.1435158252716064,0.0019866591319441795,0.22008182108402252,6.606074810028076,1.7228754028072357,3.0275800228118896,6.312199115753174,4.715629620477557e-05,0.3527818024158478,5.805403232574463,0,768,5,cols
followup4090_20260608_primary_spectral_pe_T5_l1e-3,pe_T5_l1e-3,polar_express,0,1.0,40108032,blocks.5.mlp.fc2,0.9809808079483188,7.156280994415283,2.4518392086029053,0.0010316718835383654,0.1868520826101303,6.147032260894775,66,35,3072,0.7087599269740948,288.356689453125,0.9480177164077759,0.07346747070550919,0.23567242920398712,6.536400318145752,0.9830525247877367,6.955656051635742,2.510711669921875,0.0010349625954404473,0.1891760677099228,6.143789768218994,0,768,6,rows
followup4090_20260608_primary_spectral_pe_T5_l1e-3,pe_T5_l1e-3,polar_express,0,1.0,40108032,blocks.6.mlp.fc2,0.9896667944698654,5.859408378601074,2.6167848110198975,0.0008918186067603528,0.18396374583244324,6.121245384216309,66,41,3072,0.7081914282167914,289.87652587890625,0.9463496804237366,0.06858845800161362,0.23568464815616608,6.536492347717285,0.9916886128106097,5.753098487854004,2.6655070781707764,0.0008993546944111586,0.18614012002944946,6.1179728507995605,0,768,7,rows
followup4090_20260608_primary_spectral_pe_T5_l1e-3,pe_T5_l1e-3,polar_express,0,1.0,40108032,blocks.7.mlp.fc2,1.0005900920209114,5.125039577484131,2.8062615394592285,0.000949061126448214,0.18784864246845245,6.097508430480957,66,47,3072,0.7089056305902222,289.355224609375,0.9449095726013184,0.07200716435909271,0.23406021296977997,6.537660598754883,1.003421229597386,5.035985469818115,2.859361171722412,0.0009544538334012032,0.19021226465702057,6.09382438659668,0,768,8,rows
followup4090_20260608_primary_spectral_pe_T5_l1e-3,pe_T5_l1e-3,polar_express,0,1.0,40108032,blocks.8.mlp.fc2,1.010186364809298,4.652413368225098,2.9563560485839844,0.000912073184736073,0.19087035953998566,6.079133033752441,66,53,3072,0.7107238630563777,285.7247314453125,0.9472965598106384,0.06733925640583038,0.2332867830991745,6.537510871887207,1.0141891191346317,4.552629470825195,3.0204546451568604,0.0009185237577185035,0.1934170126914978,6.075090408325195,0,768,9,rows
followup4090_20260608_primary_spectral_pe_T5_l1e-3,pe_T5_l1e-3,polar_express,0,1.0,40108032,blocks.9.mlp.fc2,1.0386830876870483,4.004091739654541,3.3263814449310303,0.0009697139612399042,0.20312349498271942,6.051441192626953,66,59,3072,0.7123058175281236,285.2274475097656,0.9448068141937256,0.06781431287527084,0.2321304976940155,6.538077354431152,1.0449698855668463,3.92869234085083,3.395775079727173,0.0009769592434167862,0.20591601729393005,6.047049045562744,0,768,10,rows
followup4090_20260608_primary_spectral_pe_T5_l1e-3,pe_T5_l1e-3,polar_express,0,1.0,40108032,blocks.10.mlp.fc2,1.1172365390984655,3.3402793407440186,3.9999852180480957,0.0010245784651488066,0.2281341552734375,6.013022422790527,66,65,3072,0.7135287781114802,287.2409362792969,0.9384816884994507,0.06888894736766815,0.23086746037006378,6.538589000701904,1.130127558135142,3.27962327003479,4.085245132446289,0.0010299358982592821,0.2314203381538391,6.008184909820557,0,768,11,rows
followup4090_20260608_primary_spectral_pe_T5_l1e-3,pe_T5_l1e-3,polar_express,0,1.0,50069504,blocks.0.attn.q_proj,2.147996433451279,3.6810925006866455,7.25752592086792,6.34904790786095e-05,0.417978972196579,6.071455478668213,66,0,768,0.2634163597087588,568.1786499023438,1.1433544158935547,0.00597349600866437,0.170403853058815,6.623209476470947,2.1902917774374444,3.647601842880249,7.3410491943359375,5.706129013560712e-05,0.4214688539505005,6.069543361663818,0,768,0,cols
followup4090_20260608_primary_spectral_pe_T5_l1e-3,pe_T5_l1e-3,polar_express,0,1.0,50069504,blocks.1.attn.q_proj,2.405179765214155,2.7862250804901123,7.710238456726074,2.0372650396893732e-05,0.4336220324039459,5.451446056365967,66,6,768,0.43645535417313,481.7752990722656,1.1431437730789185,0.0003734990896191448,0.297848105430603,6.562010288238525,2.478938968873,2.735079526901245,7.854479789733887,3.698498858284438e-06,0.4380016028881073,5.448153495788574,0,768,1,cols
followup4090_20260608_primary_spectral_pe_T5_l1e-3,pe_T5_l1e-3,polar_express,0,1.0,50069504,blocks.2.attn.q_proj,2.5226635435122122,2.507640838623047,8.057225227355957,8.096188139461447e-06,0.4191320836544037,5.666687488555908,66,12,768,0.38258923659967947,514.1395874023438,1.1428449153900146,0.0019700191915035248,0.2632761001586914,6.585190296173096,2.570863703767639,2.4838345050811768,8.14620590209961,4.991355581296375e-06,0.42201608419418335,5.665070056915283,0,768,2,cols
followup4090_20260608_primary_spectral_pe_T5_l1e-3,pe_T5_l1e-3,polar_express,0,1.0,50069504,blocks.3.attn.q_proj,7.385439760572154,2.0239999294281006,14.219626426696777,4.419227843754925e-05,0.6776976585388184,5.555373668670654,66,18,768,0.4445206033711754,476.83526611328125,1.1429550647735596,0.0005040187388658524,0.30558472871780396,6.55548620223999,7.564142183016856,2.0070786476135254,14.394211769104004,5.5434902606066316e-05,0.683596670627594,5.552942752838135,0,768,3,cols
followup4090_20260608_primary_spectral_pe_T5_l1e-3,pe_T5_l1e-3,polar_express,0,1.0,50069504,blocks.4.attn.q_proj,5.773034678391456,2.172107219696045,12.56777572631836,1.650987906032242e-05,0.6050481200218201,5.745143890380859,66,24,768,0.374427769331088,519.9992065429688,1.1436058282852173,0.0018243355443701148,0.25965070724487305,6.587182998657227,5.920080667371358,2.149263381958008,12.73122787475586,4.216941670165397e-05,0.6102455854415894,5.7431960105896,0,768,4,cols
followup4090_20260608_primary_spectral_pe_T5_l1e-3,pe_T5_l1e-3,polar_express,0,1.0,50069504,blocks.5.attn.q_proj,1.5693409571873789,2.5749671459198,5.953374862670898,6.52609669486992e-05,0.3019225597381592,5.9081950187683105,66,30,768,0.30430152050326814,554.1845703125,1.143097996711731,0.005086366552859545,0.20561112463474274,6.611921787261963,1.5816058016848367,2.5651419162750244,5.9891228675842285,4.632094714906998e-05,0.3032832741737366,5.907497406005859,0,768,5,cols
followup4090_20260608_primary_spectral_pe_T5_l1e-3,pe_T5_l1e-3,polar_express,0,1.0,50069504,blocks.5.mlp.fc2,0.9711036582315358,9.497577667236328,1.7542599439620972,0.0008418894140049815,0.14175817370414734,6.2469801902771,66,35,3072,0.710834328008614,286.7833251953125,0.9468080997467041,0.0689564198255539,0.23548798263072968,6.535451889038086,0.9719229571670008,8.725111961364746,1.8467621803283691,0.0008442404796369374,0.14369633793830872,6.244451522827148,0,768,6,rows
followup4090_20260608_primary_spectral_pe_T5_l1e-3,pe_T5_l1e-3,polar_express,0,1.0,50069504,blocks.6.mlp.fc2,0.9748316610993447,8.434053421020508,1.7523691654205322,0.000802946335170418,0.1352740228176117,6.235111236572266,66,41,3072,0.7094814248521594,283.1142272949219,0.9551916718482971,0.06859537214040756,0.2353258579969406,6.5362653732299805,0.9755594220993118,7.821466445922852,1.8361198902130127,0.0008046628790907562,0.1370977759361267,6.232564926147461,0,768,7,rows
followup4090_20260608_primary_spectral_pe_T5_l1e-3,pe_T5_l1e-3,polar_express,0,1.0,50069504,blocks.7.mlp.fc2,0.9775207428120088,7.202250957489014,1.8765584230422974,0.0008306547533720732,0.13653230667114258,6.21657133102417,66,47,3072,0.707186988644868,286.6180725097656,0.9534793496131897,0.07401946187019348,0.23563624918460846,6.537024974822998,0.978504603554824,6.729819297790527,1.9589977264404297,0.0008315590675920248,0.13835649192333221,6.214079856872559,0,768,8,rows
followup4090_20260608_primary_spectral_pe_T5_l1e-3,pe_T5_l1e-3,polar_express,0,1.0,50069504,blocks.8.mlp.fc2,0.9807141779016124,6.157954216003418,2.0720794200897217,0.000765279692132026,0.14290352165699005,6.1915788650512695,66,53,3072,0.7089527760682794,286.87347412109375,0.9495866894721985,0.07003207504749298,0.23479260504245758,6.537144660949707,0.9820630891781732,5.829427242279053,2.1486120223999023,0.0007686772150918841,0.14470387995243073,6.189118385314941,0,768,9,rows
followup4090_20260608_primary_spectral_pe_T5_l1e-3,pe_T5_l1e-3,polar_express,0,1.0,50069504,blocks.9.mlp.fc2,0.9894263181190157,4.874176979064941,2.4464569091796875,0.0008615474798716605,0.15395431220531464,6.16879940032959,66,59,3072,0.7072496886894083,288.88739013671875,0.948960542678833,0.07133150845766068,0.23475603759288788,6.537747383117676,0.9916497263944019,4.685832977294922,2.516371488571167,0.0008638430736027658,0.1557418555021286,6.166475772857666,0,768,10,rows
followup4090_20260608_primary_spectral_pe_T5_l1e-3,pe_T5_l1e-3,polar_express,0,1.0,50069504,blocks.10.mlp.fc2,1.0310686456149518,3.4974100589752197,3.245253086090088,0.0008970245835371315,0.18055596947669983,6.125364303588867,66,65,3072,0.706414972838491,287.9823303222656,0.9514083862304688,0.06907736510038376,0.23400478065013885,6.538819789886475,1.0360228438653418,3.418660879135132,3.3081881999969482,0.0008990528294816613,0.18236751854419708,6.123264789581299,0,768,11,rows
followup4090_20260608_primary_spectral_pe_T5_l1e-3,pe_T5_l1e-3,polar_express,0,1.0,60030976,blocks.0.attn.q_proj,1.8126946275343894,3.7785885334014893,6.44446325302124,5.503396823769435e-05,0.38125234842300415,6.036048889160156,66,0,768,0.27190827548322233,564.3020629882812,1.1432974338531494,0.0014310383703559637,0.17657102644443512,6.621610641479492,1.846296070064736,3.745471477508545,6.523136615753174,3.7120113120181486e-05,0.3847469091415405,6.033760070800781,0,768,0,cols
followup4090_20260608_primary_spectral_pe_T5_l1e-3,pe_T5_l1e-3,polar_express,0,1.0,60030976,blocks.1.attn.q_proj,2.590664804551685,2.4292163848876953,8.099340438842773,4.274473212717567e-06,0.4273293912410736,5.445847988128662,66,6,768,0.4477640401977258,475.40374755859375,1.1429957151412964,0.0012163236970081925,0.3043515086174011,6.556920051574707,2.66953856991183,2.391981601715088,8.244383811950684,1.2757635886373464e-05,0.4319573938846588,5.442163944244385,0,768,1,cols
followup4090_20260608_primary_spectral_pe_T5_l1e-3,pe_T5_l1e-3,polar_express,0,1.0,60030976,blocks.2.attn.q_proj,2.657435740677652,2.231417655944824,8.323286056518555,1.904601595015265e-05,0.41065654158592224,5.670170307159424,66,12,768,0.3806989438188876,514.6367797851562,1.1432660818099976,0.0016032096464186907,0.26265275478363037,6.58541202545166,2.698803179065033,2.2198526859283447,8.396340370178223,4.8331599828088656e-05,0.413393497467041,5.6684160232543945,0,768,2,cols
followup4090_20260608_primary_spectral_pe_T5_l1e-3,pe_T5_l1e-3,polar_express,0,1.0,60030976,blocks.3.attn.q_proj,6.3116185630721535,2.0251874923706055,13.129446029663086,5.07379554619547e-05,0.625495970249176,5.5760087966918945,66,18,768,0.4466271115086342,478.0706787109375,1.1434396505355835,0.000569879193790257,0.3081158399581909,6.554121971130371,6.524729888994018,1.9993387460708618,13.355911254882812,3.321930125821382e-05,0.6328657269477844,5.572099685668945,0,768,3,cols
followup4090_20260608_primary_spectral_pe_T5_l1e-3,pe_T5_l1e-3,polar_express,0,1.0,60030976,blocks.4.attn.q_proj,5.364983614428878,2.329115867614746,12.028949737548828,4.896642735729984e-07,0.6009430885314941,5.741241931915283,66,24,768,0.36998184751201596,519.867919921875,1.142957329750061,0.0022019436582922935,0.2561521828174591,6.588719844818115,5.470575169569918,2.324652671813965,12.140953063964844,7.846901098673698e-06,0.6065323352813721,5.738170623779297,0,768,4,cols
followup4090_20260608_primary_spectral_pe_T5_l1e-3,pe_T5_l1e-3,polar_express,0,1.0,60030976,blocks.5.attn.q_proj,1.9724065761155698,2.1463611125946045,6.98330020904541,7.218037353595719e-05,0.3285188674926758,5.896180629730225,66,30,768,0.30450083919590143,551.42822265625,1.1432054042816162,0.0018302369862794876,0.20515742897987366,6.611933708190918,1.9899464834162686,2.1436500549316406,7.022530555725098,6.899626168888062e-05,0.33030736446380615,5.894838333129883,0,768,5,cols
followup4090_20260608_primary_spectral_pe_T5_l1e-3,pe_T5_l1e-3,polar_express,0,1.0,60030976,blocks.5.mlp.fc2,0.9669919531153046,13.097283363342285,1.5307753086090088,0.0007877585594542325,0.1423323005437851,6.263679504394531,66,35,3072,0.7121162032331634,284.8560791015625,0.9475315809249878,0.06795928627252579,0.2349308729171753,6.5355224609375,0.967090717729921,12.370696067810059,1.586254358291626,0.000788413337431848,0.14377157390117645,6.261801242828369,0,768,6,rows
followup4090_20260608_primary_spectral_pe_T5_l1e-3,pe_T5_l1e-3,polar_express,0,1.0,60030976,blocks.6.mlp.fc2,0.9707678585418404,11.912245750427246,1.5113797187805176,0.0007590247550979257,0.13577896356582642,6.251838207244873,66,41,3072,0.7119053906794562,282.33355712890625,0.9521169662475586,0.07225242257118225,0.23470857739448547,6.535961151123047,0.970808052642841,11.376590728759766,1.5569396018981934,0.0007608511950820684,0.13704489171504974,6.250082492828369,0,768,7,rows
followup4090_20260608_primary_spectral_pe_T5_l1e-3,pe_T5_l1e-3,polar_express,0,1.0,60030976,blocks.7.mlp.fc2,0.9729300121085098,9.645344734191895,1.6738002300262451,0.0007011606357991695,0.13821104168891907,6.232690811157227,66,47,3072,0.7088510519565004,289.7269287109375,0.9443947672843933,0.06845693290233612,0.23408536612987518,6.537646770477295,0.9730880354918959,9.30733585357666,1.7153284549713135,0.0007038460462354124,0.13947300612926483,6.230951309204102,0,768,8,rows
followup4090_20260608_primary_spectral_pe_T5_l1e-3,pe_T5_l1e-3,polar_express,0,1.0,60030976,blocks.8.mlp.fc2,0.9749088145021216,8.177897453308105,1.8595422506332397,0.0007176332292146981,0.14515945315361023,6.206449508666992,66,53,3072,0.7094851414299916,286.4194641113281,0.9485275149345398,0.07044856250286102,0.2337108701467514,6.5377302169799805,0.9752340150624436,7.944946765899658,1.8988111019134521,0.0007197909289970994,0.14639678597450256,6.204817295074463,0,768,9,rows
followup4090_20260608_primary_spectral_pe_T5_l1e-3,pe_T5_l1e-3,polar_express,0,1.0,60030976,blocks.9.mlp.fc2,0.9803348804861767,6.3799004554748535,2.206425666809082,0.0007858953904360533,0.155765101313591,6.1872663497924805,66,59,3072,0.7081856468734967,288.0915222167969,0.9478101134300232,0.0655604749917984,0.233486145734787,6.538455963134766,0.9809730994905925,6.265438079833984,2.240231513977051,0.0007836889126338065,0.1569930464029312,6.185701370239258,0,768,10,rows
followup4090_20260608_primary_spectral_pe_T5_l1e-3,pe_T5_l1e-3,polar_express,0,1.0,60030976,blocks.10.mlp.fc2,1.0168393832566034,4.153112888336182,3.0814223289489746,0.0008660542662255466,0.18397203087806702,6.141988277435303,66,65,3072,0.7071592519621569,288.64874267578125,0.949124813079834,0.0695456936955452,0.23406551778316498,6.538450241088867,1.0189909376938995,4.1152215003967285,3.1137967109680176,0.0008645009365864098,0.1852908432483673,6.140446186065674,0,768,11,rows
followup4090_20260608_primary_spectral_pe_T5_l1e-3,pe_T5_l1e-3,polar_express,0,1.0,70123520,blocks.0.attn.q_proj,1.5988702692728562,3.766990900039673,5.973564147949219,3.853236194117926e-05,0.3510933220386505,6.03564453125,66,0,768,0.2693233783945132,566.172119140625,1.143018126487732,0.00034610356669873,0.17524050176143646,6.621938705444336,1.616921137199974,3.7384226322174072,6.02327299118042,4.91493301524315e-06,0.352957546710968,6.0346832275390625,0,768,0,cols
followup4090_20260608_primary_spectral_pe_T5_l1e-3,pe_T5_l1e-3,polar_express,0,1.0,70123520,blocks.1.attn.q_proj,2.862522562106595,2.1823275089263916,8.614895820617676,1.7606260371394455e-05,0.43232956528663635,5.439627647399902,66,6,768,0.43085047950003447,486.13446044921875,1.1428894996643066,0.00017317672609351575,0.29550260305404663,6.563856601715088,2.8926246401313316,2.17423939704895,8.666193008422852,4.915619138046168e-05,0.4341872036457062,5.438556671142578,0,768,1,cols
followup4090_20260608_primary_spectral_pe_T5_l1e-3,pe_T5_l1e-3,polar_express,0,1.0,70123520,blocks.2.attn.q_proj,3.5824806757402916,1.8863444328308105,9.812915802001953,4.78919391753152e-05,0.45106059312820435,5.64056396484375,66,12,768,0.380296796332335,515.0570678710938,1.1431169509887695,0.0024554827250540257,0.2617206871509552,6.586090087890625,3.610622878388155,1.883185863494873,9.853947639465332,3.762633423320949e-05,0.4526413679122925,5.639985084533691,0,768,2,cols
followup4090_20260608_primary_spectral_pe_T5_l1e-3,pe_T5_l1e-3,polar_express,0,1.0,70123520,blocks.3.attn.q_proj,5.763574198344978,2.145838737487793,12.485220909118652,4.5783017412759364e-05,0.6110812425613403,5.588985443115234,66,18,768,0.413407237635732,496.0630187988281,1.1430906057357788,0.0010577505454421043,0.2859169840812683,6.570534706115723,5.80833941477722,2.143278121948242,12.533773422241211,3.779604594456032e-05,0.6131854057312012,5.588526248931885,0,768,3,cols
followup4090_20260608_primary_spectral_pe_T5_l1e-3,pe_T5_l1e-3,polar_express,0,1.0,70123520,blocks.4.attn.q_proj,5.610029979501933,2.1627707481384277,12.38160514831543,2.948461587948259e-05,0.5948957800865173,5.759145736694336,66,24,768,0.35037239137563475,529.859130859375,1.1432368755340576,0.00015596665616612881,0.24202857911586761,6.595923900604248,5.6507416483784665,2.1584887504577637,12.427623748779297,2.1578850919468096e-06,0.5966033339500427,5.758977890014648,0,768,4,cols
followup4090_20260608_primary_spectral_pe_T5_l1e-3,pe_T5_l1e-3,polar_express,0,1.0,70123520,blocks.5.attn.q_proj,2.0218729882035475,2.1332645416259766,7.095266342163086,3.903058313881047e-05,0.33235087990760803,5.907893657684326,66,30,768,0.2987144716386643,553.8268432617188,1.1435524225234985,0.00010426311928313226,0.20127947628498077,6.613259792327881,2.0404112784308133,2.1248435974121094,7.136280059814453,4.034500670968555e-05,0.3337405323982239,5.907375335693359,0,768,5,cols
followup4090_20260608_primary_spectral_pe_T5_l1e-3,pe_T5_l1e-3,polar_express,0,1.0,70123520,blocks.5.mlp.fc2,0.9620854509470952,15.39836311340332,1.5105563402175903,0.0007715038955211639,0.1511046588420868,6.268633842468262,66,35,3072,0.7113786690100079,284.72906494140625,0.9491486549377441,0.06755896657705307,0.23497141897678375,6.535935401916504,0.9621201390068629,14.812148094177246,1.546437382698059,0.0007739432039670646,0.15193010866641998,6.267899036407471,0,768,6,rows
followup4090_20260608_primary_spectral_pe_T5_l1e-3,pe_T5_l1e-3,polar_express,0,1.0,70123520,blocks.6.mlp.fc2,0.9665473402857429,13.614689826965332,1.5121411085128784,0.0007019012118689716,0.1445203423500061,6.25393009185791,66,41,3072,0.7129422470691388,285.8692932128906,0.9435701966285706,0.06607508659362793,0.23378516733646393,6.536113262176514,0.9665642025370188,13.196819305419922,1.5419788360595703,0.0007022761274129152,0.14527027308940887,6.253220081329346,0,768,7,rows
followup4090_20260608_primary_spectral_pe_T5_l1e-3,pe_T5_l1e-3,polar_express,0,1.0,70123520,blocks.7.mlp.fc2,0.968977362758396,10.978578567504883,1.6722922325134277,0.0007075725588947535,0.14658723771572113,6.234168529510498,66,47,3072,0.7102422909250395,287.6822814941406,0.9453426599502563,0.07037818431854248,0.23388013243675232,6.537273406982422,0.9690743379096115,10.702645301818848,1.7004133462905884,0.0007100814837031066,0.14733748137950897,6.233462333679199,0,768,8,rows
followup4090_20260608_primary_spectral_pe_T5_l1e-3,pe_T5_l1e-3,polar_express,0,1.0,70123520,blocks.8.mlp.fc2,0.9718698926946181,8.565884590148926,1.955080270767212,0.0007230915944091976,0.15570083260536194,6.206288814544678,66,53,3072,0.7102495864296733,287.02923583984375,0.9463331699371338,0.06679661571979523,0.2338182032108307,6.537285804748535,0.9721822917090734,8.384540557861328,1.984371542930603,0.0007260140846483409,0.15653185546398163,6.205507755279541,0,768,9,rows
followup4090_20260608_primary_spectral_pe_T5_l1e-3,pe_T5_l1e-3,polar_express,0,1.0,70123520,blocks.9.mlp.fc2,0.9799216520916427,6.593599796295166,2.3714544773101807,0.000833330734167248,0.17069093883037567,6.178940773010254,66,59,3072,0.708008627647857,286.50067138671875,0.9510717391967773,0.06603257358074188,0.2337549328804016,6.538387298583984,0.9806774250763824,6.490480899810791,2.4004807472229004,0.0008330440032295883,0.17161215841770172,6.178074836730957,0,768,10,rows
followup4090_20260608_primary_spectral_pe_T5_l1e-3,pe_T5_l1e-3,polar_express,0,1.0,70123520,blocks.10.mlp.fc2,1.0159391455150137,4.800567626953125,3.1055877208709717,0.0008338064653798938,0.19888977706432343,6.135372161865234,66,65,3072,0.706253783481396,289.4051208496094,0.9495652914047241,0.0629819706082344,0.23424085974693298,6.538731098175049,1.0184955316339634,4.7374444007873535,3.141130208969116,0.0008327977266162634,0.20006893575191498,6.134294033050537,0,768,11,rows
followup4090_20260608_primary_spectral_pe_T5_l1e-3,pe_T5_l1e-3,polar_express,0,1.0,80084992,blocks.0.attn.q_proj,2.0622781082344366,3.0685641765594482,7.030860424041748,4.467449616640806e-05,0.3863373398780823,5.971221923828125,66,0,768,0.28050012590606416,562.4398803710938,1.1433804035186768,0.0012692406307905912,0.1872742921113968,6.617917060852051,2.0813291485515224,3.0591723918914795,7.070559024810791,5.073820648249239e-05,0.3880990743637085,5.970261573791504,0,768,0,cols
followup4090_20260608_primary_spectral_pe_T5_l1e-3,pe_T5_l1e-3,polar_express,0,1.0,80084992,blocks.1.attn.q_proj,4.000266145300688,2.0300421714782715,10.283895492553711,1.5138650269364007e-05,0.5027448534965515,5.360167503356934,66,6,768,0.4521344604263908,471.2642517089844,1.1425930261611938,0.00014779945195186883,0.3073537349700928,6.553822040557861,4.0390198659147805,2.0233428478240967,10.338106155395508,1.358933423034614e-05,0.5046243071556091,5.359472274780273,0,768,1,cols
followup4090_20260608_primary_spectral_pe_T5_l1e-3,pe_T5_l1e-3,polar_express,0,1.0,80084992,blocks.2.attn.q_proj,4.359368227400156,1.8150303363800049,10.862441062927246,8.267445082310587e-05,0.4931908845901489,5.616239547729492,66,12,768,0.3921370906379735,506.762451171875,1.1429858207702637,0.0031679754611104727,0.2692348062992096,6.581527233123779,4.439105890629753,1.803223967552185,10.96646499633789,7.05668717273511e-05,0.4965527653694153,5.614415168762207,0,768,2,cols
followup4090_20260608_primary_spectral_pe_T5_l1e-3,pe_T5_l1e-3,polar_express,0,1.0,80084992,blocks.3.attn.q_proj,8.202888666182892,1.7853496074676514,14.991863250732422,1.4809920685365796e-05,0.6775908470153809,5.563689708709717,66,18,768,0.42720654699930133,488.05120849609375,1.143157958984375,0.0005576236289925873,0.29468870162963867,6.564257621765137,8.325333662933911,1.778139591217041,15.105010032653809,1.4785164239583537e-05,0.6815862655639648,5.562112331390381,0,768,3,cols
followup4090_20260608_primary_spectral_pe_T5_l1e-3,pe_T5_l1e-3,polar_express,0,1.0,80084992,blocks.4.attn.q_proj,8.635196594797293,1.7434489727020264,15.434436798095703,3.263047256041318e-05,0.6787546277046204,5.726826190948486,66,24,768,0.3617663522138261,527.4813842773438,1.1430612802505493,0.0032818575855344534,0.250802606344223,6.591951370239258,8.70352766770662,1.7409778833389282,15.495885848999023,4.2305211536586285e-05,0.6811007857322693,5.726255416870117,0,768,4,cols
followup4090_20260608_primary_spectral_pe_T5_l1e-3,pe_T5_l1e-3,polar_express,0,1.0,80084992,blocks.5.attn.q_proj,2.725668806053033,1.8333622217178345,8.468130111694336,1.57642898557242e-05,0.37397605180740356,5.882606029510498,66,30,768,0.31222880895567007,549.8277587890625,1.143227219581604,0.010570034384727478,0.2118729054927826,6.609559535980225,2.7832182243220323,1.8187754154205322,8.567947387695312,2.3449223590432666e-05,0.37726813554763794,5.880459785461426,0,768,5,cols
followup4090_20260608_primary_spectral_pe_T5_l1e-3,pe_T5_l1e-3,polar_express,0,1.0,80084992,blocks.5.mlp.fc2,0.9589554729827015,13.66562271118164,1.7279987335205078,0.0007828360539861023,0.16373854875564575,6.266383171081543,66,35,3072,0.7110083877370911,285.7178955078125,0.9482485055923462,0.06528721749782562,0.23524166643619537,6.535751819610596,0.9591496985871943,13.163065910339355,1.7693829536437988,0.0007840795442461967,0.16484668850898743,6.265258312225342,0,768,6,rows
followup4090_20260608_primary_spectral_pe_T5_l1e-3,pe_T5_l1e-3,polar_express,0,1.0,80084992,blocks.6.mlp.fc2,0.9643320534211752,11.719582557678223,1.7621756792068481,0.0007653709035366774,0.15774066746234894,6.248013019561768,66,41,3072,0.7130863676984116,284.6086120605469,0.9456949830055237,0.06486532837152481,0.2342505007982254,6.535563945770264,0.9645575946351805,11.332770347595215,1.8012298345565796,0.0007686164462938905,0.15884430706501007,6.246795654296875,0,768,7,rows
followup4090_20260608_primary_spectral_pe_T5_l1e-3,pe_T5_l1e-3,polar_express,0,1.0,80084992,blocks.7.mlp.fc2,0.9676988599841018,9.623953819274902,1.9471527338027954,0.0007558712386526167,0.16135185956954956,6.227441310882568,66,47,3072,0.709600286517276,289.9917297363281,0.9424715638160706,0.06863834708929062,0.23364272713661194,6.537784099578857,0.9681175944198687,9.351563453674316,1.9855914115905762,0.0007611169130541384,0.16248257458209991,6.226170539855957,0,768,8,rows
followup4090_20260608_primary_spectral_pe_T5_l1e-3,pe_T5_l1e-3,polar_express,0,1.0,80084992,blocks.8.mlp.fc2,0.9727193372058336,7.991644382476807,2.2050223350524902,0.0006943371263332665,0.17119628190994263,6.197810649871826,66,53,3072,0.7092509970265598,285.7391662597656,0.9503201842308044,0.06160623952746391,0.23370429873466492,6.538035869598389,0.9735173002315208,7.800424575805664,2.2439255714416504,0.0006986009539104998,0.17241886258125305,6.196460723876953,0,768,9,rows
followup4090_20260608_primary_spectral_pe_T5_l1e-3,pe_T5_l1e-3,polar_express,0,1.0,80084992,blocks.9.mlp.fc2,0.9914177844074633,5.861047744750977,2.7518951892852783,0.0007727816118858755,0.1888696700334549,6.168401718139648,66,59,3072,0.7076231359360341,287.3861389160156,0.950642466545105,0.0636846274137497,0.2343791425228119,6.537995338439941,0.9937486293124077,5.729211807250977,2.800218105316162,0.0007760841399431229,0.19037367403507233,6.166782855987549,0,768,10,rows
followup4090_20260608_primary_spectral_pe_T5_l1e-3,pe_T5_l1e-3,polar_express,0,1.0,80084992,blocks.10.mlp.fc2,1.0740739247925926,4.170941352844238,3.7102553844451904,0.0008490461623296142,0.22522902488708496,6.115935325622559,66,65,3072,0.7064115315627204,289.7599792480469,0.9484630823135376,0.062402788549661636,0.23429590463638306,6.5383195877075195,1.0822936184472227,4.0826735496521,3.77760648727417,0.0008551864884793758,0.22733350098133087,6.113739967346191,0,768,11,rows
followup4090_20260608_primary_spectral_pe_T5_l1e-3,pe_T5_l1e-3,polar_express,0,1.0,90046464,blocks.0.attn.q_proj,1.6331467524583643,3.766521453857422,5.948388576507568,2.777549707388971e-05,0.35975465178489685,5.964723110198975,66,0,768,0.28390569844054653,561.4627685546875,1.1434036493301392,0.00023073612828738987,0.1884530484676361,6.6179118156433105,1.6415879266215903,3.773359775543213,5.965330123901367,0.00011521345004439354,0.36123329401016235,5.963953018188477,0,768,0,cols
followup4090_20260608_primary_spectral_pe_T5_l1e-3,pe_T5_l1e-3,polar_express,0,1.0,90046464,blocks.1.attn.q_proj,4.43430654978904,1.7796216011047363,10.942749977111816,2.3283317204914056e-05,0.5017734169960022,5.378163814544678,66,6,768,0.44498565737881457,476.7540283203125,1.142517328262329,0.0010456942254677415,0.3038787841796875,6.5570478439331055,4.4474090008090625,1.7803400754928589,10.959563255310059,3.620533607318066e-05,0.5026285648345947,5.3783488273620605,0,768,1,cols
followup4090_20260608_primary_spectral_pe_T5_l1e-3,pe_T5_l1e-3,polar_express,0,1.0,90046464,blocks.2.attn.q_proj,4.069093312525106,1.754318118095398,10.499289512634277,1.9864211935782805e-05,0.4676836431026459,5.645687103271484,66,12,768,0.37243867752292215,517.757080078125,1.1432652473449707,0.0006374593358486891,0.25710517168045044,6.588156223297119,4.068353025281334,1.7589714527130127,10.497913360595703,3.6547888157656416e-05,0.4681619107723236,5.645998001098633,0,768,2,cols
followup4090_20260608_primary_spectral_pe_T5_l1e-3,pe_T5_l1e-3,polar_express,0,1.0,90046464,blocks.3.attn.q_proj,12.492828741958052,1.4504075050354004,18.591543197631836,7.118653229554184e-06,0.7692850232124329,5.510824203491211,66,18,768,0.4397956629126229,479.36505126953125,1.1428099870681763,0.00011509921023389325,0.30137327313423157,6.558992385864258,12.71167846405291,1.4450792074203491,18.7544002532959,4.5585184125229716e-05,0.7749047875404358,5.508562088012695,0,768,3,cols
followup4090_20260608_primary_spectral_pe_T5_l1e-3,pe_T5_l1e-3,polar_express,0,1.0,90046464,blocks.4.attn.q_proj,7.338531592892041,1.7963998317718506,14.213448524475098,3.5766639484791085e-05,0.6316960453987122,5.751000881195068,66,24,768,0.34867931810925606,531.1007080078125,1.1427361965179443,0.0011922788107767701,0.24014632403850555,6.597099304199219,7.337313656571309,1.7999473810195923,14.212056159973145,2.300677624589298e-05,0.6321274042129517,5.7514824867248535,0,768,4,cols
followup4090_20260608_primary_spectral_pe_T5_l1e-3,pe_T5_l1e-3,polar_express,0,1.0,90046464,blocks.5.attn.q_proj,2.578751933740045,1.8749107122421265,8.203718185424805,6.742386904079467e-05,0.36573758721351624,5.888278961181641,66,30,768,0.3037305096146521,552.7966918945312,1.1436020135879517,0.00964419636875391,0.2048952579498291,6.612127780914307,2.600929992524361,1.8706039190292358,8.243889808654785,3.989420656580478e-05,0.3672189712524414,5.887656211853027,0,768,5,cols
followup4090_20260608_primary_spectral_pe_T5_l1e-3,pe_T5_l1e-3,polar_express,0,1.0,90046464,blocks.5.mlp.fc2,0.9552193487040739,15.196795463562012,1.7193090915679932,0.0008156678522937,0.1722748875617981,6.262053489685059,66,35,3072,0.7111387432632815,286.3158874511719,0.9471313953399658,0.06477298587560654,0.2354661375284195,6.535417079925537,0.955369525978703,14.722760200500488,1.7530128955841064,0.0008173943497240543,0.1730712652206421,6.261472702026367,0,768,6,rows
followup4090_20260608_primary_spectral_pe_T5_l1e-3,pe_T5_l1e-3,polar_express,0,1.0,90046464,blocks.6.mlp.fc2,0.9610512099269983,12.720702171325684,1.7716389894485474,0.000684776168782264,0.16512194275856018,6.246785640716553,66,41,3072,0.7137154329092777,280.84368896484375,0.9507597088813782,0.06544092297554016,0.23379471898078918,6.535839080810547,0.9612212777755815,12.383429527282715,1.8017545938491821,0.0006891468656249344,0.16584539413452148,6.246259689331055,0,768,7,rows
followup4090_20260608_primary_spectral_pe_T5_l1e-3,pe_T5_l1e-3,polar_express,0,1.0,90046464,blocks.7.mlp.fc2,0.9663896610299338,9.640246391296387,2.0558838844299316,0.0007532369345426559,0.1717291921377182,6.217998027801514,66,47,3072,0.7108761050964691,285.0743103027344,0.9487377405166626,0.06505627930164337,0.23416419327259064,6.536708354949951,0.9668335167788261,9.41254711151123,2.087982416152954,0.0007527648122049868,0.17250077426433563,6.21744441986084,0,768,8,rows
followup4090_20260608_primary_spectral_pe_T5_l1e-3,pe_T5_l1e-3,polar_express,0,1.0,90046464,blocks.8.mlp.fc2,0.972512447706505,8.116782188415527,2.305217742919922,0.0007147996802814305,0.18126407265663147,6.190445899963379,66,53,3072,0.7100865387836621,286.2839050292969,0.9480987191200256,0.06372826546430588,0.23413754999637604,6.537145137786865,0.9732351156183314,7.956214427947998,2.336293935775757,0.0007178709493018687,0.1820291429758072,6.189979553222656,0,768,9,rows
followup4090_20260608_primary_spectral_pe_T5_l1e-3,pe_T5_l1e-3,polar_express,0,1.0,90046464,blocks.9.mlp.fc2,1.004627534406013,5.418357849121094,3.0168023109436035,0.0007565481355413795,0.20091034471988678,6.158405303955078,66,59,3072,0.7079966520081753,287.419189453125,0.9496650099754333,0.054307594895362854,0.2337666153907776,6.538413047790527,1.0068790234916873,5.3295769691467285,3.0534791946411133,0.0007573335897177458,0.2018614262342453,6.157839775085449,0,768,10,rows
followup4090_20260608_primary_spectral_pe_T5_l1e-3,pe_T5_l1e-3,polar_express,0,1.0,90046464,blocks.10.mlp.fc2,1.1371943555811048,3.6027159690856934,4.200375080108643,0.0008309106342494488,0.23899543285369873,6.108283996582031,66,65,3072,0.7062639008321615,291.77044677734375,0.9456320405006409,0.06036217883229256,0.2344447374343872,6.538366317749023,1.147007910521647,3.5365896224975586,4.261523723602295,0.0008316424791701138,0.2405422329902649,6.107294082641602,0,768,11,rows
followup4090_20260608_primary_spectral_pe_T5_l1e-3,pe_T5_l1e-3,polar_express,0,1.0,100007936,blocks.0.attn.q_proj,3.6505744382724785,2.2736053466796875,9.708102226257324,4.7150850150501356e-05,0.47929254174232483,5.869105815887451,66,0,768,0.29813826442363467,553.65478515625,1.1434192657470703,0.001747447531670332,0.2011311799287796,6.6132426261901855,3.658472303817042,2.2771008014678955,9.720406532287598,0.0001072046798071824,0.48017486929893494,5.869277000427246,0,768,0,cols
followup4090_20260608_primary_spectral_pe_T5_l1e-3,pe_T5_l1e-3,polar_express,0,1.0,100007936,blocks.1.attn.q_proj,4.975882692577792,1.8118621110916138,11.594419479370117,4.078441997990012e-05,0.5369244813919067,5.362353801727295,66,6,768,0.4653534330440057,464.12945556640625,1.14300537109375,0.0006989094545133412,0.31550511717796326,6.5471510887146,5.0787872995971455,1.8018364906311035,11.718330383300781,8.325682574650273e-05,0.5413652658462524,5.359675407409668,0,768,1,cols
followup4090_20260608_primary_spectral_pe_T5_l1e-3,pe_T5_l1e-3,polar_express,0,1.0,100007936,blocks.2.attn.q_proj,6.882859328909682,1.4911227226257324,13.76832389831543,1.2464159226510674e-05,0.5747313499450684,5.584619998931885,66,12,768,0.3993925732344384,504.75396728515625,1.1429579257965088,0.0021584900096058846,0.27426013350486755,6.57865571975708,6.984385773808426,1.4881552457809448,13.870853424072266,4.06835024477914e-05,0.5786030888557434,5.582786560058594,0,768,2,cols
followup4090_20260608_primary_spectral_pe_T5_l1e-3,pe_T5_l1e-3,polar_express,0,1.0,100007936,blocks.3.attn.q_proj,12.837520137640546,1.520423412322998,18.8212833404541,2.760802090051584e-05,0.7961410284042358,5.5113325119018555,66,18,768,0.4370950185133695,480.3421630859375,1.1431182622909546,0.000365184445399791,0.29965656995773315,6.560100078582764,13.047376291985483,1.516035795211792,18.975473403930664,6.512931122415466e-06,0.8017441630363464,5.509311676025391,0,768,3,cols
followup4090_20260608_primary_spectral_pe_T5_l1e-3,pe_T5_l1e-3,polar_express,0,1.0,100007936,blocks.4.attn.q_proj,10.808940378262156,1.6097683906555176,17.285009384155273,1.9694782167789526e-05,0.7370173931121826,5.708940505981445,66,24,768,0.3809134385376692,514.1671142578125,1.1432026624679565,0.0035344043280929327,0.2623847723007202,6.585586071014404,11.17676926041381,1.5951157808303833,17.578542709350586,2.6140549380215816e-05,0.7469325065612793,5.705097198486328,0,768,4,cols
followup4090_20260608_primary_spectral_pe_T5_l1e-3,pe_T5_l1e-3,polar_express,0,1.0,100007936,blocks.5.attn.q_proj,3.3696597934934664,1.7010743618011475,9.512519836425781,7.788552466081455e-06,0.40863823890686035,5.8687944412231445,66,30,768,0.3071811456553505,550.6229248046875,1.143330693244934,0.0009003686718642712,0.20792677998542786,6.610808372497559,3.3972329467799027,1.6992136240005493,9.55426025390625,1.4404041394300293e-05,0.4102786183357239,5.868328094482422,0,768,5,cols
followup4090_20260608_primary_spectral_pe_T5_l1e-3,pe_T5_l1e-3,polar_express,0,1.0,100007936,blocks.5.mlp.fc2,0.9565502276955966,12.02352237701416,2.0789597034454346,0.0008843124960549176,0.18792100250720978,6.254906177520752,66,35,3072,0.7115079233279517,285.8172912597656,0.9469283819198608,0.06441208720207214,0.23494558036327362,6.535723686218262,0.9567573236714715,11.881193161010742,2.0997302532196045,0.0008869447046890855,0.18884234130382538,6.254246711730957,0,768,6,rows
followup4090_20260608_primary_spectral_pe_T5_l1e-3,pe_T5_l1e-3,polar_express,0,1.0,100007936,blocks.6.mlp.fc2,0.964892568418691,9.662137985229492,2.2036406993865967,0.0008102115243673325,0.1824570894241333,6.23563814163208,66,41,3072,0.7123659022030783,285.3523864746094,0.9456430077552795,0.0668841004371643,0.2339996099472046,6.536228179931641,0.9654637513710955,9.480485916137695,2.235222578048706,0.0008149609202519059,0.1835622936487198,6.234689235687256,0,768,7,rows
followup4090_20260608_primary_spectral_pe_T5_l1e-3,pe_T5_l1e-3,polar_express,0,1.0,100007936,blocks.7.mlp.fc2,0.9799876557609228,7.177172660827637,2.60233736038208,0.0007539037032984197,0.1920916736125946,6.2024312019348145,66,47,3072,0.7088444447070209,289.2957458496094,0.9453900456428528,0.06027741730213165,0.23444132506847382,6.537313461303711,0.9813457208310334,7.054878234863281,2.6379659175872803,0.0007568575674667954,0.19331201910972595,6.201385974884033,0,768,8,rows
followup4090_20260608_primary_spectral_pe_T5_l1e-3,pe_T5_l1e-3,polar_express,0,1.0,100007936,blocks.8.mlp.fc2,1.0010996761370223,5.909422397613525,2.9765419960021973,0.0007850844413042068,0.20539237558841705,6.167707443237305,66,53,3072,0.7088574527294338,287.4034729003906,0.9486544728279114,0.06146723031997681,0.23490123450756073,6.536792755126953,1.00323980553876,5.839206218719482,3.0099496841430664,0.0007874979637563229,0.20672033727169037,6.16649866104126,0,768,9,rows
followup4090_20260608_primary_spectral_pe_T5_l1e-3,pe_T5_l1e-3,polar_express,0,1.0,100007936,blocks.9.mlp.fc2,1.0569433916575648,4.652717113494873,3.5839340686798096,0.0009578513563610613,0.22648583352565765,6.135130882263184,66,59,3072,0.7064023777691706,288.5384521484375,0.9507739543914795,0.06494590640068054,0.2342522293329239,6.538695335388184,1.0606480626756492,4.624882698059082,3.613844156265259,0.0009646753896959126,0.2279438078403473,6.133841514587402,0,768,10,rows
followup4090_20260608_primary_spectral_pe_T5_l1e-3,pe_T5_l1e-3,polar_express,0,1.0,100007936,blocks.10.mlp.fc2,1.2726443464223227,3.379347085952759,4.818063259124756,0.0010382893960922956,0.2715294361114502,6.074936389923096,66,65,3072,0.7061338894335482,291.2832946777344,0.9459826946258545,0.06486745178699493,0.23342950642108917,6.539370536804199,1.2810370674226987,3.372030258178711,4.849751949310303,0.0010432380950078368,0.2732536196708679,6.073429107666016,0,768,11,rows
followup4090_20260608_primary_spectral_pe_T5_l3e-5,pe_T5_l3e-5,polar_express,0,1.0,10092544,blocks.0.attn.q_proj,29.43947441551209,4.758450508117676,25.513084411621094,5.7747183745959774e-05,1.8169300556182861,5.705026149749756,66,0,768,1.4618984086348472,320.6262512207031,1.967397689819336,0.007765846326947212,0.6052446961402893,6.4747209548950195,29.714578259675893,4.756991386413574,25.609878540039062,8.961828280007467e-05,1.823931097984314,5.7043986320495605,0,768,0,cols
followup4090_20260608_primary_spectral_pe_T5_l3e-5,pe_T5_l3e-5,polar_express,0,1.0,10092544,blocks.1.attn.q_proj,7.389347398035188,1.6082738637924194,14.134854316711426,6.908524596838106e-07,0.6326732635498047,4.838521957397461,66,6,768,1.4208943689688425,313.02880859375,1.9464472532272339,0.004092471674084663,0.6108118891716003,6.458392143249512,7.410792327429335,1.607867956161499,14.157784461975098,1.6404042980866507e-05,0.6335688233375549,4.840572357177734,0,768,1,cols
followup4090_20260608_primary_spectral_pe_T5_l3e-5,pe_T5_l3e-5,polar_express,0,1.0,10092544,blocks.2.attn.q_proj,2.299855115421883,1.936577320098877,7.470527648925781,5.189817784412298e-06,0.3656562566757202,4.843313217163086,66,12,768,1.3920222029045193,296.9728088378906,1.9509466886520386,0.0019334176322445273,0.6153556108474731,6.444142818450928,2.3158778330608385,1.9324281215667725,7.503404140472412,3.792232973864884e-06,0.3668748140335083,4.843875408172607,0,768,2,cols
followup4090_20260608_primary_spectral_pe_T5_l3e-5,pe_T5_l3e-5,polar_express,0,1.0,10092544,blocks.3.attn.q_proj,2.5131369909709385,1.686482548713684,8.010092735290527,1.029010036290856e-05,0.3669653534889221,4.730341911315918,66,18,768,1.3849587779088117,287.46527099609375,1.9414572715759277,0.0009359635878354311,0.6319276690483093,6.417048454284668,2.5262402678971454,1.6877217292785645,8.033961296081543,1.1989094673481304e-05,0.36818769574165344,4.7308349609375,0,768,3,cols
followup4090_20260608_primary_spectral_pe_T5_l3e-5,pe_T5_l3e-5,polar_express,0,1.0,10092544,blocks.4.attn.q_proj,1.566459645810169,1.6416137218475342,5.852632522583008,3.794573785853572e-06,0.26549941301345825,4.599945068359375,66,24,768,1.3602405070016672,282.16387939453125,1.9532980918884277,0.00277945538982749,0.6169298887252808,6.431151390075684,1.5707864306620627,1.642295479774475,5.865642070770264,8.424353836744558e-06,0.26613253355026245,4.601898670196533,0,768,4,cols
followup4090_20260608_primary_spectral_pe_T5_l3e-5,pe_T5_l3e-5,polar_express,0,1.0,10092544,blocks.5.attn.q_proj,1.074393688137197,2.413975238800049,3.459054708480835,5.845278337801574e-06,0.18915797770023346,4.6355743408203125,66,30,768,1.3530220869452516,281.2802429199219,1.9487268924713135,0.0002444991550873965,0.6175235509872437,6.427785396575928,1.0744726310033748,2.4130094051361084,3.461832284927368,5.461291493702447e-06,0.18925265967845917,4.638327598571777,0,768,5,cols
followup4090_20260608_primary_spectral_pe_T5_l3e-5,pe_T5_l3e-5,polar_express,0,1.0,10092544,blocks.5.mlp.fc2,5.010425392856914,1.30571711063385,11.702232360839844,0.0014082449488341808,0.46952569484710693,5.292579174041748,66,35,3072,0.7531618135104771,210.51272583007812,1.5430546998977661,0.03333822637796402,0.4480295479297638,6.395633697509766,4.9765230451731854,1.3117213249206543,11.660402297973633,0.0014067194424569607,0.46883830428123474,5.2930989265441895,0,768,6,rows
followup4090_20260608_primary_spectral_pe_T5_l3e-5,pe_T5_l3e-5,polar_express,0,1.0,10092544,blocks.6.mlp.fc2,5.0183579464612444,1.2587262392044067,11.714606285095215,0.0011087427847087383,0.4629842936992645,5.242607116699219,66,41,3072,0.7538171012427152,208.48805236816406,1.5451271533966064,0.031369052827358246,0.447922945022583,6.393317222595215,4.983097809009467,1.2630584239959717,11.671659469604492,0.0011037751100957394,0.46200069785118103,5.24390172958374,0,768,7,rows
followup4090_20260608_primary_spectral_pe_T5_l3e-5,pe_T5_l3e-5,polar_express,0,1.0,10092544,blocks.7.mlp.fc2,5.286072132686288,1.2410943508148193,12.032957077026367,0.0011166274780407548,0.473117470741272,5.197842597961426,66,47,3072,0.7546673716601155,211.26681518554688,1.5480035543441772,0.0309130921959877,0.449739933013916,6.39602518081665,5.247658134816269,1.2450839281082153,11.987505912780762,0.0011165352771058679,0.4720110297203064,5.199480056762695,0,768,8,rows
followup4090_20260608_primary_spectral_pe_T5_l3e-5,pe_T5_l3e-5,polar_express,0,1.0,10092544,blocks.8.mlp.fc2,4.930449042739868,1.2617707252502441,11.605730056762695,0.0011485271388664842,0.46010446548461914,5.176809787750244,66,53,3072,0.7519255696026458,212.2288055419922,1.5517995357513428,0.03326110541820526,0.44896021485328674,6.399916172027588,4.894492941676244,1.2661577463150024,11.561335563659668,0.001149947987869382,0.4590699374675751,5.178404808044434,0,768,9,rows
followup4090_20260608_primary_spectral_pe_T5_l3e-5,pe_T5_l3e-5,polar_express,0,1.0,10092544,blocks.9.mlp.fc2,4.68236554532271,1.2713028192520142,11.295918464660645,0.0010957950726151466,0.44984301924705505,5.141830921173096,66,59,3072,0.7505465815758501,215.88839721679688,1.5526318550109863,0.032921258360147476,0.4502423405647278,6.402845859527588,4.651978254362106,1.2757147550582886,11.25704574584961,0.0010967535199597478,0.44901183247566223,5.143215656280518,0,768,10,rows
followup4090_20260608_primary_spectral_pe_T5_l3e-5,pe_T5_l3e-5,polar_express,0,1.0,10092544,blocks.10.mlp.fc2,4.4214579272698575,1.2870582342147827,10.962318420410156,0.0010151476599276066,0.439197301864624,5.125797748565674,66,65,3072,0.7514059369612849,217.70506286621094,1.5554066896438599,0.03136448934674263,0.4512091875076294,6.405174255371094,4.391201129486475,1.2915899753570557,10.922322273254395,0.0010160427773371339,0.4383043348789215,5.127450466156006,0,768,11,rows
followup4090_20260608_primary_spectral_pe_T5_l3e-5,pe_T5_l3e-5,polar_express,0,1.0,20054016,blocks.0.attn.q_proj,5.194748382192226,8.127946853637695,10.362103462219238,4.6796609240118414e-05,0.8581199645996094,6.092606544494629,66,0,768,1.4406768868637272,319.8076171875,1.9599599838256836,0.0012188684195280075,0.5953240394592285,6.480712413787842,5.297432196958138,7.971019744873047,10.51099967956543,2.793571366055403e-05,0.8628683686256409,6.091516494750977,0,768,0,cols
followup4090_20260608_primary_spectral_pe_T5_l3e-5,pe_T5_l3e-5,polar_express,0,1.0,20054016,blocks.1.attn.q_proj,1.9693704073286826,4.782742977142334,6.298450946807861,3.9298945921473205e-05,0.4583245515823364,5.504709243774414,66,6,768,1.4604584412013963,319.3381042480469,1.9685338735580444,0.0020697228610515594,0.6082389950752258,6.470621585845947,1.994178839661017,4.746443748474121,6.355122089385986,4.5233282435219735e-05,0.4608500301837921,5.5029191970825195,0,768,1,cols
followup4090_20260608_primary_spectral_pe_T5_l3e-5,pe_T5_l3e-5,polar_express,0,1.0,20054016,blocks.2.attn.q_proj,1.2934223565721275,4.879690170288086,4.68827486038208,4.370430178823881e-05,0.3403806984424591,5.553844451904297,66,12,768,1.4835990936442658,323.0566101074219,1.979008436203003,0.0006834863452240825,0.6086201071739197,6.474512100219727,1.3083719467747783,4.793344020843506,4.7549333572387695,5.364638127502985e-05,0.34230837225914,5.552572250366211,0,768,2,cols
followup4090_20260608_primary_spectral_pe_T5_l3e-5,pe_T5_l3e-5,polar_express,0,1.0,20054016,blocks.3.attn.q_proj,1.266542689178983,5.084443092346191,4.630405902862549,3.404391463845968e-05,0.34069332480430603,5.5998735427856445,66,18,768,1.4438584151391647,312.7472839355469,1.972562313079834,0.007373458240181208,0.6074859499931335,6.468071937561035,1.2783966453494309,5.011220932006836,4.685412406921387,2.6452702513779514e-05,0.34238070249557495,5.598913192749023,0,768,3,cols
followup4090_20260608_primary_spectral_pe_T5_l3e-5,pe_T5_l3e-5,polar_express,0,1.0,20054016,blocks.4.attn.q_proj,1.1928334528443274,5.839361667633057,4.20456075668335,5.4303091019392014e-05,0.330811470746994,5.613577842712402,66,24,768,1.482473796467279,326.1736755371094,1.9664831161499023,0.006874902173876762,0.610276460647583,6.473237991333008,1.201510423223355,5.760221004486084,4.252086639404297,4.042255022795871e-05,0.3323766589164734,5.612905979156494,0,768,4,cols
followup4090_20260608_primary_spectral_pe_T5_l3e-5,pe_T5_l3e-5,polar_express,0,1.0,20054016,blocks.5.attn.q_proj,1.0464280917618813,5.007269382476807,3.3694798946380615,5.637612503051059e-06,0.24638624489307404,5.593624591827393,66,30,768,1.4830318337462398,324.7579345703125,1.9717336893081665,0.000936841475777328,0.6083946824073792,6.47476053237915,1.0509824825932428,4.916242599487305,3.4185879230499268,2.95638274110388e-05,0.2478068619966507,5.59263277053833,0,768,5,cols
followup4090_20260608_primary_spectral_pe_T5_l3e-5,pe_T5_l3e-5,polar_express,0,1.0,20054016,blocks.5.mlp.fc2,0.9949682174455091,4.123806953430176,2.418499708175659,0.0010360429296270013,0.14957070350646973,6.022056579589844,66,35,3072,0.7672896958846235,172.4327850341797,1.456721305847168,0.030815070495009422,0.4141964018344879,6.345605850219727,0.9995060213276563,3.8224172592163086,2.5554399490356445,0.0010374346747994423,0.15291541814804077,6.016207218170166,0,768,6,rows
followup4090_20260608_primary_spectral_pe_T5_l3e-5,pe_T5_l3e-5,polar_express,0,1.0,20054016,blocks.6.mlp.fc2,0.9912790321683926,4.3029069900512695,2.141017436981201,0.0009474430698901415,0.1355842798948288,6.020085334777832,66,41,3072,0.7661915847862242,173.06480407714844,1.4665861129760742,0.030067935585975647,0.41671934723854065,6.346911430358887,0.9935853063643348,4.01460075378418,2.249239444732666,0.0009472575620748103,0.13815000653266907,6.015098571777344,0,768,7,rows
followup4090_20260608_primary_spectral_pe_T5_l3e-5,pe_T5_l3e-5,polar_express,0,1.0,20054016,blocks.7.mlp.fc2,0.9928162500551206,4.091169834136963,2.1519618034362793,0.0009437489788979292,0.133900985121727,6.010168552398682,66,47,3072,0.7613411754130756,178.08995056152344,1.4685585498809814,0.031392913311719894,0.4185459017753601,6.355066299438477,0.9947721335521003,3.8614766597747803,2.2441694736480713,0.0009447246557101607,0.1361250877380371,6.00568962097168,0,768,8,rows
followup4090_20260608_primary_spectral_pe_T5_l3e-5,pe_T5_l3e-5,polar_express,0,1.0,20054016,blocks.8.mlp.fc2,0.9941842259994506,3.9555788040161133,2.143589973449707,0.0008703226340003312,0.132367804646492,5.9965972900390625,66,53,3072,0.7625951074783677,175.2892303466797,1.4750969409942627,0.031198929995298386,0.4173823595046997,6.355364799499512,0.9958022450412723,3.7607738971710205,2.2232577800750732,0.0008724621729925275,0.13422304391860962,5.99277400970459,0,768,9,rows
followup4090_20260608_primary_spectral_pe_T5_l3e-5,pe_T5_l3e-5,polar_express,0,1.0,20054016,blocks.9.mlp.fc2,0.9967366202385063,3.780409097671509,2.225172281265259,0.0009736082865856588,0.13587862253189087,5.972799777984619,66,59,3072,0.7659310802103896,172.48880004882812,1.4564954042434692,0.029125316068530083,0.4136553108692169,6.3459272384643555,0.9983419753854923,3.6205668449401855,2.2963194847106934,0.0009746496216394007,0.1375119537115097,5.969460964202881,0,768,10,rows
followup4090_20260608_primary_spectral_pe_T5_l3e-5,pe_T5_l3e-5,polar_express,0,1.0,20054016,blocks.10.mlp.fc2,1.002997815026571,3.5004708766937256,2.4330437183380127,0.0008719383622519672,0.14489662647247314,5.940695762634277,66,65,3072,0.7710046907300195,169.09979248046875,1.4627387523651123,0.02978619560599327,0.41426897048950195,6.341526508331299,1.0050906612992208,3.3731963634490967,2.501936197280884,0.0008722436614334583,0.14651866257190704,5.937427043914795,0,768,11,rows
followup4090_20260608_primary_spectral_pe_T5_l3e-5,pe_T5_l3e-5,polar_express,0,1.0,30015488,blocks.0.attn.q_proj,3.0307478139911534,6.066161632537842,8.676626205444336,0.00021831327467225492,0.5894522666931152,6.190584182739258,66,0,768,1.4549722217168712,311.8531188964844,1.9881724119186401,0.02813277579843998,0.599530041217804,6.478832244873047,3.1015455933728484,5.962196350097656,8.794502258300781,0.00016901550407055765,0.5932294130325317,6.189431667327881,0,768,0,cols
followup4090_20260608_primary_spectral_pe_T5_l3e-5,pe_T5_l3e-5,polar_express,0,1.0,30015488,blocks.1.attn.q_proj,2.56508621470189,3.1554763317108154,7.940799236297607,3.977673623012379e-05,0.4694347083568573,5.5520477294921875,66,6,768,1.4650580503963835,325.30645751953125,1.9582608938217163,0.0021772130858153105,0.6062548756599426,6.473406791687012,2.606278836280124,3.1323492527008057,8.015254974365234,1.2652767509280238e-05,0.4723256230354309,5.549990653991699,0,768,1,cols
followup4090_20260608_primary_spectral_pe_T5_l3e-5,pe_T5_l3e-5,polar_express,0,1.0,30015488,blocks.2.attn.q_proj,1.6918962124140882,3.5690419673919678,6.169934272766113,2.8804322937503457e-05,0.3793174624443054,5.667479991912842,66,12,768,1.4804362859090205,326.7559509277344,1.9664944410324097,0.00418113823980093,0.6092041730880737,6.473682880401611,1.7266142801064797,3.5109524726867676,6.2634124755859375,3.6128178635408403e-06,0.382234126329422,5.665279388427734,0,768,2,cols
followup4090_20260608_primary_spectral_pe_T5_l3e-5,pe_T5_l3e-5,polar_express,0,1.0,30015488,blocks.3.attn.q_proj,2.3472771344000614,3.186950922012329,7.688265323638916,1.2894821338704787e-05,0.4412548542022705,5.7531633377075195,66,18,768,1.4639075630807556,317.0499572753906,1.9718670845031738,0.0019225836731493473,0.6109259128570557,6.468696117401123,2.403772145772948,3.1392173767089844,7.79860782623291,1.6874921129783615e-05,0.4446256160736084,5.751431465148926,0,768,3,cols
followup4090_20260608_primary_spectral_pe_T5_l3e-5,pe_T5_l3e-5,polar_express,0,1.0,30015488,blocks.4.attn.q_proj,3.704747827359486,3.4817848205566406,9.851052284240723,0.00016172497998923063,0.5907124280929565,5.710776329040527,66,24,768,1.477455452836525,323.8414611816406,1.9747203588485718,0.00833428930491209,0.6054668426513672,6.476855754852295,3.8091230979921646,3.4195947647094727,10.004082679748535,0.00010890759585890919,0.5950117111206055,5.709278106689453,0,768,4,cols
followup4090_20260608_primary_spectral_pe_T5_l3e-5,pe_T5_l3e-5,polar_express,0,1.0,30015488,blocks.5.attn.q_proj,1.2708570854381027,4.023172855377197,4.902686595916748,3.794781514443457e-05,0.30855533480644226,5.830075263977051,66,30,768,1.4758973808186269,326.6436462402344,1.963940143585205,0.011698896996676922,0.6073226928710938,6.475370407104492,1.2918258799166296,3.937857151031494,4.98991060256958,4.5237145968712866e-05,0.31105706095695496,5.828388690948486,0,768,5,cols
followup4090_20260608_primary_spectral_pe_T5_l3e-5,pe_T5_l3e-5,polar_express,0,1.0,30015488,blocks.5.mlp.fc2,1.009263552298653,3.607987403869629,2.8827712535858154,0.0010066393297165632,0.1594838798046112,6.149341583251953,66,35,3072,0.7498868890106256,186.19569396972656,1.4804553985595703,0.032768115401268005,0.41632792353630066,6.382638931274414,1.020365383236678,3.323453426361084,3.070303201675415,0.001012391410768032,0.16444478929042816,6.1424880027771,0,768,6,rows
followup4090_20260608_primary_spectral_pe_T5_l3e-5,pe_T5_l3e-5,polar_express,0,1.0,30015488,blocks.6.mlp.fc2,1.0029608557247949,3.4778459072113037,2.659818172454834,0.0009356471127830446,0.14614993333816528,6.13194465637207,66,41,3072,0.7495708422438534,183.89404296875,1.4871399402618408,0.0328633114695549,0.4171624183654785,6.3789167404174805,1.0102312390453465,3.226607322692871,2.8205742835998535,0.0009411814971826971,0.1504480540752411,6.125229358673096,0,768,7,rows
followup4090_20260608_primary_spectral_pe_T5_l3e-5,pe_T5_l3e-5,polar_express,0,1.0,30015488,blocks.7.mlp.fc2,1.0067382064871542,3.2306158542633057,2.7124574184417725,0.0008743675425648689,0.14572153985500336,6.113259315490723,66,47,3072,0.7512283671315217,181.36216735839844,1.4769878387451172,0.03329302370548248,0.4142215847969055,6.3745598793029785,1.013975002956185,3.023238182067871,2.8639354705810547,0.0008807886042632163,0.14990390837192535,6.106363773345947,0,768,8,rows
followup4090_20260608_primary_spectral_pe_T5_l3e-5,pe_T5_l3e-5,polar_express,0,1.0,30015488,blocks.8.mlp.fc2,1.0271693360392822,2.7015347480773926,3.0727014541625977,0.0009411782375536859,0.15493521094322205,6.078744411468506,66,53,3072,0.7591905845329954,176.03765869140625,1.4691990613937378,0.031211283057928085,0.4151330292224884,6.35731840133667,1.0384045508261757,2.5544686317443848,3.2325897216796875,0.0009487953502684832,0.15953534841537476,6.071172714233398,0,768,9,rows
followup4090_20260608_primary_spectral_pe_T5_l3e-5,pe_T5_l3e-5,polar_express,0,1.0,30015488,blocks.9.mlp.fc2,1.0524411017413704,2.3924622535705566,3.3957300186157227,0.0009085687925107777,0.16433529555797577,6.0492939949035645,66,59,3072,0.7671890041555757,170.49391174316406,1.4573434591293335,0.031222857534885406,0.4118761420249939,6.346897125244141,1.0678781142441693,2.2811028957366943,3.5596203804016113,0.0009133624844253063,0.1691914200782776,6.041282653808594,0,768,10,rows
followup4090_20260608_primary_spectral_pe_T5_l3e-5,pe_T5_l3e-5,polar_express,0,1.0,30015488,blocks.10.mlp.fc2,1.1252905009119833,2.071563243865967,4.034729480743408,0.000934104376938194,0.18600086867809296,6.0059919357299805,66,65,3072,0.7719727904298054,167.42425537109375,1.4554482698440552,0.031180426478385925,0.41125354170799255,6.3407301902771,1.1528798281945414,1.9903637170791626,4.217772006988525,0.0009392198990099132,0.1915471851825714,5.997289657592773,0,768,11,rows
followup4090_20260608_primary_spectral_pe_T5_l3e-5,pe_T5_l3e-5,polar_express,0,1.0,40108032,blocks.0.attn.q_proj,3.900419318280061,3.4890315532684326,10.067119598388672,0.0001158430241048336,0.5680016279220581,6.070959568023682,66,0,768,1.4510201229708806,314.68310546875,1.9809684753417969,0.012152271345257759,0.5989443063735962,6.478981971740723,3.9303151950606225,3.499915599822998,10.105010032653809,0.00012815700029022992,0.571297824382782,6.069178581237793,0,768,0,cols
followup4090_20260608_primary_spectral_pe_T5_l3e-5,pe_T5_l3e-5,polar_express,0,1.0,40108032,blocks.1.attn.q_proj,3.6700735326948966,2.790571928024292,9.680734634399414,1.780312231858261e-05,0.5461035370826721,5.437375068664551,66,6,768,1.46713369029018,324.3262634277344,1.9613394737243652,0.003480526152998209,0.6084616184234619,6.471746921539307,3.687928798507213,2.7959649562835693,9.703850746154785,3.318929157103412e-05,0.5479395389556885,5.436514854431152,0,768,1,cols
followup4090_20260608_primary_spectral_pe_T5_l3e-5,pe_T5_l3e-5,polar_express,0,1.0,40108032,blocks.2.attn.q_proj,2.4853474502640465,2.8301568031311035,7.853930473327637,1.6835008864291012e-05,0.43944621086120605,5.590132236480713,66,12,768,1.4802921652797478,326.8288269042969,1.973278522491455,0.002700441749766469,0.6060833930969238,6.476869106292725,2.548786956142009,2.8126330375671387,7.96563196182251,2.9810655632900307e-06,0.44474104046821594,5.585216522216797,0,768,2,cols
followup4090_20260608_primary_spectral_pe_T5_l3e-5,pe_T5_l3e-5,polar_express,0,1.0,40108032,blocks.3.attn.q_proj,5.542519306736317,2.2513198852539062,12.253827095031738,4.070282375323586e-05,0.6083043217658997,5.668088436126709,66,18,768,1.455888839931129,316.9617004394531,1.9667936563491821,0.0077004157938063145,0.6089931130409241,6.468848705291748,5.617172966793456,2.252500295639038,12.335285186767578,4.61655727121979e-05,0.6127663254737854,5.665451526641846,0,768,3,cols
followup4090_20260608_primary_spectral_pe_T5_l3e-5,pe_T5_l3e-5,polar_express,0,1.0,40108032,blocks.4.attn.q_proj,9.64254170467935,2.253215789794922,16.203540802001953,2.1753647160949185e-05,0.8070193529129028,5.633012294769287,66,24,768,1.4768138613818538,327.04486083984375,1.9624176025390625,0.004315356723964214,0.6080821752548218,6.474300384521484,9.765944202000782,2.251842498779297,16.30560302734375,3.6722572076541837e-06,0.8121560215950012,5.6309309005737305,0,768,4,cols
followup4090_20260608_primary_spectral_pe_T5_l3e-5,pe_T5_l3e-5,polar_express,0,1.0,40108032,blocks.5.attn.q_proj,3.365960834993161,2.247727870941162,9.456404685974121,1.6027759556891397e-05,0.4650331735610962,5.751702785491943,66,30,768,1.467578991374896,320.7027587890625,1.9716328382492065,0.022892054170370102,0.6074110865592957,6.473461627960205,3.4224976922794186,2.2427291870117188,9.539753913879395,3.3562839234946296e-05,0.46893444657325745,5.7488579750061035,0,768,5,cols
followup4090_20260608_primary_spectral_pe_T5_l3e-5,pe_T5_l3e-5,polar_express,0,1.0,40108032,blocks.5.mlp.fc2,0.9894163384192809,6.113696575164795,2.524535894393921,0.0009490305092185736,0.17996728420257568,6.141630172729492,66,35,3072,0.7397454493146604,195.97288513183594,1.5032377243041992,0.03585983067750931,0.4189450740814209,6.405583381652832,0.9925330330592,5.851442337036133,2.6084794998168945,0.0009489957010373473,0.1825076937675476,6.138062477111816,0,768,6,rows
followup4090_20260608_primary_spectral_pe_T5_l3e-5,pe_T5_l3e-5,polar_express,0,1.0,40108032,blocks.6.mlp.fc2,0.9908466014550587,5.544497489929199,2.4553892612457275,0.0008646312053315341,0.16922663152217865,6.120203971862793,66,41,3072,0.7397913559334401,195.87411499023438,1.4847865104675293,0.03627072647213936,0.41579848527908325,6.402842044830322,0.9931681549154224,5.366715908050537,2.5234627723693848,0.0008713977294974029,0.171632781624794,6.116352081298828,0,768,7,rows
followup4090_20260608_primary_spectral_pe_T5_l3e-5,pe_T5_l3e-5,polar_express,0,1.0,40108032,blocks.7.mlp.fc2,0.9993936292609884,4.820496559143066,2.6623384952545166,0.0008692448027431965,0.17432545125484467,6.089898586273193,66,47,3072,0.7441250921623906,189.87811279296875,1.493026614189148,0.03471903130412102,0.4164153039455414,6.395421981811523,1.002872690239552,4.661330699920654,2.7402596473693848,0.0008720834739506245,0.17700210213661194,6.08552885055542,0,768,8,rows
followup4090_20260608_primary_spectral_pe_T5_l3e-5,pe_T5_l3e-5,polar_express,0,1.0,40108032,blocks.8.mlp.fc2,1.0158284052607158,4.14665412902832,2.9631571769714355,0.0008801980293355882,0.18371209502220154,6.054848670959473,66,53,3072,0.7496007125175422,185.70445251464844,1.4783865213394165,0.03336641937494278,0.4163263142108917,6.380162239074707,1.0217062419279355,4.002852439880371,3.056333541870117,0.000884976820088923,0.1867857277393341,6.049802780151367,0,768,9,rows
followup4090_20260608_primary_spectral_pe_T5_l3e-5,pe_T5_l3e-5,polar_express,0,1.0,40108032,blocks.9.mlp.fc2,1.0412616356219606,3.5761492252349854,3.3057973384857178,0.0009731233585625887,0.19345234334468842,6.03034782409668,66,59,3072,0.7540388570533727,180.78199768066406,1.4652949571609497,0.03179706633090973,0.41482964158058167,6.365622520446777,1.0504848741168138,3.4554107189178467,3.411048173904419,0.0009775478392839432,0.19684386253356934,6.024949550628662,0,768,10,rows
followup4090_20260608_primary_spectral_pe_T5_l3e-5,pe_T5_l3e-5,polar_express,0,1.0,40108032,blocks.10.mlp.fc2,1.1119257558527256,3.0629258155822754,3.922177791595459,0.0009952714899554849,0.217199444770813,5.987011909484863,66,65,3072,0.7642197337696691,173.89573669433594,1.4632230997085571,0.03152689337730408,0.4154841899871826,6.349639892578125,1.1301676834106271,2.9628686904907227,4.050994396209717,0.0010028542019426823,0.22132223844528198,5.980794429779053,0,768,11,rows
followup4090_20260608_primary_spectral_pe_T5_l3e-5,pe_T5_l3e-5,polar_express,0,1.0,50069504,blocks.0.attn.q_proj,1.6884893494011917,4.0281500816345215,6.258891582489014,4.659939804696478e-05,0.3660227954387665,6.12224817276001,66,0,768,1.4439397668983815,317.21807861328125,1.9743415117263794,0.0029502352699637413,0.5951066017150879,6.481328010559082,1.7100441243179367,3.998389959335327,6.313356876373291,1.4601919247070327e-05,0.3682354986667633,6.121070384979248,0,768,0,cols
followup4090_20260608_primary_spectral_pe_T5_l3e-5,pe_T5_l3e-5,polar_express,0,1.0,50069504,blocks.1.attn.q_proj,2.837821084625211,2.249784231185913,8.560128211975098,2.8286653105169535e-05,0.43484336137771606,5.465122222900391,66,6,768,1.4821249887551706,325.9585266113281,1.9658048152923584,0.004237009212374687,0.6125265955924988,6.470205307006836,2.9155209619944884,2.2214508056640625,8.693037033081055,2.984544335049577e-05,0.4391203820705414,5.461745738983154,0,768,1,cols
followup4090_20260608_primary_spectral_pe_T5_l3e-5,pe_T5_l3e-5,polar_express,0,1.0,50069504,blocks.2.attn.q_proj,1.9940120066116582,2.078265905380249,7.006165504455566,5.1506387535482645e-05,0.336178183555603,5.660067081451416,66,12,768,1.4907573602002113,329.5869445800781,1.9668446779251099,0.005034120753407478,0.6071710586547852,6.477640151977539,2.0122016267778466,2.0724174976348877,7.046941757202148,3.7748668546555564e-05,0.33775612711906433,5.659006118774414,0,768,2,cols
followup4090_20260608_primary_spectral_pe_T5_l3e-5,pe_T5_l3e-5,polar_express,0,1.0,50069504,blocks.3.attn.q_proj,4.853118896039384,1.8421684503555298,11.504767417907715,6.066387868486345e-06,0.519085705280304,5.712315559387207,66,18,768,1.447589996933775,310.3955993652344,1.9777284860610962,0.004179663024842739,0.6088437438011169,6.46711540222168,4.968959396331463,1.8269932270050049,11.645980834960938,1.9001694454345852e-05,0.5237367749214172,5.709952354431152,0,768,3,cols
followup4090_20260608_primary_spectral_pe_T5_l3e-5,pe_T5_l3e-5,polar_express,0,1.0,50069504,blocks.4.attn.q_proj,6.453364987365327,1.9853109121322632,13.294397354125977,6.178335752338171e-06,0.61744624376297,5.735605716705322,66,24,768,1.475260194196942,325.3336181640625,1.9662517309188843,0.0011451636673882604,0.6066092252731323,6.475478649139404,6.56080106631941,1.9761130809783936,13.406190872192383,2.031885196629446e-05,0.6215457320213318,5.734000205993652,0,768,4,cols
followup4090_20260608_primary_spectral_pe_T5_l3e-5,pe_T5_l3e-5,polar_express,0,1.0,50069504,blocks.5.attn.q_proj,2.7781606501474934,1.9138387441635132,8.560935974121094,6.368066533468664e-05,0.38558825850486755,5.842545509338379,66,30,768,1.4713052047793043,324.87548828125,1.9661532640457153,0.006883048452436924,0.6034375429153442,6.477802276611328,2.8131790723891434,1.9066429138183594,8.620928764343262,4.936338882544078e-05,0.3877452611923218,5.841556549072266,0,768,5,cols
followup4090_20260608_primary_spectral_pe_T5_l3e-5,pe_T5_l3e-5,polar_express,0,1.0,50069504,blocks.5.mlp.fc2,0.9798347942911927,6.341146945953369,1.963271141052246,0.0008112640934996307,0.13289064168930054,6.234161376953125,66,35,3072,0.7434551445953698,191.30519104003906,1.4888886213302612,0.03312203288078308,0.41681402921676636,6.394489765167236,0.9813277573715109,5.870703220367432,2.0640552043914795,0.0008128780173137784,0.13523070514202118,6.230931282043457,0,768,6,rows
followup4090_20260608_primary_spectral_pe_T5_l3e-5,pe_T5_l3e-5,polar_express,0,1.0,50069504,blocks.6.mlp.fc2,0.9818901994834581,6.055790424346924,1.8794597387313843,0.000781172071583569,0.12585972249507904,6.2215728759765625,66,41,3072,0.7408488599777463,194.49981689453125,1.4861750602722168,0.03428487479686737,0.41704273223876953,6.398277282714844,0.9831338765469538,5.598617076873779,1.978568196296692,0.0007840355974622071,0.12816870212554932,6.218087673187256,0,768,7,rows
followup4090_20260608_primary_spectral_pe_T5_l3e-5,pe_T5_l3e-5,polar_express,0,1.0,50069504,blocks.7.mlp.fc2,0.9836250154249342,5.540266990661621,1.9625838994979858,0.0006637697224505246,0.12814870476722717,6.198612689971924,66,47,3072,0.7401960499640631,193.75503540039062,1.4974416494369507,0.03451257199048996,0.4178318977355957,6.400654315948486,0.9851425492142544,5.137165546417236,2.0635039806365967,0.0006671164301224053,0.130489319562912,6.195058822631836,0,768,8,rows
followup4090_20260608_primary_spectral_pe_T5_l3e-5,pe_T5_l3e-5,polar_express,0,1.0,50069504,blocks.8.mlp.fc2,0.992565243400413,4.176695823669434,2.394792318344116,0.0008302368805743754,0.14058221876621246,6.163724899291992,66,53,3072,0.7383662548113183,193.08053588867188,1.493303656578064,0.036098577082157135,0.41365963220596313,6.405540943145752,0.9961998500438077,3.9087889194488525,2.511059284210205,0.0008311646524816751,0.14343659579753876,6.1596174240112305,0,768,9,rows
followup4090_20260608_primary_spectral_pe_T5_l3e-5,pe_T5_l3e-5,polar_express,0,1.0,50069504,blocks.9.mlp.fc2,1.023506097981476,3.0227863788604736,3.0704774856567383,0.0008519897237420082,0.15937542915344238,6.129392147064209,66,59,3072,0.7423679079284056,191.5769500732422,1.4733901023864746,0.03524201363325119,0.41398701071739197,6.392832279205322,1.0329944523616963,2.8664751052856445,3.206805467605591,0.0008539370028302073,0.16302548348903656,6.124510288238525,0,768,10,rows
followup4090_20260608_primary_spectral_pe_T5_l3e-5,pe_T5_l3e-5,polar_express,0,1.0,50069504,blocks.10.mlp.fc2,1.224569310953915,1.9954075813293457,4.637220859527588,0.0009822361171245575,0.20757290720939636,6.055373191833496,66,65,3072,0.7616846147349817,176.71206665039062,1.4694305658340454,0.03011329658329487,0.4182605445384979,6.352985858917236,1.2663078565203971,1.9211981296539307,4.834285736083984,0.0009879526915028691,0.2134428173303604,6.048283576965332,0,768,11,rows
followup4090_20260608_primary_spectral_pe_T5_l3e-5,pe_T5_l3e-5,polar_express,0,1.0,60030976,blocks.0.attn.q_proj,1.4320851224727797,4.007244110107422,5.4990620613098145,0.0001359994785161689,0.3258984088897705,6.08745813369751,66,0,768,1.4656291645232726,317.1739501953125,1.9789685010910034,0.008648074232041836,0.6033872961997986,6.477005958557129,1.457770804824556,3.9480183124542236,5.5823588371276855,0.00010486870451131836,0.32896313071250916,6.085279941558838,0,768,0,cols
followup4090_20260608_primary_spectral_pe_T5_l3e-5,pe_T5_l3e-5,polar_express,0,1.0,60030976,blocks.1.attn.q_proj,2.7228191544129126,1.9863063097000122,8.406120300292969,5.0351619762523114e-08,0.40286099910736084,5.459691524505615,66,6,768,1.464156986748609,327.8408203125,1.9548485279083252,0.004252650775015354,0.6064054369926453,6.4736223220825195,2.8113031641410724,1.9618549346923828,8.559982299804688,7.64748256187886e-06,0.4080711305141449,5.454684257507324,0,768,1,cols
followup4090_20260608_primary_spectral_pe_T5_l3e-5,pe_T5_l3e-5,polar_express,0,1.0,60030976,blocks.2.attn.q_proj,2.650031767031686,1.6244125366210938,8.322535514831543,0.00011181340960320085,0.3595532774925232,5.6161956787109375,66,12,768,1.4687228714410443,323.7178649902344,1.9677073955535889,0.0040361606515944,0.6071017980575562,6.4739203453063965,2.7089590721192343,1.614942193031311,8.426928520202637,0.00012471104855649173,0.3632642924785614,5.612613201141357,0,768,2,cols
followup4090_20260608_primary_spectral_pe_T5_l3e-5,pe_T5_l3e-5,polar_express,0,1.0,60030976,blocks.3.attn.q_proj,5.746322119349732,1.5941907167434692,12.564706802368164,7.464564259862527e-05,0.5337307453155518,5.692742347717285,66,18,768,1.4428225911322132,312.3722839355469,1.9653908014297485,0.000676932162605226,0.6124189496040344,6.4623284339904785,5.99872510611415,1.5735704898834229,12.843650817871094,4.8713300202507526e-05,0.5429084300994873,5.6870527267456055,0,768,3,cols
followup4090_20260608_primary_spectral_pe_T5_l3e-5,pe_T5_l3e-5,polar_express,0,1.0,60030976,blocks.4.attn.q_proj,6.252914803258664,1.864065170288086,13.09922981262207,4.623585846275091e-05,0.5921871662139893,5.741166114807129,66,24,768,1.4785835030341283,321.9436950683594,1.976569414138794,0.00519877253100276,0.6102560758590698,6.472325325012207,6.559636538598639,1.8319575786590576,13.422609329223633,4.2206378566334024e-05,0.6027941703796387,5.735300540924072,0,768,4,cols
followup4090_20260608_primary_spectral_pe_T5_l3e-5,pe_T5_l3e-5,polar_express,0,1.0,60030976,blocks.5.attn.q_proj,2.7712062447681984,1.8399944305419922,8.546102523803711,4.818188699573511e-06,0.37931692600250244,5.841037750244141,66,30,768,1.4596015635345163,318.1552429199219,1.9748727083206177,0.005727188661694527,0.6032025218009949,6.475887775421143,2.8081837164805368,1.8362557888031006,8.608983993530273,1.2738548321067356e-05,0.3819638788700104,5.838939666748047,0,768,5,cols
followup4090_20260608_primary_spectral_pe_T5_l3e-5,pe_T5_l3e-5,polar_express,0,1.0,60030976,blocks.5.mlp.fc2,0.9771205912654032,7.505152702331543,1.8001344203948975,0.0006376876845024526,0.13021662831306458,6.24936580657959,66,35,3072,0.7462832538491662,186.74020385742188,1.4904121160507202,0.03461526334285736,0.4150521755218506,6.39056921005249,0.9778919876421415,7.004031658172607,1.8836818933486938,0.0006407434702850878,0.1323445737361908,6.246199131011963,0,768,6,rows
followup4090_20260608_primary_spectral_pe_T5_l3e-5,pe_T5_l3e-5,polar_express,0,1.0,60030976,blocks.6.mlp.fc2,0.9788552695558485,7.903672695159912,1.6259080171585083,0.0006809188053011894,0.12132708728313446,6.241128921508789,66,41,3072,0.744425309060618,189.81642150878906,1.4777312278747559,0.03393549844622612,0.41406726837158203,6.391906261444092,0.9792338787161301,7.398711204528809,1.6974390745162964,0.000682828773278743,0.12313810735940933,6.238224983215332,0,768,7,rows
followup4090_20260608_primary_spectral_pe_T5_l3e-5,pe_T5_l3e-5,polar_express,0,1.0,60030976,blocks.7.mlp.fc2,0.980590498450417,6.6768574714660645,1.787779688835144,0.000708507199306041,0.1254107654094696,6.219648361206055,66,47,3072,0.7438891582955581,190.88409423828125,1.4858551025390625,0.03527514263987541,0.4154806137084961,6.395604133605957,0.9812217660777763,6.304040908813477,1.8592976331710815,0.0007088868296705186,0.12732362747192383,6.216529369354248,0,768,8,rows
followup4090_20260608_primary_spectral_pe_T5_l3e-5,pe_T5_l3e-5,polar_express,0,1.0,60030976,blocks.8.mlp.fc2,0.9827786680619123,5.71785831451416,2.03896427154541,0.0006819718983024359,0.13611574470996857,6.188079833984375,66,53,3072,0.7419992784678586,194.96258544921875,1.494926929473877,0.03639748692512512,0.4194602370262146,6.399174690246582,0.9839001110100362,5.451039791107178,2.110013484954834,0.0006836621905677021,0.13808505237102509,6.18501615524292,0,768,9,rows
followup4090_20260608_primary_spectral_pe_T5_l3e-5,pe_T5_l3e-5,polar_express,0,1.0,60030976,blocks.9.mlp.fc2,0.9871351167109487,5.034791469573975,2.2849388122558594,0.0007896290044300258,0.14602738618850708,6.169586181640625,66,59,3072,0.738766750485501,190.7346649169922,1.4999656677246094,0.03601479530334473,0.4154389798641205,6.4005560874938965,0.9888179693882886,4.842615604400635,2.3528637886047363,0.000791673781350255,0.14797937870025635,6.166713237762451,0,768,10,rows
followup4090_20260608_primary_spectral_pe_T5_l3e-5,pe_T5_l3e-5,polar_express,0,1.0,60030976,blocks.10.mlp.fc2,1.0096617079053118,4.002867221832275,2.890183448791504,0.0008686123765073717,0.17136250436306,6.12249231338501,66,65,3072,0.7373955397419468,196.7648162841797,1.492434024810791,0.03754601627588272,0.41705596446990967,6.404527187347412,1.0133937714785302,3.898763418197632,2.956648349761963,0.0008695377036929131,0.173465758562088,6.1196088790893555,0,768,11,rows
followup4090_20260608_primary_spectral_pe_T5_l3e-5,pe_T5_l3e-5,polar_express,0,1.0,70123520,blocks.0.attn.q_proj,1.3372760478782526,3.8919360637664795,5.1482253074646,2.579829924798105e-06,0.3033179044723511,6.071232318878174,66,0,768,1.4607181886965614,317.80938720703125,1.978561282157898,0.0019389912486076355,0.5985897779464722,6.480815410614014,1.3437375249161665,3.8788745403289795,5.172515869140625,3.943559931940399e-06,0.3043350577354431,6.070852756500244,0,768,0,cols
followup4090_20260608_primary_spectral_pe_T5_l3e-5,pe_T5_l3e-5,polar_express,0,1.0,70123520,blocks.1.attn.q_proj,2.8805196084806606,1.9972214698791504,8.633528709411621,2.788753954519052e-05,0.41700607538223267,5.414695739746094,66,6,768,1.4494639780674141,318.28515625,1.9605610370635986,0.0012398771941661835,0.6080588698387146,6.468396186828613,2.8969611982064136,1.994512915611267,8.661681175231934,2.6537572921370156e-05,0.4181117117404938,5.414250373840332,0,768,1,cols
followup4090_20260608_primary_spectral_pe_T5_l3e-5,pe_T5_l3e-5,polar_express,0,1.0,70123520,blocks.2.attn.q_proj,2.483150539812094,1.615067481994629,8.018583297729492,9.186292118101846e-06,0.3453391194343567,5.627333164215088,66,12,768,1.4757385315290559,325.6694641113281,1.9687275886535645,0.005410600919276476,0.6061708927154541,6.476248741149902,2.505359432427315,1.6120977401733398,8.060148239135742,2.7513067834661342e-05,0.3468797206878662,5.626402854919434,0,768,2,cols
followup4090_20260608_primary_spectral_pe_T5_l3e-5,pe_T5_l3e-5,polar_express,0,1.0,70123520,blocks.3.attn.q_proj,5.386892152494841,1.622979998588562,12.1516752243042,5.850122033734806e-05,0.5205126404762268,5.6972150802612305,66,18,768,1.454334622142094,311.7304992675781,1.976722240447998,0.002789499703794718,0.6114658713340759,6.465727806091309,5.460071294709794,1.6174745559692383,12.236083984375,7.228671165648848e-05,0.5234410762786865,5.695966720581055,0,768,3,cols
followup4090_20260608_primary_spectral_pe_T5_l3e-5,pe_T5_l3e-5,polar_express,0,1.0,70123520,blocks.4.attn.q_proj,6.950834160951238,1.727220058441162,13.83226490020752,2.5317760446341708e-05,0.6050901412963867,5.747417449951172,66,24,768,1.4660704737280947,324.59942626953125,1.9630343914031982,0.006327999755740166,0.6027786135673523,6.477547645568848,6.976156995185761,1.7278430461883545,13.857568740844727,1.2678418897849042e-05,0.6063011288642883,5.7474684715271,0,768,4,cols
followup4090_20260608_primary_spectral_pe_T5_l3e-5,pe_T5_l3e-5,polar_express,0,1.0,70123520,blocks.5.attn.q_proj,3.1779033731915907,1.711342692375183,9.218923568725586,4.1908075218088925e-05,0.39677220582962036,5.8456597328186035,66,30,768,1.4862832887453357,321.4346923828125,1.9847488403320312,0.007218256592750549,0.6083487272262573,6.475821018218994,3.196252530902504,1.7101303339004517,9.247785568237305,1.648163924983237e-05,0.3979099690914154,5.845503330230713,0,768,5,cols
followup4090_20260608_primary_spectral_pe_T5_l3e-5,pe_T5_l3e-5,polar_express,0,1.0,70123520,blocks.5.mlp.fc2,0.9719121515610811,12.746880531311035,1.4084354639053345,0.0006291536847129464,0.1293119490146637,6.264000415802002,66,35,3072,0.745868648944324,186.968017578125,1.4692963361740112,0.03565175086259842,0.4097277820110321,6.39158821105957,0.9719373416997219,12.177674293518066,1.4478543996810913,0.0006309303571470082,0.13017451763153076,6.263002395629883,0,768,6,rows
followup4090_20260608_primary_spectral_pe_T5_l3e-5,pe_T5_l3e-5,polar_express,0,1.0,70123520,blocks.6.mlp.fc2,0.9754208763367873,11.95838737487793,1.3512256145477295,0.000649875495582819,0.12133615463972092,6.2533650398254395,66,41,3072,0.7445977169767252,186.2915496826172,1.4695444107055664,0.036705661565065384,0.4084230959415436,6.3924994468688965,0.9753974756615472,11.542486190795898,1.3814468383789062,0.0006511386600323021,0.12206222116947174,6.252498626708984,0,768,7,rows
followup4090_20260608_primary_spectral_pe_T5_l3e-5,pe_T5_l3e-5,polar_express,0,1.0,70123520,blocks.7.mlp.fc2,0.9758429832228094,9.810302734375,1.5260478258132935,0.0006784990546293557,0.1273614913225174,6.2280426025390625,66,47,3072,0.743575795723887,184.5329132080078,1.4834896326065063,0.03476094827055931,0.40946024656295776,6.393328666687012,0.9758873756802502,9.541844367980957,1.5540505647659302,0.0006788419559597969,0.12808860838413239,6.227194786071777,0,768,8,rows
followup4090_20260608_primary_spectral_pe_T5_l3e-5,pe_T5_l3e-5,polar_express,0,1.0,70123520,blocks.8.mlp.fc2,0.9768841756199629,7.674817085266113,1.8289188146591187,0.0006744792335666716,0.13940685987472534,6.193267822265625,66,53,3072,0.745319283680305,187.80990600585938,1.4834485054016113,0.03392805904150009,0.41354015469551086,6.392234802246094,0.9770878991455825,7.517542839050293,1.8559423685073853,0.0006761015392839909,0.14018021523952484,6.192404747009277,0,768,9,rows
followup4090_20260608_primary_spectral_pe_T5_l3e-5,pe_T5_l3e-5,polar_express,0,1.0,70123520,blocks.9.mlp.fc2,0.9811610619731829,6.240039348602295,2.180567741394043,0.0006957696168683469,0.1537182629108429,6.172112941741943,66,59,3072,0.7418775261310948,192.74465942382812,1.476035714149475,0.0350271537899971,0.4141676723957062,6.395872116088867,0.9816561239055417,6.140453815460205,2.2073965072631836,0.0006976416916586459,0.15452459454536438,6.171292781829834,0,768,10,rows
followup4090_20260608_primary_spectral_pe_T5_l3e-5,pe_T5_l3e-5,polar_express,0,1.0,70123520,blocks.10.mlp.fc2,1.0095283240564432,4.415798187255859,2.938643455505371,0.0008756825118325651,0.18216462433338165,6.1230058670043945,66,65,3072,0.7404582063522676,195.98208618164062,1.4965486526489258,0.036247581243515015,0.4197951853275299,6.400845527648926,1.0110617565398237,4.370279788970947,2.965806007385254,0.0008777693146839738,0.18304374814033508,6.122237682342529,0,768,11,rows
followup4090_20260608_primary_spectral_pe_T5_l3e-5,pe_T5_l3e-5,polar_express,0,1.0,80084992,blocks.0.attn.q_proj,1.4389060063521752,3.4533705711364746,5.487250804901123,5.894232162972912e-05,0.31275635957717896,6.017395973205566,66,0,768,1.449709134553312,317.6161193847656,1.9727598428726196,0.007666075602173805,0.5977052450180054,6.479738235473633,1.4378652269081142,3.46516752243042,5.483663558959961,5.9983216488035396e-05,0.31296616792678833,6.017909049987793,0,768,0,cols
followup4090_20260608_primary_spectral_pe_T5_l3e-5,pe_T5_l3e-5,polar_express,0,1.0,80084992,blocks.1.attn.q_proj,3.003109138814045,1.8571381568908691,8.872313499450684,2.257929736515507e-05,0.41425949335098267,5.409845352172852,66,6,768,1.4662808045031939,321.3451232910156,1.9639863967895508,0.004660164471715689,0.6133177280426025,6.466413497924805,3.0689071574541473,1.839919090270996,8.981350898742676,2.8678387025138363e-05,0.41760727763175964,5.407262325286865,0,768,1,cols
followup4090_20260608_primary_spectral_pe_T5_l3e-5,pe_T5_l3e-5,polar_express,0,1.0,80084992,blocks.2.attn.q_proj,2.971056545682531,1.5253729820251465,8.873079299926758,4.3606236431514844e-05,0.37389442324638367,5.600674629211426,66,12,768,1.4770062975229459,326.85406494140625,1.965032935142517,0.004068661946803331,0.6068534255027771,6.475616455078125,3.0203540599556877,1.5184906721115112,8.954122543334961,1.5171966879279353e-05,0.37662947177886963,5.598599910736084,0,768,2,cols
followup4090_20260608_primary_spectral_pe_T5_l3e-5,pe_T5_l3e-5,polar_express,0,1.0,80084992,blocks.3.attn.q_proj,7.337860406465743,1.4592152833938599,14.22815990447998,3.607738108257763e-05,0.5853707790374756,5.648045063018799,66,18,768,1.44272348239002,313.0614318847656,1.9649860858917236,0.002017675433307886,0.6087772250175476,6.466301441192627,7.462205538046258,1.453810691833496,14.349745750427246,2.2169670046423562e-05,0.5895531177520752,5.645946979522705,0,768,3,cols
followup4090_20260608_primary_spectral_pe_T5_l3e-5,pe_T5_l3e-5,polar_express,0,1.0,80084992,blocks.4.attn.q_proj,8.363900178146082,1.5725654363632202,15.197738647460938,1.6901381968636997e-05,0.64012211561203,5.733115196228027,66,24,768,1.4821355878845441,320.5916442871094,1.9796956777572632,0.003907432314008474,0.6104809045791626,6.472851276397705,8.475118356823089,1.5680124759674072,15.299359321594238,3.847283369395882e-05,0.6437262296676636,5.731730937957764,0,768,4,cols
followup4090_20260608_primary_spectral_pe_T5_l3e-5,pe_T5_l3e-5,polar_express,0,1.0,80084992,blocks.5.attn.q_proj,3.929148189621296,1.5729038715362549,10.32434368133545,4.689609704655595e-05,0.4312157928943634,5.81730842590332,66,30,768,1.4641481770826363,325.24530029296875,1.963230013847351,0.014187915250658989,0.6024335622787476,6.478036880493164,3.962921145336049,1.570336103439331,10.370955467224121,2.2747128241462633e-05,0.4329138398170471,5.816639423370361,0,768,5,cols
followup4090_20260608_primary_spectral_pe_T5_l3e-5,pe_T5_l3e-5,polar_express,0,1.0,80084992,blocks.5.mlp.fc2,0.9692520453904054,11.090484619140625,1.6400072574615479,0.000608665170148015,0.14224883913993835,6.253811836242676,66,35,3072,0.7465893209162036,185.81106567382812,1.4822252988815308,0.03440384194254875,0.41174888610839844,6.3917341232299805,0.969423352098266,10.650801658630371,1.6823747158050537,0.0006116213044151664,0.14329908788204193,6.25257682800293,0,768,6,rows
followup4090_20260608_primary_spectral_pe_T5_l3e-5,pe_T5_l3e-5,polar_express,0,1.0,80084992,blocks.6.mlp.fc2,0.9729852789973857,10.443182945251465,1.5710210800170898,0.0006131347035989165,0.13378854095935822,6.240601062774658,66,41,3072,0.7447370198199191,186.58428955078125,1.4704978466033936,0.03392275050282478,0.4089796841144562,6.392326831817627,0.9730863148540106,10.061726570129395,1.6088966131210327,0.0006137992022559047,0.1347498595714569,6.239385604858398,0,768,7,rows
followup4090_20260608_primary_spectral_pe_T5_l3e-5,pe_T5_l3e-5,polar_express,0,1.0,80084992,blocks.7.mlp.fc2,0.9750441942909371,8.18232250213623,1.8086374998092651,0.0006404526066035032,0.1395738124847412,6.2178754806518555,66,47,3072,0.7435920385455242,189.01905822753906,1.4738271236419678,0.03423526883125305,0.41234827041625977,6.391225337982178,0.9753552856205996,7.923586368560791,1.8482304811477661,0.0006414162926375866,0.1406385898590088,6.2165327072143555,0,768,8,rows
followup4090_20260608_primary_spectral_pe_T5_l3e-5,pe_T5_l3e-5,polar_express,0,1.0,80084992,blocks.8.mlp.fc2,0.9776883329420372,6.859558582305908,2.1189651489257812,0.0006857271073386073,0.15444819629192352,6.181537628173828,66,53,3072,0.7437528149495268,192.86392211914062,1.48607337474823,0.03455880284309387,0.4176582992076874,6.394844055175781,0.9784018470603139,6.673614978790283,2.1605260372161865,0.0006882048910483718,0.1556163728237152,6.180093765258789,0,768,9,rows
followup4090_20260608_primary_spectral_pe_T5_l3e-5,pe_T5_l3e-5,polar_express,0,1.0,80084992,blocks.9.mlp.fc2,0.991816284141699,5.1506757736206055,2.6319420337677,0.0007422350463457406,0.17074820399284363,6.1605939865112305,66,59,3072,0.7400260509409953,194.673095703125,1.4929263591766357,0.03563004732131958,0.4183201491832733,6.399200439453125,0.9940339110737906,5.00929594039917,2.6871790885925293,0.0007443515933118761,0.17230075597763062,6.158738136291504,0,768,10,rows
followup4090_20260608_primary_spectral_pe_T5_l3e-5,pe_T5_l3e-5,polar_express,0,1.0,80084992,blocks.10.mlp.fc2,1.0873386663779565,3.394754648208618,3.826815605163574,0.0008424005354754627,0.2129085510969162,6.096622467041016,66,65,3072,0.7358894309881849,196.78988647460938,1.4898886680603027,0.034898921847343445,0.41548264026641846,6.406025409698486,1.0972602085521803,3.3164424896240234,3.9044179916381836,0.0008474786300212145,0.21517840027809143,6.094117641448975,0,768,11,rows
followup4090_20260608_primary_spectral_pe_T5_l3e-5,pe_T5_l3e-5,polar_express,0,1.0,90046464,blocks.0.attn.q_proj,1.405068905257058,3.335352659225464,5.277791500091553,8.830038859741762e-05,0.2988990545272827,6.002680778503418,66,0,768,1.4602242967979646,320.5187683105469,1.9704244136810303,0.0030833729542791843,0.5991697907447815,6.480173110961914,1.4271457905337188,3.287165641784668,5.353970527648926,8.058558159973472e-05,0.3014329671859741,6.000861644744873,0,768,0,cols
followup4090_20260608_primary_spectral_pe_T5_l3e-5,pe_T5_l3e-5,polar_express,0,1.0,90046464,blocks.1.attn.q_proj,3.065848000945113,1.7612254619598389,8.9907808303833,2.5289584300480783e-05,0.4096989929676056,5.4057159423828125,66,6,768,1.454264144814312,314.6019592285156,1.9737530946731567,0.005044607445597649,0.610164999961853,6.467086315155029,3.0915221206102994,1.758212924003601,9.03196907043457,2.769029379123822e-05,0.41127434372901917,5.405003547668457,0,768,1,cols
followup4090_20260608_primary_spectral_pe_T5_l3e-5,pe_T5_l3e-5,polar_express,0,1.0,90046464,blocks.2.attn.q_proj,2.8071375686462736,1.5231720209121704,8.597904205322266,2.548809970903676e-05,0.3616124391555786,5.616111755371094,66,12,768,1.4751810448542182,325.9057922363281,1.96193265914917,0.011800137348473072,0.6076104640960693,6.474417686462402,2.823315418996968,1.5223946571350098,8.6255521774292,2.6001553123933263e-05,0.3627147078514099,5.61563777923584,0,768,2,cols
followup4090_20260608_primary_spectral_pe_T5_l3e-5,pe_T5_l3e-5,polar_express,0,1.0,90046464,blocks.3.attn.q_proj,7.417766279255007,1.4148390293121338,14.306830406188965,3.599909905460663e-05,0.5813665390014648,5.644840717315674,66,18,768,1.4488203218472808,313.9172058105469,1.9686616659164429,0.009076456539332867,0.6102495789527893,6.466244220733643,7.512502674105259,1.4113976955413818,14.399012565612793,4.302463275962509e-05,0.5845832824707031,5.6434197425842285,0,768,3,cols
followup4090_20260608_primary_spectral_pe_T5_l3e-5,pe_T5_l3e-5,polar_express,0,1.0,90046464,blocks.4.attn.q_proj,9.016435990975953,1.4947532415390015,15.784460067749023,0.00010200247197644785,0.6527923941612244,5.716387748718262,66,24,768,1.4664575484267721,323.40960693359375,1.964845895767212,0.0018245043465867639,0.6051194071769714,6.475188732147217,9.135172118352447,1.4902195930480957,15.888932228088379,8.994800737127662e-05,0.6563573479652405,5.715157508850098,0,768,4,cols
followup4090_20260608_primary_spectral_pe_T5_l3e-5,pe_T5_l3e-5,polar_express,0,1.0,90046464,blocks.5.attn.q_proj,3.591013938443139,1.577139139175415,9.84475326538086,1.2038328350172378e-05,0.41063109040260315,5.837643146514893,66,30,768,1.465938741691596,319.71832275390625,1.9762927293777466,0.011105683632194996,0.6036015748977661,6.476828098297119,3.6073622007699937,1.576688528060913,9.868581771850586,2.7143127226736397e-05,0.4115881621837616,5.837527275085449,0,768,5,cols
followup4090_20260608_primary_spectral_pe_T5_l3e-5,pe_T5_l3e-5,polar_express,0,1.0,90046464,blocks.5.mlp.fc2,0.967473731723189,11.361236572265625,1.6812388896942139,0.0006441334844566882,0.14765377342700958,6.253315448760986,66,35,3072,0.7452773001159037,184.87384033203125,1.4846880435943604,0.035432085394859314,0.4104938805103302,6.393369674682617,0.9676453825586266,10.9915189743042,1.7162045240402222,0.0006482747267000377,0.1484629362821579,6.252574920654297,0,768,6,rows
followup4090_20260608_primary_spectral_pe_T5_l3e-5,pe_T5_l3e-5,polar_express,0,1.0,90046464,blocks.6.mlp.fc2,0.9715134453502992,10.591126441955566,1.6135333776474,0.0005850622546859086,0.13836844265460968,6.240548610687256,66,41,3072,0.7426260724367162,185.58287048339844,1.4778470993041992,0.03372358903288841,0.40838906168937683,6.3946852684021,0.9716395336945339,10.255550384521484,1.6460678577423096,0.0005881524411961436,0.1390889286994934,6.239837646484375,0,768,7,rows
followup4090_20260608_primary_spectral_pe_T5_l3e-5,pe_T5_l3e-5,polar_express,0,1.0,90046464,blocks.7.mlp.fc2,0.9736312064595278,8.481013298034668,1.838193416595459,0.0006593136349692941,0.14452065527439117,6.216065883636475,66,47,3072,0.7431145271195955,187.78756713867188,1.4684621095657349,0.033891670405864716,0.4088313579559326,6.3935866355896,0.973924884933791,8.248052597045898,1.8711488246917725,0.0006622676155529916,0.14525359869003296,6.215418338775635,0,768,8,rows
followup4090_20260608_primary_spectral_pe_T5_l3e-5,pe_T5_l3e-5,polar_express,0,1.0,90046464,blocks.8.mlp.fc2,0.977319497004944,6.931477069854736,2.1614584922790527,0.0007479899213649333,0.1582804173231125,6.182504177093506,66,53,3072,0.7440372708047248,189.7333526611328,1.4926897287368774,0.03353353589773178,0.41671743988990784,6.39374303817749,0.9780245455848251,6.7560715675354,2.1987969875335693,0.000749208324123174,0.15917091071605682,6.181696891784668,0,768,9,rows
followup4090_20260608_primary_spectral_pe_T5_l3e-5,pe_T5_l3e-5,polar_express,0,1.0,90046464,blocks.9.mlp.fc2,0.9932203246561048,5.292427062988281,2.6983642578125,0.0007402890478260815,0.17783449590206146,6.156436443328857,66,59,3072,0.7417273488564656,189.27728271484375,1.4972662925720215,0.03662022948265076,0.4158557057380676,6.396421432495117,0.9950375247395291,5.177903175354004,2.7404935359954834,0.0007410457474179566,0.17887228727340698,6.155595779418945,0,768,10,rows
followup4090_20260608_primary_spectral_pe_T5_l3e-5,pe_T5_l3e-5,polar_express,0,1.0,90046464,blocks.10.mlp.fc2,1.0870747893518669,3.5143027305603027,3.8353865146636963,0.0008785153622739017,0.2165534943342209,6.098730564117432,66,65,3072,0.7362942626698387,197.58799743652344,1.4912879467010498,0.0365314818918705,0.41652801632881165,6.4064621925354,1.0951740383545256,3.442265272140503,3.8989510536193848,0.0008780921925790608,0.21820762753486633,6.097418785095215,0,768,11,rows
followup4090_20260608_primary_spectral_pe_T5_l3e-5,pe_T5_l3e-5,polar_express,0,1.0,100007936,blocks.0.attn.q_proj,1.9685553755751732,2.654141902923584,6.833673477172852,3.2774787541711703e-06,0.35665714740753174,5.9304518699646,66,0,768,1.4441455551894637,312.9853515625,1.9785102605819702,0.005041529890149832,0.5991726517677307,6.477180480957031,2.0060491763041326,2.6237895488739014,6.922399997711182,4.236270615365356e-05,0.3595668375492096,5.928278923034668,0,768,0,cols
followup4090_20260608_primary_spectral_pe_T5_l3e-5,pe_T5_l3e-5,polar_express,0,1.0,100007936,blocks.1.attn.q_proj,3.2635881115569116,1.8271771669387817,9.281078338623047,1.6940633940976113e-05,0.4304460287094116,5.402130126953125,66,6,768,1.4652005192132864,316.99578857421875,1.9728684425354004,0.0005377535708248615,0.613839864730835,6.465407848358154,3.283143367599906,1.8288867473602295,9.310232162475586,7.718169399595354e-06,0.43201205134391785,5.40155029296875,0,768,1,cols
followup4090_20260608_primary_spectral_pe_T5_l3e-5,pe_T5_l3e-5,polar_express,0,1.0,100007936,blocks.2.attn.q_proj,5.754805827681483,1.3075673580169678,12.567479133605957,8.771348234404286e-07,0.4998834431171417,5.4810895919799805,66,12,768,1.4778140337718215,326.1671447753906,1.9655848741531372,0.001754991477355361,0.6093650460243225,6.473222732543945,5.764384137010347,1.3084969520568848,12.578207015991211,1.3803388355881907e-05,0.5004359483718872,5.482032775878906,0,768,2,cols
followup4090_20260608_primary_spectral_pe_T5_l3e-5,pe_T5_l3e-5,polar_express,0,1.0,100007936,blocks.3.attn.q_proj,7.8770114133934355,1.4164807796478271,14.747756958007812,1.4042830116522964e-06,0.5994510054588318,5.649014472961426,66,18,768,1.4504082641388676,312.56951904296875,1.9762370586395264,0.0004528591816779226,0.6094805002212524,6.467352867126465,8.00224852365369,1.4125885963439941,14.865862846374512,1.0347142961109057e-05,0.6036263704299927,5.647286415100098,0,768,3,cols
followup4090_20260608_primary_spectral_pe_T5_l3e-5,pe_T5_l3e-5,polar_express,0,1.0,100007936,blocks.4.attn.q_proj,10.15037379846982,1.4922958612442017,16.751903533935547,1.5339819583459757e-05,0.6929835081100464,5.708178520202637,66,24,768,1.4666857738358785,322.6041564941406,1.9659076929092407,0.008740134537220001,0.607494592666626,6.473102569580078,10.373866214532315,1.4858239889144897,16.936525344848633,2.418326857878128e-06,0.6994990706443787,5.705770492553711,0,768,4,cols
followup4090_20260608_primary_spectral_pe_T5_l3e-5,pe_T5_l3e-5,polar_express,0,1.0,100007936,blocks.5.attn.q_proj,5.008853968689025,1.4623507261276245,11.714956283569336,0.00012247504491824657,0.47630366683006287,5.799306869506836,66,30,768,1.4694433369363775,321.3760986328125,1.9725087881088257,0.008469780907034874,0.606792151927948,6.4743428230285645,5.107992994109155,1.4570575952529907,11.833701133728027,0.0001309073850279674,0.4805482029914856,5.797226905822754,0,768,5,cols
followup4090_20260608_primary_spectral_pe_T5_l3e-5,pe_T5_l3e-5,polar_express,0,1.0,100007936,blocks.5.mlp.fc2,0.9660163514343388,10.947818756103516,1.8439522981643677,0.0006734006456099451,0.16164253652095795,6.240374565124512,66,35,3072,0.7460252958174018,186.0118865966797,1.4748393297195435,0.03515031188726425,0.4098801016807556,6.392025947570801,0.9663281998446709,10.598533630371094,1.8838649988174438,0.000677566509693861,0.16274672746658325,6.23928689956665,0,768,6,rows
followup4090_20260608_primary_spectral_pe_T5_l3e-5,pe_T5_l3e-5,polar_express,0,1.0,100007936,blocks.6.mlp.fc2,0.9721160127377316,8.780693054199219,1.9366064071655273,0.0007035346352495253,0.15507256984710693,6.2221360206604,66,41,3072,0.7452126729569317,185.38148498535156,1.4777805805206299,0.03366214036941528,0.4103146195411682,6.390734672546387,0.9725567025129149,8.518096923828125,1.9772231578826904,0.0007066349498927593,0.15621067583560944,6.22092866897583,0,768,7,rows
followup4090_20260608_primary_spectral_pe_T5_l3e-5,pe_T5_l3e-5,polar_express,0,1.0,100007936,blocks.7.mlp.fc2,0.9811391754592819,6.487833499908447,2.34275484085083,0.0007429542019963264,0.166595920920372,6.188851356506348,66,47,3072,0.7439623886439565,189.41358947753906,1.4833884239196777,0.03470401093363762,0.4143909811973572,6.393133640289307,0.982301913716653,6.326696395874023,2.387195110321045,0.0007481716456823051,0.16794784367084503,6.187361717224121,0,768,8,rows
followup4090_20260608_primary_spectral_pe_T5_l3e-5,pe_T5_l3e-5,polar_express,0,1.0,100007936,blocks.8.mlp.fc2,1.0010258951845006,5.211675643920898,2.81439471244812,0.0007421899936161935,0.18559226393699646,6.1491780281066895,66,53,3072,0.7404602711177298,192.4849853515625,1.502044439315796,0.03387031331658363,0.4186359643936157,6.398881912231445,1.0032915623263496,5.121395111083984,2.857121706008911,0.0007461315835826099,0.18707270920276642,6.147578239440918,0,768,9,rows
followup4090_20260608_primary_spectral_pe_T5_l3e-5,pe_T5_l3e-5,polar_express,0,1.0,100007936,blocks.9.mlp.fc2,1.048418388016567,4.065982818603516,3.470388650894165,0.0007973937317728996,0.2073860466480255,6.122922897338867,66,59,3072,0.7394085484167183,194.2346649169922,1.4994508028030396,0.03680040314793587,0.4182150065898895,6.401617050170898,1.0515100301688762,4.041961669921875,3.4996280670166016,0.0008022430120036006,0.20874042809009552,6.121569633483887,0,768,10,rows
followup4090_20260608_primary_spectral_pe_T5_l3e-5,pe_T5_l3e-5,polar_express,0,1.0,100007936,blocks.10.mlp.fc2,1.242148861751491,3.017554759979248,4.686917304992676,0.0010139227379113436,0.25242355465888977,6.058246612548828,66,65,3072,0.739560308678202,195.42918395996094,1.4943450689315796,0.0380779393017292,0.4177803099155426,6.402559757232666,1.2445847343929541,3.038419246673584,4.690993785858154,0.0010201719123870134,0.25362417101860046,6.057020664215088,0,768,11,rows
followup4090_20260608_primary_spectral_pe_T9_l3e-5,pe_T9_l3e-5,polar_express,0,1.0,10092544,blocks.0.attn.q_proj,35.8686629264276,6.208328723907471,25.028743743896484,8.830628212308511e-05,2.052398443222046,5.644623279571533,66,0,768,0.03569640303679769,755.8911743164062,1.007277488708496,0.21026045083999634,0.028864102438092232,6.643177032470703,36.54650505536829,6.16249418258667,25.25082015991211,6.801519339205697e-05,2.0638227462768555,5.64339542388916,0,768,0,cols
followup4090_20260608_primary_spectral_pe_T9_l3e-5,pe_T9_l3e-5,polar_express,0,1.0,10092544,blocks.1.attn.q_proj,8.238149904842915,1.362074851989746,15.03922176361084,1.8330986222281354e-06,0.6230738759040833,4.6902875900268555,66,6,768,0.07702713376569253,750.5018310546875,1.007960319519043,0.04579278454184532,0.060085415840148926,6.641077995300293,8.261527454709833,1.3629273176193237,15.061120986938477,1.1760008419514634e-05,0.6241382360458374,4.692086219787598,0,768,1,cols
followup4090_20260608_primary_spectral_pe_T9_l3e-5,pe_T9_l3e-5,polar_express,0,1.0,10092544,blocks.2.attn.q_proj,2.5857479097306486,1.675988793373108,8.123059272766113,2.440884600218851e-06,0.37178662419319153,4.665133476257324,66,12,768,0.0905534639287588,747.6428833007812,1.0079599618911743,0.07134468853473663,0.07048197835683823,6.640049457550049,2.611537105657604,1.6733509302139282,8.169961929321289,1.523801756775356e-06,0.3736570179462433,4.664158344268799,0,768,2,cols
followup4090_20260608_primary_spectral_pe_T9_l3e-5,pe_T9_l3e-5,polar_express,0,1.0,10092544,blocks.3.attn.q_proj,2.0212908619941925,1.6620210409164429,6.993217468261719,1.4518722309730947e-05,0.31941932439804077,4.550107002258301,66,18,768,0.09151227218396404,747.3731689453125,1.0081626176834106,0.013430367223918438,0.07255939394235611,6.639686584472656,2.0213947885224646,1.667494535446167,6.99220085144043,1.2238391718710773e-05,0.319873183965683,4.552186489105225,0,768,3,cols
followup4090_20260608_primary_spectral_pe_T9_l3e-5,pe_T9_l3e-5,polar_express,0,1.0,10092544,blocks.4.attn.q_proj,1.8983884508677449,1.434804916381836,6.7588276863098145,3.5818554806610337e-06,0.28812798857688904,4.344773292541504,66,24,768,0.10853120474575123,743.0072631835938,1.0086239576339722,0.1117817610502243,0.08201677352190018,6.6389055252075195,1.9149458051104211,1.4339394569396973,6.798275947570801,3.96729637941462e-06,0.2897275388240814,4.343912601470947,0,768,4,cols
followup4090_20260608_primary_spectral_pe_T9_l3e-5,pe_T9_l3e-5,polar_express,0,1.0,10092544,blocks.5.attn.q_proj,1.4455307375126465,1.7264602184295654,5.431223392486572,2.8625718186958693e-06,0.2537558376789093,4.285019874572754,66,30,768,0.11245840586154152,742.1199340820312,1.0081005096435547,0.04502938315272331,0.08403477072715759,6.638594627380371,1.4592526181713772,1.7137126922607422,5.480931758880615,2.9660702693945495e-06,0.25513967871665955,4.28544282913208,0,768,5,cols
followup4090_20260608_primary_spectral_pe_T9_l3e-5,pe_T9_l3e-5,polar_express,0,1.0,10092544,blocks.5.mlp.fc2,5.953535924506969,1.2805882692337036,12.789445877075195,0.0013187804725021124,0.508873462677002,5.262499809265137,66,35,3072,0.7100956237516964,302.8287658691406,0.9210649728775024,0.08818327635526657,0.2359723448753357,6.534018039703369,5.927056821613522,1.2853195667266846,12.759807586669922,0.0013141656527295709,0.5085610151290894,5.2624382972717285,0,768,6,rows
followup4090_20260608_primary_spectral_pe_T9_l3e-5,pe_T9_l3e-5,polar_express,0,1.0,10092544,blocks.6.mlp.fc2,5.936770028952594,1.2464419603347778,12.77254867553711,0.0011424404801800847,0.5027309060096741,5.215400218963623,66,41,3072,0.7131465900243972,300.07391357421875,0.9203155636787415,0.08490100502967834,0.23624758422374725,6.532360076904297,5.908478337285256,1.2502644062042236,12.74108600616455,0.001142870751209557,0.5021947622299194,5.21588134765625,0,768,7,rows
followup4090_20260608_primary_spectral_pe_T9_l3e-5,pe_T9_l3e-5,polar_express,0,1.0,10092544,blocks.7.mlp.fc2,6.334196085147922,1.2331972122192383,13.200902938842773,0.0012928327778354287,0.5178316235542297,5.1638946533203125,66,47,3072,0.7098774468678403,302.0968322753906,0.9232470989227295,0.08249334245920181,0.2373989224433899,6.532617568969727,6.305846029443514,1.2366807460784912,13.170363426208496,0.0012925552437081933,0.5173030495643616,5.164524078369141,0,768,8,rows
followup4090_20260608_primary_spectral_pe_T9_l3e-5,pe_T9_l3e-5,polar_express,0,1.0,10092544,blocks.8.mlp.fc2,5.853927233769667,1.2529542446136475,12.677788734436035,0.0012134893331676722,0.501179039478302,5.151851177215576,66,53,3072,0.710697365232944,302.7146911621094,0.9206590056419373,0.0810418650507927,0.2370796650648117,6.53244686126709,5.827465750208167,1.2566065788269043,12.647953033447266,0.0012129165697842836,0.5006715059280396,5.152601718902588,0,768,9,rows
followup4090_20260608_primary_spectral_pe_T9_l3e-5,pe_T9_l3e-5,polar_express,0,1.0,10092544,blocks.9.mlp.fc2,5.581705251587197,1.248626947402954,12.372326850891113,0.0011540823616087437,0.4885943531990051,5.129166603088379,66,59,3072,0.7130505784303973,300.4692077636719,0.9210837483406067,0.08050430566072464,0.2383464276790619,6.530261516571045,5.560126525391088,1.251935362815857,12.347305297851562,0.0011525758309289813,0.4882028102874756,5.129942417144775,0,768,10,rows
followup4090_20260608_primary_spectral_pe_T9_l3e-5,pe_T9_l3e-5,polar_express,0,1.0,10092544,blocks.10.mlp.fc2,5.124006213826984,1.285149097442627,11.835458755493164,0.0011488540330901742,0.47374483942985535,5.124382019042969,66,65,3072,0.7116266473420375,302.0506896972656,0.9206803441047668,0.08373656868934631,0.23786388337612152,6.5313544273376465,5.106937486004797,1.288776159286499,11.81440258026123,0.0011503443820402026,0.4735259711742401,5.124995708465576,0,768,11,rows
followup4090_20260608_primary_spectral_pe_T9_l3e-5,pe_T9_l3e-5,polar_express,0,1.0,20054016,blocks.0.attn.q_proj,7.484780857705533,8.14513874053955,12.009453773498535,0.00018684958922676742,1.0335744619369507,6.007726669311523,66,0,768,0.0384644383696262,755.6107788085938,1.0071974992752075,0.202780082821846,0.03013288788497448,6.643129348754883,7.550880882707263,8.11351490020752,12.071250915527344,2.175740519305691e-05,1.037219762802124,6.007208824157715,0,768,0,cols
followup4090_20260608_primary_spectral_pe_T9_l3e-5,pe_T9_l3e-5,polar_express,0,1.0,20054016,blocks.1.attn.q_proj,2.112310679012194,4.5099101066589355,6.6359453201293945,1.355920630885521e-05,0.4739954173564911,5.3650007247924805,66,6,768,0.06182872642004298,752.4486083984375,1.007889986038208,0.2350151389837265,0.04443347826600075,6.64246940612793,2.1255349511944956,4.51387357711792,6.656017780303955,2.3675642296439037e-05,0.4757002592086792,5.364197254180908,0,768,1,cols
followup4090_20260608_primary_spectral_pe_T9_l3e-5,pe_T9_l3e-5,polar_express,0,1.0,20054016,blocks.2.attn.q_proj,1.5294986922215295,4.730304718017578,5.401279926300049,9.426843462279066e-06,0.3921985626220703,5.394556045532227,66,12,768,0.06427232042401645,752.9579467773438,1.0074996948242188,0.03186480328440666,0.055187907069921494,6.6412739753723145,1.540300443912358,4.695188045501709,5.438938617706299,8.9045852291747e-06,0.3935052752494812,5.394246578216553,0,768,2,cols
followup4090_20260608_primary_spectral_pe_T9_l3e-5,pe_T9_l3e-5,polar_express,0,1.0,20054016,blocks.3.attn.q_proj,3.149453382838805,2.6325831413269043,8.949902534484863,1.6807394786155783e-05,0.4923578202724457,5.383997917175293,66,18,768,0.0635054235153483,752.4188232421875,1.007728934288025,0.11036840081214905,0.050042878836393356,6.641942024230957,3.143948993418211,2.6532351970672607,8.931381225585938,1.6975307516986504e-05,0.49320730566978455,5.384252071380615,0,768,3,cols
followup4090_20260608_primary_spectral_pe_T9_l3e-5,pe_T9_l3e-5,polar_express,0,1.0,20054016,blocks.4.attn.q_proj,1.2131258301573846,5.981485366821289,4.299475193023682,3.838777502096491e-06,0.3474510610103607,5.450880527496338,66,24,768,0.053361596434317225,753.9862060546875,1.0074265003204346,0.16137689352035522,0.03964652866125107,6.642683029174805,1.2190295452183992,5.945079326629639,4.328250408172607,9.853497431322467e-06,0.3487534523010254,5.450549125671387,0,768,4,cols
followup4090_20260608_primary_spectral_pe_T9_l3e-5,pe_T9_l3e-5,polar_express,0,1.0,20054016,blocks.5.attn.q_proj,1.0387070389664117,7.186078071594238,3.073090076446533,9.197942745231558e-06,0.27065563201904297,5.51544189453125,66,30,768,0.048790579939389074,752.9515380859375,1.0084983110427856,0.09731530398130417,0.038209591060876846,6.6426777839660645,1.0410968673380643,7.081425666809082,3.1062700748443604,9.082624274014961e-06,0.27161216735839844,5.515388011932373,0,768,5,cols
followup4090_20260608_primary_spectral_pe_T9_l3e-5,pe_T9_l3e-5,polar_express,0,1.0,20054016,blocks.5.mlp.fc2,1.0198384550906834,3.4173474311828613,3.032792091369629,0.001083765528164804,0.17376819252967834,5.9838762283325195,66,35,3072,0.7085685232157339,308.9538269042969,0.9105994701385498,0.0922497808933258,0.22960542142391205,6.540711879730225,1.0302373022142897,3.2133827209472656,3.1857478618621826,0.0010826245415955782,0.17783674597740173,5.977422714233398,0,768,6,rows
followup4090_20260608_primary_spectral_pe_T9_l3e-5,pe_T9_l3e-5,polar_express,0,1.0,20054016,blocks.6.mlp.fc2,1.0186166645410888,3.124894380569458,2.95981764793396,0.0009562299819663167,0.1630103886127472,5.987330913543701,66,41,3072,0.7097019418035395,307.5645446777344,0.9109118580818176,0.08820826560258865,0.22972814738750458,6.540128231048584,1.0273672782216072,2.957491636276245,3.099637031555176,0.0009572739945724607,0.1668427437543869,5.9808549880981445,0,768,7,rows
followup4090_20260608_primary_spectral_pe_T9_l3e-5,pe_T9_l3e-5,polar_express,0,1.0,20054016,blocks.7.mlp.fc2,1.0292692025145038,2.758319854736328,3.105440139770508,0.0010238216491416097,0.16233967244625092,5.97591495513916,66,47,3072,0.7088900760237391,306.5860290527344,0.9137440323829651,0.09084118157625198,0.22972942888736725,6.540509223937988,1.039409609827738,2.624361515045166,3.246105909347534,0.0010269929189234972,0.16626785695552826,5.969203472137451,0,768,8,rows
followup4090_20260608_primary_spectral_pe_T9_l3e-5,pe_T9_l3e-5,polar_express,0,1.0,20054016,blocks.8.mlp.fc2,1.0399878818082298,2.5421457290649414,3.241659164428711,0.0010090216528624296,0.16417008638381958,5.962979793548584,66,53,3072,0.708388475667416,308.0576171875,0.9122822880744934,0.08887411653995514,0.22972999513149261,6.540628910064697,1.0517886358552642,2.4257795810699463,3.385791540145874,0.0010106087429448962,0.16823087632656097,5.956021308898926,0,768,9,rows
followup4090_20260608_primary_spectral_pe_T9_l3e-5,pe_T9_l3e-5,polar_express,0,1.0,20054016,blocks.9.mlp.fc2,1.0403784666081932,2.527292251586914,3.2397031784057617,0.0008740595658309758,0.16436734795570374,5.950567245483398,66,59,3072,0.7099419363757814,306.1297912597656,0.913335919380188,0.08967246115207672,0.23084113001823425,6.538987159729004,1.051576309140218,2.4159960746765137,3.377183198928833,0.0008758404874242842,0.16819055378437042,5.943990707397461,0,768,10,rows
followup4090_20260608_primary_spectral_pe_T9_l3e-5,pe_T9_l3e-5,polar_express,0,1.0,20054016,blocks.10.mlp.fc2,1.0585581759001623,2.4671175479888916,3.4556169509887695,0.0008834334439598024,0.17489378154277802,5.921821117401123,66,65,3072,0.7083742287857258,307.4615478515625,0.9138443470001221,0.08590918034315109,0.2308306097984314,6.539658546447754,1.0724258978260512,2.3626468181610107,3.5968339443206787,0.0008854921325109899,0.17876867949962616,5.915380954742432,0,768,11,rows
followup4090_20260608_primary_spectral_pe_T9_l3e-5,pe_T9_l3e-5,polar_express,0,1.0,30015488,blocks.0.attn.q_proj,3.2241565972670414,7.37807559967041,8.623239517211914,2.9194134185672738e-05,0.65524822473526,6.159604549407959,66,0,768,0.03666008284801568,755.0787353515625,1.0078113079071045,0.0017384005477651954,0.036141287535429,6.642497539520264,3.258051511795105,7.351136207580566,8.671121597290039,7.5785159424413e-05,0.6581242084503174,6.158820629119873,0,768,0,cols
followup4090_20260608_primary_spectral_pe_T9_l3e-5,pe_T9_l3e-5,polar_express,0,1.0,30015488,blocks.1.attn.q_proj,2.220763861433036,3.463839054107666,7.261703014373779,2.1054122044006363e-05,0.450869619846344,5.479933738708496,66,6,768,0.04647993102162339,753.6008911132812,1.0082472562789917,0.02663630060851574,0.03939666971564293,6.642459869384766,2.276880607773218,3.395533323287964,7.383903503417969,1.4232264220481738e-05,0.45419859886169434,5.4777750968933105,0,768,1,cols
followup4090_20260608_primary_spectral_pe_T9_l3e-5,pe_T9_l3e-5,polar_express,0,1.0,30015488,blocks.2.attn.q_proj,2.103711068512489,3.8278117179870605,7.013740062713623,3.0652179702883586e-05,0.450232595205307,5.571168899536133,66,12,768,0.0499746412017538,754.8301391601562,1.0072418451309204,0.06938216835260391,0.04007463902235031,6.642531871795654,2.1255147164929644,3.8108646869659424,7.059179306030273,3.060861490666866e-05,0.45226845145225525,5.570262908935547,0,768,2,cols
followup4090_20260608_primary_spectral_pe_T9_l3e-5,pe_T9_l3e-5,polar_express,0,1.0,30015488,blocks.3.attn.q_proj,4.2759517027207545,3.1998627185821533,10.597671508789062,4.013222860521637e-05,0.6245808005332947,5.547052383422852,66,18,768,0.0533950843491599,753.7239990234375,1.0073407888412476,0.04268348217010498,0.04315435513854027,6.642297744750977,4.504008902267437,3.092132091522217,10.903843879699707,4.385826105135493e-05,0.6326474547386169,5.543238639831543,0,768,3,cols
followup4090_20260608_primary_spectral_pe_T9_l3e-5,pe_T9_l3e-5,polar_express,0,1.0,30015488,blocks.4.attn.q_proj,3.7466628415474847,3.3038763999938965,9.890868186950684,4.1175397200277075e-05,0.5930432081222534,5.511267185211182,66,24,768,0.05466895430594792,753.9287109375,1.0074784755706787,0.2235397845506668,0.03959868103265762,6.642728805541992,3.857877716599751,3.245344638824463,10.052350044250488,3.495891724014655e-05,0.5977969765663147,5.509251117706299,0,768,4,cols
followup4090_20260608_primary_spectral_pe_T9_l3e-5,pe_T9_l3e-5,polar_express,0,1.0,30015488,blocks.5.attn.q_proj,1.2524677336261885,4.38893461227417,4.804546356201172,2.0502087863860652e-05,0.31725773215293884,5.7957282066345215,66,30,768,0.038670678328153116,755.537353515625,1.0073622465133667,0.34128713607788086,0.02711106650531292,6.643312454223633,1.2595780976234072,4.3628644943237305,4.835691928863525,8.533072104910389e-06,0.31844547390937805,5.795405387878418,0,768,5,cols
followup4090_20260608_primary_spectral_pe_T9_l3e-5,pe_T9_l3e-5,polar_express,0,1.0,30015488,blocks.5.mlp.fc2,0.9760277797316907,7.515621185302734,2.038573741912842,0.001132505014538765,0.15713149309158325,6.157149314880371,66,35,3072,0.7084188277197128,308.5132141113281,0.9112942814826965,0.092681385576725,0.22906243801116943,6.54133939743042,0.9779336959044811,6.905200004577637,2.1491641998291016,0.001139168394729495,0.15944693982601166,6.153911590576172,0,768,6,rows
followup4090_20260608_primary_spectral_pe_T9_l3e-5,pe_T9_l3e-5,polar_express,0,1.0,30015488,blocks.6.mlp.fc2,0.9789222367823444,6.869557857513428,1.9804397821426392,0.001061600400134921,0.14643046259880066,6.158071041107178,66,41,3072,0.7096998770380772,308.7124938964844,0.9085423350334167,0.09091970324516296,0.228634774684906,6.541107177734375,0.9803889773412905,6.372529029846191,2.0774638652801514,0.0010638425592333078,0.14853978157043457,6.154930591583252,0,768,7,rows
followup4090_20260608_primary_spectral_pe_T9_l3e-5,pe_T9_l3e-5,polar_express,0,1.0,30015488,blocks.7.mlp.fc2,0.9845163058495202,5.560203552246094,2.167163610458374,0.0009938412113115191,0.14719539880752563,6.136807918548584,66,47,3072,0.7070095564661357,307.5413513183594,0.9145761728286743,0.08985492587089539,0.22822275757789612,6.5427656173706055,0.9863639956362721,5.244065284729004,2.255011558532715,0.000998203526251018,0.14930351078510284,6.1335530281066895,0,768,8,rows
followup4090_20260608_primary_spectral_pe_T9_l3e-5,pe_T9_l3e-5,polar_express,0,1.0,30015488,blocks.8.mlp.fc2,0.9904584943736502,4.753895282745361,2.350492477416992,0.0009147371747530997,0.1504174768924713,6.117049217224121,66,53,3072,0.7080548095686985,309.8369445800781,0.9089898467063904,0.09401682019233704,0.22760172188282013,6.5427751541137695,0.9927271898381774,4.528836727142334,2.432680130004883,0.0009193840087391436,0.15243959426879883,6.113926410675049,0,768,9,rows
followup4090_20260608_primary_spectral_pe_T9_l3e-5,pe_T9_l3e-5,polar_express,0,1.0,30015488,blocks.9.mlp.fc2,0.9996595710525406,4.050401210784912,2.5917153358459473,0.001003058860078454,0.15571317076683044,6.102260112762451,66,59,3072,0.7094093645375229,306.27349853515625,0.9122138023376465,0.0927409753203392,0.22771435976028442,6.542204856872559,1.0026103273748013,3.8958544731140137,2.6687731742858887,0.0010049175471067429,0.1577071249485016,6.0991411209106445,0,768,10,rows
followup4090_20260608_primary_spectral_pe_T9_l3e-5,pe_T9_l3e-5,polar_express,0,1.0,30015488,blocks.10.mlp.fc2,1.0240243541125287,3.382507562637329,3.062084436416626,0.0009350810432806611,0.17209778726100922,6.0721821784973145,66,65,3072,0.707108665208329,308.4411315917969,0.9126291871070862,0.09559181332588196,0.22763359546661377,6.543181419372559,1.0289669896763296,3.2870430946350098,3.1370222568511963,0.0009358320385217667,0.1742364466190338,6.0689592361450195,0,768,11,rows
followup4090_20260608_primary_spectral_pe_T9_l3e-5,pe_T9_l3e-5,polar_express,0,1.0,40108032,blocks.0.attn.q_proj,4.618961828712762,3.380439281463623,10.956722259521484,0.00026365285157226026,0.6147606372833252,6.047378063201904,66,0,768,0.03415649020098176,756.0974731445312,1.0073390007019043,0.27843764424324036,0.026309650391340256,6.643306255340576,4.7472856256882165,3.3530972003936768,11.111144065856934,0.00021190418920014054,0.6221297979354858,6.0435791015625,0,768,0,cols
followup4090_20260608_primary_spectral_pe_T9_l3e-5,pe_T9_l3e-5,polar_express,0,1.0,40108032,blocks.1.attn.q_proj,3.929470017731363,3.0744869709014893,9.730738639831543,1.2456100193958264e-05,0.5819610357284546,5.32395076751709,66,6,768,0.05149600771196355,754.0928344726562,1.007753849029541,0.1082436740398407,0.04244441166520119,6.6424102783203125,3.924759599456562,3.0961108207702637,9.71899127960205,1.5093844922375865e-05,0.5832067131996155,5.323695659637451,0,768,1,cols
followup4090_20260608_primary_spectral_pe_T9_l3e-5,pe_T9_l3e-5,polar_express,0,1.0,40108032,blocks.2.attn.q_proj,3.7395936352084824,2.5857295989990234,9.916046142578125,2.946117274404969e-05,0.5312953591346741,5.544181823730469,66,12,768,0.05064164217639609,752.6205444335938,1.008366584777832,0.13629621267318726,0.03816908970475197,6.642734050750732,3.7910588779150567,2.575605630874634,9.989413261413574,2.3796839741407894e-05,0.5343340635299683,5.542674541473389,0,768,2,cols
followup4090_20260608_primary_spectral_pe_T9_l3e-5,pe_T9_l3e-5,polar_express,0,1.0,40108032,blocks.3.attn.q_proj,6.6424072046414135,2.743908166885376,13.235055923461914,7.378073405561736e-06,0.7329615354537964,5.493222236633301,66,18,768,0.0713680805071836,751.6969604492188,1.0076119899749756,0.09401427954435349,0.05420737341046333,6.641668796539307,6.724153747014857,2.7405288219451904,13.314553260803223,2.2266252130975772e-07,0.7371382713317871,5.491550445556641,0,768,3,cols
followup4090_20260608_primary_spectral_pe_T9_l3e-5,pe_T9_l3e-5,polar_express,0,1.0,40108032,blocks.4.attn.q_proj,9.079707011992186,2.4021992683410645,15.64885139465332,6.730704626534134e-05,0.8184560537338257,5.407200813293457,66,24,768,0.05691767746622161,753.7496948242188,1.0074461698532104,0.07842997461557388,0.04396791011095047,6.642337322235107,9.071872465921802,2.420424699783325,15.63418960571289,5.5854630772955716e-05,0.8207215666770935,5.406457901000977,0,768,4,cols
followup4090_20260608_primary_spectral_pe_T9_l3e-5,pe_T9_l3e-5,polar_express,0,1.0,40108032,blocks.5.attn.q_proj,2.216755601066469,2.8268983364105225,7.463134288787842,5.516952114703599e-06,0.40196722745895386,5.81566858291626,66,30,768,0.03629025754413848,755.6481323242188,1.0074506998062134,0.27924636006355286,0.027159422636032104,6.643281936645508,2.24437128852143,2.8156650066375732,7.518739223480225,9.73638066170679e-07,0.4043462574481964,5.814314365386963,0,768,5,cols
followup4090_20260608_primary_spectral_pe_T9_l3e-5,pe_T9_l3e-5,polar_express,0,1.0,40108032,blocks.5.mlp.fc2,0.9956268776280025,5.907087802886963,2.8345377445220947,0.0010465062223374844,0.19797445833683014,6.138991355895996,66,35,3072,0.7072922228579329,307.8221435546875,0.9143874049186707,0.09134078770875931,0.2296040654182434,6.541269302368164,1.0028651194328566,5.567480087280273,2.9611597061157227,0.0010520740179345012,0.20175766944885254,6.13411808013916,0,768,6,rows
followup4090_20260608_primary_spectral_pe_T9_l3e-5,pe_T9_l3e-5,polar_express,0,1.0,40108032,blocks.6.mlp.fc2,1.0015860660544391,5.203880786895752,2.8748719692230225,0.0009735433268360794,0.19076406955718994,6.127729892730713,66,41,3072,0.7099701548371004,308.8297424316406,0.908005952835083,0.09186738729476929,0.22866906225681305,6.541040420532227,1.0085950500674559,4.944427013397217,2.9926140308380127,0.0009807946626096964,0.19448500871658325,6.122618675231934,0,768,7,rows
followup4090_20260608_primary_spectral_pe_T9_l3e-5,pe_T9_l3e-5,polar_express,0,1.0,40108032,blocks.7.mlp.fc2,1.0216144286903759,4.419614315032959,3.1609020233154297,0.000966787978541106,0.197993203997612,6.090144157409668,66,47,3072,0.7091966248693843,308.0470275878906,0.9101665616035461,0.09451393783092499,0.22802788019180298,6.5420637130737305,1.0313996963440837,4.21475076675415,3.286713123321533,0.0009720134548842907,0.2019319087266922,6.084622383117676,0,768,8,rows
followup4090_20260608_primary_spectral_pe_T9_l3e-5,pe_T9_l3e-5,polar_express,0,1.0,40108032,blocks.8.mlp.fc2,1.052785298143946,3.820070266723633,3.5026135444641113,0.0009774432983249426,0.20805373787879944,6.060494422912598,66,53,3072,0.7079943119406512,309.6076965332031,0.9091389775276184,0.0912586897611618,0.2270551323890686,6.543309211730957,1.0675405250910732,3.648573637008667,3.6429567337036133,0.0009855435928329825,0.21239204704761505,6.054454803466797,0,768,9,rows
followup4090_20260608_primary_spectral_pe_T9_l3e-5,pe_T9_l3e-5,polar_express,0,1.0,40108032,blocks.9.mlp.fc2,1.084645317483337,3.4510645866394043,3.7742037773132324,0.0010173068149015307,0.2159344106912613,6.0417890548706055,66,59,3072,0.7096351810535899,308.76580810546875,0.9077544808387756,0.09087159484624863,0.22718435525894165,6.542505741119385,1.10413773583076,3.3048155307769775,3.924342155456543,0.0010257413377985358,0.22065551578998566,6.035224437713623,0,768,10,rows
followup4090_20260608_primary_spectral_pe_T9_l3e-5,pe_T9_l3e-5,polar_express,0,1.0,40108032,blocks.10.mlp.fc2,1.2640536832396219,2.6837594509124756,4.806623458862305,0.001085465308278799,0.24960190057754517,5.994501113891602,66,65,3072,0.7086626765208176,308.8161315917969,0.9090151786804199,0.09667675942182541,0.22697335481643677,6.542967796325684,1.3080563129610987,2.5860071182250977,4.9948601722717285,0.0010907239047810435,0.2556454837322235,5.9867024421691895,0,768,11,rows
followup4090_20260608_primary_spectral_pe_T9_l3e-5,pe_T9_l3e-5,polar_express,0,1.0,50069504,blocks.0.attn.q_proj,1.4794666720478957,5.198378086090088,5.609126091003418,3.515317075653002e-05,0.3694409132003784,6.115662574768066,66,0,768,0.018849938613443668,755.764404296875,1.0077494382858276,0.7136469483375549,0.010820218361914158,6.643725395202637,1.5046207461186292,5.1085381507873535,5.6883544921875,9.72617999650538e-05,0.3718871474266052,6.114488124847412,0,768,0,cols
followup4090_20260608_primary_spectral_pe_T9_l3e-5,pe_T9_l3e-5,polar_express,0,1.0,50069504,blocks.1.attn.q_proj,2.0389719992525164,2.7072510719299316,7.014486312866211,3.927548823412508e-05,0.38789084553718567,5.473486423492432,66,6,768,0.05994289869456345,753.1603393554688,1.0080617666244507,0.0038754360284656286,0.048634715378284454,6.641834259033203,2.0639542848367816,2.688707113265991,7.070431232452393,4.7145571443252265e-05,0.38974928855895996,5.472477436065674,0,768,1,cols
followup4090_20260608_primary_spectral_pe_T9_l3e-5,pe_T9_l3e-5,polar_express,0,1.0,50069504,blocks.2.attn.q_proj,2.626967510910924,2.3674728870391846,8.255828857421875,3.4376057556073647e-06,0.4200257658958435,5.62312126159668,66,12,768,0.05038532305221749,753.4993896484375,1.008109450340271,0.1514490842819214,0.038879361003637314,6.642697334289551,2.659955029843795,2.3553307056427,8.314918518066406,1.6794412658782676e-05,0.4220861494541168,5.622253894805908,0,768,2,cols
followup4090_20260608_primary_spectral_pe_T9_l3e-5,pe_T9_l3e-5,polar_express,0,1.0,50069504,blocks.3.attn.q_proj,5.513077953659535,2.1817657947540283,12.238927841186523,2.1648569600074552e-05,0.602605402469635,5.578421592712402,66,18,768,0.061261586966668856,752.6259155273438,1.0078377723693848,0.07908805459737778,0.049674518406391144,6.641892433166504,5.579935059330799,2.1741409301757812,12.315143585205078,2.478351234458387e-05,0.6054625511169434,5.577462196350098,0,768,3,cols
followup4090_20260608_primary_spectral_pe_T9_l3e-5,pe_T9_l3e-5,polar_express,0,1.0,50069504,blocks.4.attn.q_proj,5.210805099635795,2.296921491622925,11.890826225280762,6.215861503733322e-05,0.5996278524398804,5.553532600402832,66,24,768,0.045661642960915995,754.6029663085938,1.007462501525879,0.3132854402065277,0.03197498247027397,6.643123626708984,5.314646284268877,2.278306722640991,12.01360034942627,4.283208181732334e-05,0.6036669611930847,5.551985740661621,0,768,4,cols
followup4090_20260608_primary_spectral_pe_T9_l3e-5,pe_T9_l3e-5,polar_express,0,1.0,50069504,blocks.5.attn.q_proj,2.4695082214491797,2.2252235412597656,7.997279644012451,1.0274497071804944e-05,0.38389551639556885,5.861812591552734,66,30,768,0.03383498686131587,755.5276489257812,1.0074142217636108,0.3473377823829651,0.02432861179113388,6.643398284912109,2.4940263477575058,2.2184207439422607,8.042976379394531,2.7731075533665717e-05,0.38563379645347595,5.861167907714844,0,768,5,cols
followup4090_20260608_primary_spectral_pe_T9_l3e-5,pe_T9_l3e-5,polar_express,0,1.0,50069504,blocks.5.mlp.fc2,0.9700957085583264,10.323869705200195,1.6921331882476807,0.0008636589627712965,0.142446368932724,6.246091842651367,66,35,3072,0.7082056750984816,307.16937255859375,0.9138755202293396,0.09307252615690231,0.22954906523227692,6.541005611419678,0.9706640008390837,9.56714916229248,1.7716244459152222,0.0008636670536361635,0.14412501454353333,6.2439165115356445,0,768,6,rows
followup4090_20260608_primary_spectral_pe_T9_l3e-5,pe_T9_l3e-5,polar_express,0,1.0,50069504,blocks.6.mlp.fc2,0.9730801205576235,9.894120216369629,1.6241629123687744,0.0007782905013300478,0.13446636497974396,6.242990970611572,66,41,3072,0.709322506737073,305.75299072265625,0.9138426780700684,0.08775480091571808,0.22869285941123962,6.541441917419434,0.9734774502580973,9.225371360778809,1.6945909261703491,0.0007806184585206211,0.1359550505876541,6.240996837615967,0,768,7,rows
followup4090_20260608_primary_spectral_pe_T9_l3e-5,pe_T9_l3e-5,polar_express,0,1.0,50069504,blocks.7.mlp.fc2,0.9757209555839839,7.93741512298584,1.8113356828689575,0.0007683878648094833,0.13743649423122406,6.220361232757568,66,47,3072,0.7075485979028429,308.3712463378906,0.9125219583511353,0.09112732112407684,0.22836318612098694,6.542392253875732,0.9764255912107723,7.464427471160889,1.8826488256454468,0.0007720175199210644,0.1390218585729599,6.218214511871338,0,768,8,rows
followup4090_20260608_primary_spectral_pe_T9_l3e-5,pe_T9_l3e-5,polar_express,0,1.0,50069504,blocks.8.mlp.fc2,0.979508286046078,6.410955429077148,2.077296257019043,0.0008015880011953413,0.14574286341667175,6.192035675048828,66,53,3072,0.7074530680874509,311.99951171875,0.9069656133651733,0.089936763048172,0.2277912199497223,6.542868614196777,0.9807843799273327,6.086319446563721,2.1494510173797607,0.0007996601052582264,0.14743147790431976,6.189823150634766,0,768,9,rows
followup4090_20260608_primary_spectral_pe_T9_l3e-5,pe_T9_l3e-5,polar_express,0,1.0,50069504,blocks.9.mlp.fc2,0.9875758753116474,5.094796180725098,2.4017269611358643,0.0008239409071393311,0.15358497202396393,6.175980567932129,66,59,3072,0.7091819650346015,308.77496337890625,0.908364474773407,0.09339204430580139,0.22684107720851898,6.543044090270996,0.989557155423814,4.899292469024658,2.468385934829712,0.000826402974780649,0.15523317456245422,6.173947334289551,0,768,10,rows
followup4090_20260608_primary_spectral_pe_T9_l3e-5,pe_T9_l3e-5,polar_express,0,1.0,50069504,blocks.10.mlp.fc2,1.0324228564561992,3.468662977218628,3.2691450119018555,0.0010453516151756048,0.18039768934249878,6.134678363800049,66,65,3072,0.7078939643391805,310.82086181640625,0.9072982668876648,0.09325868636369705,0.22649505734443665,6.543984413146973,1.0383696562898619,3.3741345405578613,3.3426620960235596,0.0010461769998073578,0.18238471448421478,6.1324849128723145,0,768,11,rows
followup4090_20260608_primary_spectral_pe_T9_l3e-5,pe_T9_l3e-5,polar_express,0,1.0,60030976,blocks.0.attn.q_proj,1.5267408538189688,4.1064019203186035,5.780799865722656,7.369972445303574e-05,0.34842321276664734,6.074604511260986,66,0,768,0.027163619961760907,756.6654052734375,1.0069100856781006,0.5471798181533813,0.01711873523890972,6.643616676330566,1.5492397771561364,4.071130275726318,5.845470905303955,7.15605856385082e-05,0.35126057267189026,6.0727691650390625,0,768,0,cols
followup4090_20260608_primary_spectral_pe_T9_l3e-5,pe_T9_l3e-5,polar_express,0,1.0,60030976,blocks.1.attn.q_proj,2.0495246025775535,2.414353132247925,7.08304500579834,3.93506015825551e-05,0.37091824412345886,5.475003719329834,66,6,768,0.041243655697911816,753.7561645507812,1.0083179473876953,0.3255675435066223,0.02853223867714405,6.643261909484863,2.071803697218495,2.4066905975341797,7.131573677062988,2.1277252017171122e-05,0.37295910716056824,5.473406791687012,0,768,1,cols
followup4090_20260608_primary_spectral_pe_T9_l3e-5,pe_T9_l3e-5,polar_express,0,1.0,60030976,blocks.2.attn.q_proj,3.6688027383783286,2.009044647216797,9.868904113769531,1.9955348761868663e-05,0.4713275134563446,5.564406394958496,66,12,768,0.04984268118073534,754.5654296875,1.0073026418685913,0.115996815264225,0.03943425789475441,6.6426262855529785,3.7678622015026417,1.9870926141738892,10.013372421264648,1.4711938092659693e-05,0.4759618937969208,5.561400413513184,0,768,2,cols
followup4090_20260608_primary_spectral_pe_T9_l3e-5,pe_T9_l3e-5,polar_express,0,1.0,60030976,blocks.3.attn.q_proj,12.206339505732727,1.4746118783950806,18.37225914001465,1.2734017218463123e-05,0.7668766379356384,5.476132869720459,66,18,768,0.08020486803459276,749.2408447265625,1.0080256462097168,0.14319626986980438,0.06068584322929382,6.641140937805176,12.991801615404684,1.4491223096847534,18.957904815673828,2.381514059379697e-05,0.7857674360275269,5.466565132141113,0,768,3,cols
followup4090_20260608_primary_spectral_pe_T9_l3e-5,pe_T9_l3e-5,polar_express,0,1.0,60030976,blocks.4.attn.q_proj,9.632639640125987,1.5943608283996582,16.309833526611328,8.328080184583087e-06,0.7028146386146545,5.492263317108154,66,24,768,0.05616304440408093,753.35791015625,1.0077100992202759,0.23126982152462006,0.04048158600926399,6.6426873207092285,10.150541182123304,1.56843900680542,16.7465763092041,9.491462151345331e-06,0.7168298959732056,5.484963893890381,0,768,4,cols
followup4090_20260608_primary_spectral_pe_T9_l3e-5,pe_T9_l3e-5,polar_express,0,1.0,60030976,blocks.5.attn.q_proj,2.692568688576948,2.0555689334869385,8.409178733825684,5.567567131947726e-05,0.38977622985839844,5.868740081787109,66,30,768,0.03873040597074664,755.3522338867188,1.0073753595352173,0.45711636543273926,0.025672247633337975,6.643383979797363,2.741196392934114,2.043132781982422,8.494027137756348,3.237112468923442e-05,0.3928513526916504,5.86674165725708,0,768,5,cols
followup4090_20260608_primary_spectral_pe_T9_l3e-5,pe_T9_l3e-5,polar_express,0,1.0,60030976,blocks.5.mlp.fc2,0.966914180282889,12.300477027893066,1.6017831563949585,0.0007997685461305082,0.14562837779521942,6.254993915557861,66,35,3072,0.7079109642414873,309.3617248535156,0.9110618233680725,0.08982676267623901,0.22940081357955933,6.541269302368164,0.9671567213992011,11.541712760925293,1.6657270193099976,0.0008020531386137009,0.1471603810787201,6.253020286560059,0,768,6,rows
followup4090_20260608_primary_spectral_pe_T9_l3e-5,pe_T9_l3e-5,polar_express,0,1.0,60030976,blocks.6.mlp.fc2,0.9704257269047271,11.828258514404297,1.527940273284912,0.0007165374117903411,0.13650573790073395,6.253786087036133,66,41,3072,0.709852669682292,306.9837341308594,0.9110954403877258,0.08638516813516617,0.22910860180854797,6.540546417236328,0.970536123031448,11.20191764831543,1.5808680057525635,0.0007185219437815249,0.1378321647644043,6.252007007598877,0,768,7,rows
followup4090_20260608_primary_spectral_pe_T9_l3e-5,pe_T9_l3e-5,polar_express,0,1.0,60030976,blocks.7.mlp.fc2,0.9726759083056086,8.92370319366455,1.797034502029419,0.0008006884017959237,0.1436738669872284,6.225649356842041,66,47,3072,0.7067365944720115,310.7926025390625,0.9100529551506042,0.08976257592439651,0.22813445329666138,6.5428147315979,0.9730877601898343,8.541889190673828,1.8499531745910645,0.0008033449994400144,0.14510169625282288,6.2238054275512695,0,768,8,rows
followup4090_20260608_primary_spectral_pe_T9_l3e-5,pe_T9_l3e-5,polar_express,0,1.0,60030976,blocks.8.mlp.fc2,0.9757224697453228,7.377252101898193,2.044961929321289,0.0007744786562398076,0.15264374017715454,6.198482513427734,66,53,3072,0.7078481953714315,309.0559997558594,0.9104708433151245,0.09061793982982635,0.2276095747947693,6.542816162109375,0.9764991656867479,7.114727973937988,2.0974509716033936,0.0007773549295961857,0.15413329005241394,6.196587562561035,0,768,9,rows
followup4090_20260608_primary_spectral_pe_T9_l3e-5,pe_T9_l3e-5,polar_express,0,1.0,60030976,blocks.9.mlp.fc2,0.9824264190740334,6.065053462982178,2.3326168060302734,0.0008035722421482205,0.1612965166568756,6.182299613952637,66,59,3072,0.7084202042300211,310.67327880859375,0.9068205952644348,0.09137824177742004,0.22692710161209106,6.543224334716797,0.98361847700097,5.905975818634033,2.379939556121826,0.0008070284966379404,0.16273267567157745,6.180543899536133,0,768,10,rows
followup4090_20260608_primary_spectral_pe_T9_l3e-5,pe_T9_l3e-5,polar_express,0,1.0,60030976,blocks.10.mlp.fc2,1.0178714906857225,4.205783367156982,3.1032330989837646,0.0008941222331486642,0.18609222769737244,6.144649982452393,66,65,3072,0.7075547233737145,309.7509460449219,0.9093660712242126,0.09396513551473618,0.22667686641216278,6.543787479400635,1.021423713187169,4.125494003295898,3.155520439147949,0.0008954503573477268,0.18775257468223572,6.142782688140869,0,768,11,rows
followup4090_20260608_primary_spectral_pe_T9_l3e-5,pe_T9_l3e-5,polar_express,0,1.0,70123520,blocks.0.attn.q_proj,1.4136393337382276,4.07724666595459,5.420301914215088,5.749353022110881e-06,0.3276926875114441,6.056417465209961,66,0,768,0.009942842595845072,756.9115600585938,1.0070126056671143,0.8921767473220825,0.00512167951092124,6.643777370452881,1.4255089821261895,4.053223609924316,5.459233283996582,3.2268897030007793e-06,0.3292921483516693,6.055551528930664,0,768,0,cols
followup4090_20260608_primary_spectral_pe_T9_l3e-5,pe_T9_l3e-5,polar_express,0,1.0,70123520,blocks.1.attn.q_proj,2.409015824141161,2.1244404315948486,7.833074569702148,1.5458765119547024e-05,0.3869122862815857,5.459346771240234,66,6,768,0.052442995184896764,754.2344970703125,1.0078140497207642,0.09542844444513321,0.04394621402025223,6.6422834396362305,2.417341233787464,2.1269943714141846,7.848061561584473,3.085468506469624e-06,0.38789594173431396,5.458963871002197,0,768,1,cols
followup4090_20260608_primary_spectral_pe_T9_l3e-5,pe_T9_l3e-5,polar_express,0,1.0,70123520,blocks.2.attn.q_proj,4.2823062249077175,1.7301595211029053,10.78367805480957,2.098966797348112e-05,0.4796968102455139,5.58065938949585,66,12,768,0.05283891826389928,753.9365234375,1.0076390504837036,0.09680372476577759,0.04193560406565666,6.642460823059082,4.32501355842914,1.7265658378601074,10.839601516723633,2.536514148232527e-05,0.4817909896373749,5.579751014709473,0,768,2,cols
followup4090_20260608_primary_spectral_pe_T9_l3e-5,pe_T9_l3e-5,polar_express,0,1.0,70123520,blocks.3.attn.q_proj,5.483095907333678,1.951358437538147,12.23516845703125,1.9794193576672114e-05,0.5719800591468811,5.603500843048096,66,18,768,0.05880266207913735,753.1412353515625,1.0075178146362305,0.28620895743370056,0.0413721427321434,6.642669200897217,5.619597827352454,1.9308043718338013,12.391926765441895,2.6050524866150226e-06,0.5766814351081848,5.6015753746032715,0,768,3,cols
followup4090_20260608_primary_spectral_pe_T9_l3e-5,pe_T9_l3e-5,polar_express,0,1.0,70123520,blocks.4.attn.q_proj,6.6239713267810805,1.9013729095458984,13.472708702087402,7.862596248742193e-06,0.6256982684135437,5.547255992889404,66,24,768,0.055872295315817444,754.102783203125,1.0072576999664307,0.019160309806466103,0.04546166956424713,6.642094135284424,6.678179954531979,1.8972095251083374,13.528929710388184,8.703091225470416e-06,0.6277020573616028,5.547085285186768,0,768,4,cols
followup4090_20260608_primary_spectral_pe_T9_l3e-5,pe_T9_l3e-5,polar_express,0,1.0,70123520,blocks.5.attn.q_proj,2.6735307251077907,2.0730175971984863,8.374484062194824,0.00010435699368827045,0.38849398493766785,5.8878865242004395,66,30,768,0.03333614382720406,755.9112548828125,1.0072014331817627,0.39672088623046875,0.02293587103486061,6.643453598022461,2.698287263001504,2.066818952560425,8.418147087097168,0.00011400719085941091,0.3900589644908905,5.887420177459717,0,768,5,cols
followup4090_20260608_primary_spectral_pe_T9_l3e-5,pe_T9_l3e-5,polar_express,0,1.0,70123520,blocks.5.mlp.fc2,0.9627476900563899,15.34559154510498,1.4978978633880615,0.0007996683125384152,0.1500256061553955,6.264944076538086,66,35,3072,0.7077569327379951,307.3388977050781,0.9141608476638794,0.09102243185043335,0.2294652909040451,6.541085243225098,0.9627269047507354,14.906364440917969,1.5254554748535156,0.000799776753410697,0.1507418006658554,6.264348030090332,0,768,6,rows
followup4090_20260608_primary_spectral_pe_T9_l3e-5,pe_T9_l3e-5,polar_express,0,1.0,70123520,blocks.6.mlp.fc2,0.9661526259548547,14.867727279663086,1.440049648284912,0.0007131878519430757,0.142827570438385,6.259177207946777,66,41,3072,0.7084409207101601,309.583740234375,0.9094005823135376,0.09371821582317352,0.2286750078201294,6.541658401489258,0.9660986667507717,14.499691009521484,1.4635733366012573,0.0007151325698941946,0.14348946511745453,6.258611679077148,0,768,7,rows
followup4090_20260608_primary_spectral_pe_T9_l3e-5,pe_T9_l3e-5,polar_express,0,1.0,70123520,blocks.7.mlp.fc2,0.9679579192241128,11.052510261535645,1.6989147663116455,0.0007343678153119981,0.1496024876832962,6.230320453643799,66,47,3072,0.7076193505326864,309.1037902832031,0.910950779914856,0.09290654212236404,0.22770537436008453,6.542983055114746,0.9680437446418315,10.80419921875,1.7248566150665283,0.0007357556605711579,0.15032069385051727,6.229712963104248,0,768,8,rows
followup4090_20260608_primary_spectral_pe_T9_l3e-5,pe_T9_l3e-5,polar_express,0,1.0,70123520,blocks.8.mlp.fc2,0.9722372144703723,8.1728515625,2.0645718574523926,0.0007603340782225132,0.1612703949213028,6.201277732849121,66,53,3072,0.7088743149807097,308.85943603515625,0.9089570641517639,0.08906739950180054,0.22716347873210907,6.542943954467773,0.9725040509936247,8.06509780883789,2.086056709289551,0.0007599727832712233,0.16200540959835052,6.200687885284424,0,768,9,rows
followup4090_20260608_primary_spectral_pe_T9_l3e-5,pe_T9_l3e-5,polar_express,0,1.0,70123520,blocks.9.mlp.fc2,0.9812258267831856,6.5468974113464355,2.4080498218536377,0.0007598306401632726,0.17280884087085724,6.1802496910095215,66,59,3072,0.7092487946100666,307.88397216796875,0.909429132938385,0.09192053973674774,0.22704260051250458,6.542637348175049,0.981792123123996,6.483084201812744,2.4286341667175293,0.000763624208047986,0.17356494069099426,6.179669380187988,0,768,10,rows
followup4090_20260608_primary_spectral_pe_T9_l3e-5,pe_T9_l3e-5,polar_express,0,1.0,70123520,blocks.10.mlp.fc2,1.0198674994581873,4.727132320404053,3.1530869007110596,0.0008715799194760621,0.20035620033740997,6.138546466827393,66,65,3072,0.7079302353858027,310.36663818359375,0.9076729416847229,0.09004612267017365,0.22613127529621124,6.544261932373047,1.0211822044535883,4.705641746520996,3.170623540878296,0.000873331562615931,0.20111191272735596,6.138055801391602,0,768,11,rows
followup4090_20260608_primary_spectral_pe_T9_l3e-5,pe_T9_l3e-5,polar_express,0,1.0,80084992,blocks.0.attn.q_proj,1.6608742125503542,3.540278434753418,6.0832905769348145,4.818123488803394e-05,0.3525344133377075,6.008615493774414,66,0,768,0.029157968318666384,756.6900024414062,1.007172703742981,0.46034905314445496,0.019731931388378143,6.643547058105469,1.6751285273963126,3.527289628982544,6.119786262512207,6.143048813100904e-05,0.3541891872882843,6.007717132568359,0,768,0,cols
followup4090_20260608_primary_spectral_pe_T9_l3e-5,pe_T9_l3e-5,polar_express,0,1.0,80084992,blocks.1.attn.q_proj,2.320662582892284,2.254847288131714,7.64588737487793,2.2499926899399725e-07,0.3887709081172943,5.454172134399414,66,6,768,0.05186018502198226,753.378173828125,1.0080748796463013,0.13225573301315308,0.04050469398498535,6.642585277557373,2.3490255777935887,2.242135763168335,7.702498912811279,6.918527105881367e-06,0.3906414806842804,5.453125,0,768,1,cols
followup4090_20260608_primary_spectral_pe_T9_l3e-5,pe_T9_l3e-5,polar_express,0,1.0,80084992,blocks.2.attn.q_proj,4.703975655953847,1.6671690940856934,11.327560424804688,4.104854269826319e-06,0.4955151677131653,5.582425594329834,66,12,768,0.044819046588484,755.5693359375,1.0067352056503296,0.10382173955440521,0.03577788919210434,6.642797946929932,4.788823200749696,1.6592475175857544,11.432994842529297,1.648890793148894e-05,0.4991815984249115,5.580241680145264,0,768,2,cols
followup4090_20260608_primary_spectral_pe_T9_l3e-5,pe_T9_l3e-5,polar_express,0,1.0,80084992,blocks.3.attn.q_proj,9.326515860863912,1.5766956806182861,16.039794921875,2.0722362023661844e-05,0.6870148777961731,5.541295528411865,66,18,768,0.06725114035018644,751.8294067382812,1.0077579021453857,0.13017266988754272,0.05109565332531929,6.641912937164307,9.516385085533189,1.5687755346298218,16.20376968383789,9.773979400051758e-06,0.6926625967025757,5.538637161254883,0,768,3,cols
followup4090_20260608_primary_spectral_pe_T9_l3e-5,pe_T9_l3e-5,polar_express,0,1.0,80084992,blocks.4.attn.q_proj,7.307434022612385,1.812825322151184,14.163992881774902,2.633674921526108e-05,0.6441890001296997,5.553792953491211,66,24,768,0.05794876111579892,754.2451782226562,1.0074923038482666,0.024958934634923935,0.050821367651224136,6.641601085662842,7.407772814417178,1.8069028854370117,14.262056350708008,2.3735903596389107e-05,0.647822916507721,5.552225112915039,0,768,4,cols
followup4090_20260608_primary_spectral_pe_T9_l3e-5,pe_T9_l3e-5,polar_express,0,1.0,80084992,blocks.5.attn.q_proj,4.772116219836514,1.5984559059143066,11.423111915588379,4.378171433927491e-05,0.48010966181755066,5.831037998199463,66,30,768,0.04425036716420253,753.6698608398438,1.0083789825439453,0.02685459889471531,0.03860485926270485,6.642494201660156,4.8539365431624795,1.591513752937317,11.523850440979004,8.524525037501007e-05,0.48360946774482727,5.829141616821289,0,768,5,cols
followup4090_20260608_primary_spectral_pe_T9_l3e-5,pe_T9_l3e-5,polar_express,0,1.0,80084992,blocks.5.mlp.fc2,0.9592335280649662,13.967260360717773,1.7033803462982178,0.000769622391089797,0.16427840292453766,6.2583794593811035,66,35,3072,0.7090924918645659,306.6541748046875,0.9131847023963928,0.09273718297481537,0.22938333451747894,6.5408477783203125,0.9594757250537012,13.35442066192627,1.7513267993927002,0.0007713118684478104,0.16548898816108704,6.257126331329346,0,768,6,rows
followup4090_20260608_primary_spectral_pe_T9_l3e-5,pe_T9_l3e-5,polar_express,0,1.0,80084992,blocks.6.mlp.fc2,0.963926464658852,11.738799095153809,1.7658414840698242,0.0007734515238553286,0.15756914019584656,6.25154447555542,66,41,3072,0.7096142580969046,305.8659973144531,0.9128767848014832,0.09304428845643997,0.22835247218608856,6.541515827178955,0.9642287463225417,11.270230293273926,1.8121873140335083,0.0007739776629023254,0.15878431499004364,6.250199317932129,0,768,7,rows
followup4090_20260608_primary_spectral_pe_T9_l3e-5,pe_T9_l3e-5,polar_express,0,1.0,80084992,blocks.7.mlp.fc2,0.9686754940477987,8.829754829406738,2.099907636642456,0.0007747428026050329,0.1679985374212265,6.217467308044434,66,47,3072,0.7069915930066132,310.2590026855469,0.9103655219078064,0.08783014863729477,0.22796203196048737,6.542929172515869,0.9694545300567478,8.549072265625,2.146799087524414,0.0007754812249913812,0.16936592757701874,6.215915203094482,0,768,8,rows
followup4090_20260608_primary_spectral_pe_T9_l3e-5,pe_T9_l3e-5,polar_express,0,1.0,80084992,blocks.8.mlp.fc2,0.9767176178726656,7.150323867797852,2.427234172821045,0.0007961143273860216,0.17952260375022888,6.189612865447998,66,53,3072,0.7083999007029744,308.9175109863281,0.9097804427146912,0.09296631813049316,0.22768034040927887,6.5425028800964355,0.9782841554289593,6.943641185760498,2.4785587787628174,0.0007975157350301743,0.181040957570076,6.18791389465332,0,768,9,rows
followup4090_20260608_primary_spectral_pe_T9_l3e-5,pe_T9_l3e-5,polar_express,0,1.0,80084992,blocks.9.mlp.fc2,0.9983312386050881,5.553534507751465,2.8984134197235107,0.000852802477311343,0.1943092793226242,6.165289878845215,66,59,3072,0.708320820185766,309.3848876953125,0.9087401628494263,0.08877220004796982,0.22694362699985504,6.543176651000977,1.0018157367993692,5.406275749206543,2.9585068225860596,0.0008559689740650356,0.196148082613945,6.16330623626709,0,768,10,rows
followup4090_20260608_primary_spectral_pe_T9_l3e-5,pe_T9_l3e-5,polar_express,0,1.0,80084992,blocks.10.mlp.fc2,1.0916323461569373,3.9022042751312256,3.888122797012329,0.0009498344152234495,0.22810493409633636,6.119861602783203,66,65,3072,0.7070388073101858,310.88470458984375,0.9085456728935242,0.08948853611946106,0.22656743228435516,6.544160842895508,1.1016797701988494,3.817986488342285,3.9615349769592285,0.0009522196487523615,0.23039253056049347,6.1175217628479,0,768,11,rows
followup4090_20260608_primary_spectral_pe_T9_l3e-5,pe_T9_l3e-5,polar_express,0,1.0,90046464,blocks.0.attn.q_proj,1.4938569861123083,3.7703192234039307,5.610964775085449,5.450600292533636e-05,0.3351375460624695,5.998555660247803,66,0,768,0.034327521606780695,755.343017578125,1.0079262256622314,0.25710755586624146,0.026994217187166214,6.643272399902344,1.502495551853736,3.7618954181671143,5.635861873626709,5.897363735130057e-05,0.3363589942455292,5.998104095458984,0,768,0,cols
followup4090_20260608_primary_spectral_pe_T9_l3e-5,pe_T9_l3e-5,polar_express,0,1.0,90046464,blocks.1.attn.q_proj,2.9760441931334114,1.9371130466461182,8.835397720336914,1.6205523934331723e-05,0.4199011027812958,5.41845178604126,66,6,768,0.04510963221614838,752.8890991210938,1.0087239742279053,0.0996539294719696,0.03599086403846741,6.642784118652344,2.973821954891787,1.9410583972930908,8.831467628479004,5.893693014513701e-06,0.4200825095176697,5.419177532196045,0,768,1,cols
followup4090_20260608_primary_spectral_pe_T9_l3e-5,pe_T9_l3e-5,polar_express,0,1.0,90046464,blocks.2.attn.q_proj,4.428971195834298,1.7394945621490479,10.96549129486084,4.63150081486674e-06,0.4894820749759674,5.583316326141357,66,12,768,0.04248284619812159,754.8069458007812,1.0077377557754517,0.09909111261367798,0.035094697028398514,6.642816066741943,4.4466177826838855,1.7400745153427124,10.988012313842773,1.7272930563194677e-05,0.49057120084762573,5.5832200050354,0,768,2,cols
followup4090_20260608_primary_spectral_pe_T9_l3e-5,pe_T9_l3e-5,polar_express,0,1.0,90046464,blocks.3.attn.q_proj,7.767321711762701,1.6436625719070435,14.621894836425781,1.085675421563792e-06,0.6367241740226746,5.5676493644714355,66,18,768,0.06150824901071621,752.8543090820312,1.0077401399612427,0.0802040696144104,0.04896504059433937,6.641966342926025,7.809309680997036,1.642844796180725,14.661944389343262,1.2234677342348732e-06,0.638327956199646,5.567566394805908,0,768,3,cols
followup4090_20260608_primary_spectral_pe_T9_l3e-5,pe_T9_l3e-5,polar_express,0,1.0,90046464,blocks.4.attn.q_proj,11.199461858751347,1.4793602228164673,17.59598731994629,1.731636257318314e-05,0.7343703508377075,5.513097286224365,66,24,768,0.049433732872941095,755.0381469726562,1.0070898532867432,0.11959382891654968,0.038481634110212326,6.642689228057861,11.198330917882096,1.4818856716156006,17.59487533569336,8.573298146075103e-06,0.7348510026931763,5.513566970825195,0,768,4,cols
followup4090_20260608_primary_spectral_pe_T9_l3e-5,pe_T9_l3e-5,polar_express,0,1.0,90046464,blocks.5.attn.q_proj,3.713285219593258,1.7589057683944702,10.018314361572266,1.878055809356738e-05,0.43622228503227234,5.860342025756836,66,30,768,0.04496262091522824,755.36767578125,1.007293939590454,0.08221857249736786,0.03749023750424385,6.642672538757324,3.7335284554883112,1.7576607465744019,10.047197341918945,3.924325937987305e-06,0.43736279010772705,5.860182762145996,0,768,5,cols
followup4090_20260608_primary_spectral_pe_T9_l3e-5,pe_T9_l3e-5,polar_express,0,1.0,90046464,blocks.5.mlp.fc2,0.9565990938115392,14.228938102722168,1.7593748569488525,0.0008801507647149265,0.1712145209312439,6.258054256439209,66,35,3072,0.7088988168641964,307.4112243652344,0.9124391078948975,0.09218274801969528,0.22952525317668915,6.540738582611084,0.9567996513634499,13.774514198303223,1.7946330308914185,0.0008836873457767069,0.17202863097190857,6.2574286460876465,0,768,6,rows
followup4090_20260608_primary_spectral_pe_T9_l3e-5,pe_T9_l3e-5,polar_express,0,1.0,90046464,blocks.6.mlp.fc2,0.9608220209606763,12.941245079040527,1.7525097131729126,0.0007473640143871307,0.1641717255115509,6.249398231506348,66,41,3072,0.7094064738658756,306.3207702636719,0.9126484394073486,0.0896347239613533,0.228734090924263,6.5411577224731445,0.9610057162613109,12.561739921569824,1.7847156524658203,0.000747098121792078,0.16487644612789154,6.248903751373291,0,768,7,rows
followup4090_20260608_primary_spectral_pe_T9_l3e-5,pe_T9_l3e-5,polar_express,0,1.0,90046464,blocks.7.mlp.fc2,0.9684317140722093,8.630646705627441,2.2141916751861572,0.0006892188102938235,0.17537418007850647,6.215993881225586,66,47,3072,0.7069135448721359,310.6609802246094,0.9101080298423767,0.0925096720457077,0.22844186425209045,6.54245138168335,0.9691423375188386,8.420604705810547,2.2496886253356934,0.0006906486232765019,0.176186203956604,6.215455055236816,0,768,8,rows
followup4090_20260608_primary_spectral_pe_T9_l3e-5,pe_T9_l3e-5,polar_express,0,1.0,90046464,blocks.8.mlp.fc2,0.978315677515018,7.072329998016357,2.544796943664551,0.0008014614577405155,0.1874452531337738,6.1877899169921875,66,53,3072,0.7089862252687696,309.17724609375,0.9081622362136841,0.09085164219141006,0.22701573371887207,6.542975425720215,0.9795349215205424,6.928396701812744,2.5803661346435547,0.0008016040665097535,0.18829764425754547,6.187282562255859,0,768,9,rows
followup4090_20260608_primary_spectral_pe_T9_l3e-5,pe_T9_l3e-5,polar_express,0,1.0,90046464,blocks.9.mlp.fc2,1.0078661878592423,5.335340976715088,3.086406946182251,0.0007925126701593399,0.2035272866487503,6.161060333251953,66,59,3072,0.7083692045231007,309.37066650390625,0.9089261889457703,0.09395080804824829,0.22704584896564484,6.543262481689453,1.0103949749465118,5.246791362762451,3.1244969367980957,0.000795806641690433,0.204518660902977,6.160450458526611,0,768,10,rows
followup4090_20260608_primary_spectral_pe_T9_l3e-5,pe_T9_l3e-5,polar_express,0,1.0,90046464,blocks.10.mlp.fc2,1.1430254597233598,3.534529447555542,4.249190330505371,0.0008952740463428199,0.23859012126922607,6.115636825561523,66,65,3072,0.7080291376514497,308.8145446777344,0.9099394083023071,0.09481038898229599,0.2265072911977768,6.543806552886963,1.1516673290895272,3.482410192489624,4.301283836364746,0.0008973623043857515,0.23999671638011932,6.1147565841674805,0,768,11,rows
followup4090_20260608_primary_spectral_pe_T9_l3e-5,pe_T9_l3e-5,polar_express,0,1.0,100007936,blocks.0.attn.q_proj,2.3976318085899466,2.8515450954437256,7.6492815017700195,6.321199180092663e-05,0.41401413083076477,5.91949987411499,66,0,768,0.035198280519800354,754.8268432617188,1.007721185684204,0.4401450455188751,0.02322445623576641,6.643457889556885,2.415104679838634,2.8528759479522705,7.681114196777344,6.255844346014783e-05,0.4159136116504669,5.918588161468506,0,768,0,cols
followup4090_20260608_primary_spectral_pe_T9_l3e-5,pe_T9_l3e-5,polar_express,0,1.0,100007936,blocks.1.attn.q_proj,4.4373222085723345,1.6819627285003662,10.95419979095459,2.519175541237928e-05,0.4898666739463806,5.363152027130127,66,6,768,0.056059720099068594,753.1251220703125,1.007979393005371,0.12578432261943817,0.04294571280479431,6.642455101013184,4.50064526167822,1.6788281202316284,11.034907341003418,6.7591608967632055e-06,0.4931263327598572,5.361108303070068,0,768,1,cols
followup4090_20260608_primary_spectral_pe_T9_l3e-5,pe_T9_l3e-5,polar_express,0,1.0,100007936,blocks.2.attn.q_proj,8.26546372358728,1.4156733751296997,15.105843544006348,1.700501707091462e-05,0.6192953586578369,5.509998321533203,66,12,768,0.05297612623046791,753.841796875,1.0078479051589966,0.027320638298988342,0.04492131620645523,6.642117500305176,8.422454173638036,1.411738395690918,15.249838829040527,7.584794730064459e-06,0.6245599389076233,5.507312297821045,0,768,2,cols
followup4090_20260608_primary_spectral_pe_T9_l3e-5,pe_T9_l3e-5,polar_express,0,1.0,100007936,blocks.3.attn.q_proj,10.549001272862181,1.494273066520691,17.07111167907715,1.0773517715279013e-05,0.7147924304008484,5.537906646728516,66,18,768,0.06443028788667125,751.1727905273438,1.0083357095718384,0.07853008806705475,0.05037673935294151,6.641891002655029,10.797330339718329,1.487392544746399,17.272001266479492,1.467747370043071e-05,0.7219311594963074,5.534657001495361,0,768,3,cols
followup4090_20260608_primary_spectral_pe_T9_l3e-5,pe_T9_l3e-5,polar_express,0,1.0,100007936,blocks.4.attn.q_proj,10.124974430262158,1.5712171792984009,16.720735549926758,1.326852543570567e-05,0.7154026627540588,5.5370965003967285,66,24,768,0.04787971725885776,752.1358642578125,1.0090981721878052,0.24267245829105377,0.03450410068035126,6.642987251281738,10.414988634084828,1.5602668523788452,16.96045684814453,1.572067594679538e-05,0.7236356139183044,5.533332347869873,0,768,4,cols
followup4090_20260608_primary_spectral_pe_T9_l3e-5,pe_T9_l3e-5,polar_express,0,1.0,100007936,blocks.5.attn.q_proj,3.9777635053856883,1.7621005773544312,10.387351989746094,0.00010918208135990426,0.45314398407936096,5.856943607330322,66,30,768,0.031955013606241076,755.017333984375,1.0078558921813965,0.5053102970123291,0.02022029645740986,6.643545627593994,4.049334332956492,1.7529313564300537,10.485092163085938,0.00010243401629850268,0.45652174949645996,5.855481147766113,0,768,5,cols
followup4090_20260608_primary_spectral_pe_T9_l3e-5,pe_T9_l3e-5,polar_express,0,1.0,100007936,blocks.5.mlp.fc2,0.9570215448251383,12.36921215057373,2.0309383869171143,0.0008133246446959674,0.18754461407661438,6.245849132537842,66,35,3072,0.7081808290874179,307.0771789550781,0.9140722155570984,0.09163632988929749,0.22951403260231018,6.541054725646973,0.9572731020839694,12.173912048339844,2.0561792850494385,0.0008142153965309262,0.18856436014175415,6.245077610015869,0,768,6,rows
followup4090_20260608_primary_spectral_pe_T9_l3e-5,pe_T9_l3e-5,polar_express,0,1.0,100007936,blocks.6.mlp.fc2,0.965678142851604,9.559236526489258,2.226638078689575,0.000811072182841599,0.18392200767993927,6.232183933258057,66,41,3072,0.7090315812834262,307.083251953125,0.9124692678451538,0.09341947734355927,0.2290860265493393,6.541146755218506,0.9660066470366657,9.478875160217285,2.2460830211639404,0.0008138871635310352,0.18492937088012695,6.231368064880371,0,768,7,rows
followup4090_20260608_primary_spectral_pe_T9_l3e-5,pe_T9_l3e-5,polar_express,0,1.0,100007936,blocks.7.mlp.fc2,0.9850178373803278,6.823805332183838,2.742349624633789,0.0008604411268606782,0.19877517223358154,6.192191123962402,66,47,3072,0.7068981279566836,309.45440673828125,0.9119160175323486,0.0918184444308281,0.22828350961208344,6.542730808258057,0.9871656064142762,6.6802496910095215,2.788090705871582,0.0008652309188619256,0.20029547810554504,6.190802574157715,0,768,8,rows
followup4090_20260608_primary_spectral_pe_T9_l3e-5,pe_T9_l3e-5,polar_express,0,1.0,100007936,blocks.8.mlp.fc2,1.0245434361497663,5.278279781341553,3.2992753982543945,0.0008063173736445606,0.21739071607589722,6.1565022468566895,66,53,3072,0.7078592074538974,308.6686096191406,0.9108681082725525,0.09129761904478073,0.22701025009155273,6.543569564819336,1.0271173039496306,5.249734878540039,3.3258309364318848,0.0008153770468197763,0.21880467236042023,6.155215740203857,0,768,9,rows
followup4090_20260608_primary_spectral_pe_T9_l3e-5,pe_T9_l3e-5,polar_express,0,1.0,100007936,blocks.9.mlp.fc2,1.064273171397917,4.543496608734131,3.6656017303466797,0.0009414878441020846,0.22869820892810822,6.136665344238281,66,59,3072,0.7088977156559498,309.36248779296875,0.9079582691192627,0.0932808592915535,0.22685018181800842,6.543205261230469,1.0678462480305335,4.522307872772217,3.6929771900177,0.0009486998897045851,0.23010358214378357,6.135434627532959,0,768,10,rows
followup4090_20260608_primary_spectral_pe_T9_l3e-5,pe_T9_l3e-5,polar_express,0,1.0,100007936,blocks.10.mlp.fc2,1.2313037499859532,3.540372133255005,4.641048431396484,0.0010031202109530568,0.26562389731407166,6.086729049682617,66,65,3072,0.7075064078618952,312.0288391113281,0.9060551524162292,0.0948728546500206,0.22642651200294495,6.544095993041992,1.2374683137503792,3.5379750728607178,4.665513038635254,0.0010045941453427076,0.2671303451061249,6.085459232330322,0,768,11,rows
followup4090_20260608_primary_spectral_stable5,stable5,vanilla,0,1.0,10092544,blocks.0.attn.q_proj,172.8663138615719,4.03986930847168,58.36826705932617,0.0003117732994724065,4.089296817779541,4.96522331237793,66,0,768,0.9449980025847153,61.32501983642578,1.001772403717041,1.9488588804961182e-05,0.23609505593776703,5.870806694030762,173.04869156653962,4.04661750793457,58.380027770996094,0.00022681882546748966,4.09344482421875,4.965631484985352,0,768,0,cols
followup4090_20260608_primary_spectral_stable5,stable5,vanilla,0,1.0,10092544,blocks.1.attn.q_proj,2.4389026159536886,2.087620258331299,7.570165157318115,2.030794576057815e-06,0.3906114995479584,3.721850872039795,66,6,768,0.9795023670517525,25.250764846801758,1.001742959022522,7.723740964138415e-06,0.17223036289215088,4.961580276489258,2.47603590863292,2.084104537963867,7.637119770050049,2.9329469271033304e-06,0.3937554955482483,3.717125177383423,0,768,1,cols
followup4090_20260608_primary_spectral_stable5,stable5,vanilla,0,1.0,10092544,blocks.2.attn.q_proj,2.2958694298243714,1.6155486106872559,7.528106212615967,1.2446805612853495e-06,0.342641681432724,3.4472875595092773,66,12,768,0.9844741158085726,19.383697509765625,1.0017403364181519,9.499273687652021e-07,0.1528962105512619,4.743381500244141,2.354063605521751,1.605728268623352,7.644580841064453,2.13421344597009e-06,0.34690752625465393,3.4403138160705566,0,768,2,cols
followup4090_20260608_primary_spectral_stable5,stable5,vanilla,0,1.0,10092544,blocks.3.attn.q_proj,1.5564034121022838,1.976697325706482,5.552954196929932,1.553428546685609e-06,0.27957114577293396,3.378929376602173,66,18,768,0.9832060056871056,21.005399703979492,1.0016039609909058,1.313444045081269e-06,0.15873390436172485,4.7770795822143555,1.5622852406493974,1.9748175144195557,5.572805404663086,1.352554363620584e-06,0.28043559193611145,3.3785862922668457,0,768,3,cols
followup4090_20260608_primary_spectral_stable5,stable5,vanilla,0,1.0,10092544,blocks.4.attn.q_proj,1.025745336125407,1.9418765306472778,2.7088205814361572,6.266879637450984e-08,0.1351403295993805,3.479198455810547,66,24,768,0.9828245746806921,21.264991760253906,1.001508355140686,1.59383980644634e-05,0.15940241515636444,4.836953639984131,1.0266680109850208,1.938431739807129,2.728752851486206,2.876507210203272e-07,0.13601650297641754,3.4757094383239746,0,768,4,cols
followup4090_20260608_primary_spectral_stable5,stable5,vanilla,0,1.0,10092544,blocks.5.attn.q_proj,1.045197491546314,2.192983865737915,3.0219125747680664,1.1562317467905814e-06,0.16015809774398804,3.4083077907562256,66,30,768,0.9831797143402182,20.89901351928711,1.001699447631836,2.902193045883905e-07,0.15836016833782196,4.777811050415039,1.0462490077707793,2.1946828365325928,3.0352725982666016,8.412189345108345e-07,0.16093005239963531,3.4064884185791016,0,768,5,cols
followup4090_20260608_primary_spectral_stable5,stable5,vanilla,0,1.0,10092544,blocks.5.mlp.fc2,13.83972315561514,1.2028143405914307,19.573945999145508,0.0011683845659717917,0.765274167060852,4.472529888153076,66,35,3072,0.9850936142727964,31.617813110351562,0.6362304091453552,0.0010427210945636034,0.11647890508174896,5.482717990875244,13.806192465714636,1.2058531045913696,19.549392700195312,0.0011703991331160069,0.7652526497840881,4.47156286239624,0,768,6,rows
followup4090_20260608_primary_spectral_stable5,stable5,vanilla,0,1.0,10092544,blocks.6.mlp.fc2,13.386356821701145,1.186279535293579,19.25099754333496,0.0010783795733004808,0.7482502460479736,4.406015872955322,66,41,3072,0.9857690678810503,29.86433982849121,0.6394776105880737,0.0010300972498953342,0.1142115667462349,5.457828044891357,13.355948057179733,1.1889585256576538,19.228416442871094,0.0010771643137559295,0.7481927871704102,4.405227184295654,0,768,7,rows
followup4090_20260608_primary_spectral_stable5,stable5,vanilla,0,1.0,10092544,blocks.7.mlp.fc2,14.138913727756666,1.1619842052459717,19.787433624267578,0.001026811427436769,0.7620784044265747,4.3328022956848145,66,47,3072,0.9858805652160179,28.69285774230957,0.6503093838691711,0.0009548434754833579,0.11411567032337189,5.438077926635742,14.10667035029643,1.1644178628921509,19.76420783996582,0.0010278128320351243,0.7619588375091553,4.332169532775879,0,768,8,rows
followup4090_20260608_primary_spectral_stable5,stable5,vanilla,0,1.0,10092544,blocks.8.mlp.fc2,12.803102975101536,1.1745461225509644,18.824214935302734,0.0009440895519219339,0.7289475202560425,4.297353744506836,66,53,3072,0.9865970388314572,28.36846923828125,0.6370196342468262,0.0009176034945994616,0.11165756732225418,5.403420448303223,12.779800307395387,1.1773045063018799,18.806171417236328,0.0009462652378715575,0.7290855646133423,4.296435356140137,0,768,9,rows
followup4090_20260608_primary_spectral_stable5,stable5,vanilla,0,1.0,10092544,blocks.9.mlp.fc2,11.844410897366316,1.1674647331237793,18.10320472717285,0.000819438777398318,0.6993011832237244,4.2460103034973145,66,59,3072,0.987428657534181,26.80354118347168,0.6331404447555542,0.000890168477781117,0.1081545427441597,5.3831915855407715,11.823778659658155,1.1701481342315674,18.086544036865234,0.0008231435203924775,0.6994438171386719,4.245149612426758,0,768,10,rows
followup4090_20260608_primary_spectral_stable5,stable5,vanilla,0,1.0,10092544,blocks.10.mlp.fc2,10.309155914337785,1.1966190338134766,16.87580680847168,0.0008289442048408091,0.659797191619873,4.227076053619385,66,65,3072,0.9877433966161603,26.069927215576172,0.6339998245239258,0.0008204127079807222,0.10719365626573563,5.351507663726807,10.296363178137117,1.1999567747116089,16.86387825012207,0.0008307335083372891,0.660237193107605,4.225801944732666,0,768,11,rows
followup4090_20260608_primary_spectral_stable5,stable5,vanilla,0,1.0,20054016,blocks.0.attn.q_proj,29.67073475454605,5.593778610229492,23.30937957763672,0.0001073816092684865,1.8649359941482544,5.423164367675781,66,0,768,0.9233955315857897,82.25688934326172,1.001874566078186,0.00011884158448083326,0.25327184796333313,6.0662760734558105,30.55147450292146,5.364565849304199,23.984861373901367,3.7348243040469242e-06,1.880358099937439,5.419776439666748,0,768,0,cols
followup4090_20260608_primary_spectral_stable5,stable5,vanilla,0,1.0,20054016,blocks.1.attn.q_proj,2.9428689181944963,3.33322811126709,7.967648029327393,5.713866812584456e-06,0.514024019241333,4.238616466522217,66,6,768,0.9686529192787436,38.91181182861328,1.0019357204437256,7.699687785134302e-07,0.2095566838979721,5.1510419845581055,3.017163309061185,3.3022117614746094,8.0847749710083,8.597174200986046e-06,0.5192428827285767,4.233176231384277,0,768,1,cols
followup4090_20260608_primary_spectral_stable5,stable5,vanilla,0,1.0,20054016,blocks.2.attn.q_proj,1.4640062588698566,4.497790813446045,4.662233829498291,7.993183317012154e-06,0.3487801253795624,4.29615592956543,66,12,768,0.9669547873369821,40.48292922973633,1.0019664764404297,1.1330048437230289e-05,0.21293534338474274,5.1819868087768555,1.4884362885184554,4.353799819946289,4.778240203857422,7.932989319670014e-06,0.35174816846847534,4.292154312133789,0,768,2,cols
followup4090_20260608_primary_spectral_stable5,stable5,vanilla,0,1.0,20054016,blocks.3.attn.q_proj,1.3671157630382382,2.914534091949463,5.009469985961914,4.002450168627547e-06,0.3013024628162384,4.395796775817871,66,18,768,0.965642215932559,41.711246490478516,1.0018548965454102,6.159371423564153e-06,0.21496237814426422,5.238330841064453,1.4107896820981072,2.792743444442749,5.189468860626221,3.1595650398230646e-06,0.30566179752349854,4.388993740081787,0,768,3,cols
followup4090_20260608_primary_spectral_stable5,stable5,vanilla,0,1.0,20054016,blocks.4.attn.q_proj,1.1265495948909312,3.144556760787964,3.8017938137054443,9.378371146340214e-07,0.2372424304485321,4.442068576812744,66,24,768,0.9621617784436871,45.8607177734375,1.0017176866531372,7.962533345562406e-06,0.22371219098567963,5.297590732574463,1.138100374665989,3.077420711517334,3.8839664459228516,1.6353932323909248e-06,0.2398344874382019,4.437239170074463,0,768,4,cols
followup4090_20260608_primary_spectral_stable5,stable5,vanilla,0,1.0,20054016,blocks.5.attn.q_proj,1.1834610694575765,3.4059526920318604,4.1040520668029785,3.260869107180042e-06,0.266230970621109,4.457887649536133,66,30,768,0.9613800582396371,46.80307388305664,1.0017662048339844,1.6825617876747856e-06,0.22586843371391296,5.29893684387207,1.2003072155629217,3.3311800956726074,4.196882247924805,1.233574835168838e-06,0.2693306505680084,4.4526143074035645,0,768,5,cols
followup4090_20260608_primary_spectral_stable5,stable5,vanilla,0,1.0,20054016,blocks.5.mlp.fc2,1.0422688282145005,2.916011095046997,3.2334516048431396,0.0011368696577847004,0.185027077794075,5.543654918670654,66,35,3072,0.9680204127921068,60.119598388671875,0.6729435324668884,0.0026773540303111076,0.1494801789522171,6.007856369018555,1.0542050308758657,2.785280704498291,3.3772177696228027,0.0011362520745024085,0.18930086493492126,5.533936500549316,0,768,6,rows
followup4090_20260608_primary_spectral_stable5,stable5,vanilla,0,1.0,20054016,blocks.6.mlp.fc2,1.0342895420852047,2.814457654953003,3.128567934036255,0.0009740308742038906,0.17562919855117798,5.563239097595215,66,41,3072,0.9675453790847329,61.28269577026367,0.6709948778152466,0.002280784770846367,0.14962683618068695,6.0211920738220215,1.0444592002424888,2.6903159618377686,3.265484571456909,0.0009736634674482048,0.1796383559703827,5.553931713104248,0,768,7,rows
followup4090_20260608_primary_spectral_stable5,stable5,vanilla,0,1.0,20054016,blocks.7.mlp.fc2,1.0509418067136342,2.5167670249938965,3.341809034347534,0.0010152180911973119,0.17817123234272003,5.550820350646973,66,47,3072,0.9679040976710606,59.44388961791992,0.6776385307312012,0.0025813698302954435,0.14901673793792725,6.0192155838012695,1.0640046830622947,2.411172866821289,3.487081527709961,0.0010169557062909007,0.18239228427410126,5.541349411010742,0,768,8,rows
followup4090_20260608_primary_spectral_stable5,stable5,vanilla,0,1.0,20054016,blocks.8.mlp.fc2,1.0621629122698684,2.382286787033081,3.466928482055664,0.0008342147339135408,0.18038325011730194,5.539111137390137,66,53,3072,0.9688363392773167,57.92103576660156,0.67598956823349,0.002299349056556821,0.14695501327514648,6.017451763153076,1.0770007986610055,2.284466505050659,3.6159868240356445,0.0008357206243090332,0.18464376032352448,5.529809951782227,0,768,9,rows
followup4090_20260608_primary_spectral_stable5,stable5,vanilla,0,1.0,20054016,blocks.9.mlp.fc2,1.0492488366855288,2.556504249572754,3.313859462738037,0.0008660747553221881,0.17862606048583984,5.524346351623535,66,59,3072,0.9696744275784892,57.695709228515625,0.6679427027702332,0.0024267856497317553,0.14534801244735718,6.01128625869751,1.0616390124465518,2.445911407470703,3.455453872680664,0.0008716581505723298,0.18255774676799774,5.515735626220703,0,768,10,rows
followup4090_20260608_primary_spectral_stable5,stable5,vanilla,0,1.0,20054016,blocks.10.mlp.fc2,1.0906480036355142,2.3180909156799316,3.7249882221221924,0.000870265532284975,0.19286175072193146,5.463534355163574,66,65,3072,0.972516783713976,53.3095588684082,0.6610510349273682,0.0021992865949869156,0.14005745947360992,5.982972145080566,1.1095131462354717,2.225656747817993,3.8801894187927246,0.0008718259632587433,0.197215735912323,5.454367160797119,0,768,11,rows
followup4090_20260608_primary_spectral_stable5,stable5,vanilla,0,1.0,30015488,blocks.0.attn.q_proj,15.809652563779999,7.382138729095459,15.761417388916016,0.00029030482983216643,1.4259859323501587,5.583592414855957,66,0,768,0.908064303900179,96.01249694824219,1.002036213874817,0.00023570294433739036,0.2585407793521881,6.165976524353027,16.119153748734373,7.33519172668457,15.928730964660645,0.0002028138842433691,1.4373102188110352,5.580212116241455,0,768,0,cols
followup4090_20260608_primary_spectral_stable5,stable5,vanilla,0,1.0,30015488,blocks.1.attn.q_proj,2.712111556027168,2.763317823410034,8.173625946044922,9.223990673490334e-06,0.4759199321269989,4.592198371887207,66,6,768,0.9590936057921334,49.2208366394043,1.002110481262207,1.0964192370011006e-05,0.2305462658405304,5.333364963531494,2.8352404030993212,2.688804864883423,8.400391578674316,1.1198507309018169e-05,0.4826996326446533,4.5852179527282715,0,768,1,cols
followup4090_20260608_primary_spectral_stable5,stable5,vanilla,0,1.0,30015488,blocks.2.attn.q_proj,1.480876493905596,3.592829704284668,5.304865837097168,2.184234659807771e-07,0.3497413098812103,4.755405902862549,66,12,768,0.9511373073849854,58.525726318359375,1.0018900632858276,4.2843641523404585e-08,0.2473035603761673,5.440890789031982,1.5279457132917722,3.457970142364502,5.474865436553955,1.3248418326838873e-06,0.3542877435684204,4.749849796295166,0,768,2,cols
followup4090_20260608_primary_spectral_stable5,stable5,vanilla,0,1.0,30015488,blocks.3.attn.q_proj,1.544449245981396,3.169114589691162,5.636081695556641,2.65228459284117e-06,0.3471907377243042,4.916342258453369,66,18,768,0.9462481492466598,63.1395378112793,1.001727819442749,1.234506635228172e-05,0.2523994445800781,5.555848121643066,1.6149881037741114,3.0244178771972656,5.860821723937988,5.54309963263222e-06,0.35299521684646606,4.9094109535217285,0,768,3,cols
followup4090_20260608_primary_spectral_stable5,stable5,vanilla,0,1.0,30015488,blocks.4.attn.q_proj,1.1329628940680567,3.76591420173645,4.0033650398254395,2.4581888737884583e-06,0.26636695861816406,5.037559986114502,66,24,768,0.9365811926539451,74.44105529785156,1.0022462606430054,1.8202257706434466e-05,0.2690615653991699,5.644871711730957,1.1504647408587325,3.647152900695801,4.117191314697266,7.205707106550108e-07,0.26977843046188354,5.0323028564453125,0,768,4,cols
followup4090_20260608_primary_spectral_stable5,stable5,vanilla,0,1.0,30015488,blocks.5.attn.q_proj,1.1240792406662468,5.0647759437561035,3.748394727706909,2.895654461099184e-06,0.28838610649108887,5.050312519073486,66,30,768,0.9364758896153648,74.4445571899414,1.0024001598358154,1.1053678463213146e-05,0.26934826374053955,5.633022785186768,1.1426699759362564,4.843376636505127,3.880939245223999,1.3665319329447811e-06,0.292202353477478,5.044876575469971,0,768,5,cols
followup4090_20260608_primary_spectral_stable5,stable5,vanilla,0,1.0,30015488,blocks.5.mlp.fc2,0.9897114622293678,4.909646987915039,2.189826726913452,0.0009465300827287138,0.1508232206106186,5.929327964782715,66,35,3072,0.9498219141344303,87.48394012451172,0.6953197121620178,0.0028703815769404173,0.16285116970539093,6.243018627166748,0.9926072269648143,4.554865837097168,2.3137123584747314,0.0009534035925753415,0.15413029491901398,5.92206335067749,0,768,6,rows
followup4090_20260608_primary_spectral_stable5,stable5,vanilla,0,1.0,30015488,blocks.6.mlp.fc2,0.9903419039505421,4.622172832489014,2.1742074489593506,0.0008121505961753428,0.14481543004512787,5.948836326599121,66,41,3072,0.946648920222904,95.38814544677734,0.6863377094268799,0.002645030152052641,0.164883553981781,6.263596534729004,0.9929268526583879,4.308320999145508,2.2896571159362793,0.0008131866925396025,0.14783799648284912,5.942225456237793,0,768,7,rows
followup4090_20260608_primary_spectral_stable5,stable5,vanilla,0,1.0,30015488,blocks.7.mlp.fc2,0.9925920165259082,4.338443279266357,2.2614498138427734,0.0008211125968955457,0.14635032415390015,5.9482879638671875,66,47,3072,0.9458452446794376,93.0673599243164,0.6999022364616394,0.002606821246445179,0.16526103019714355,6.268702030181885,0.9953740126843786,4.073665142059326,2.3704090118408203,0.0008219822775572538,0.14920444786548615,5.942193984985352,0,768,8,rows
followup4090_20260608_primary_spectral_stable5,stable5,vanilla,0,1.0,30015488,blocks.8.mlp.fc2,0.9971554234997886,4.107198238372803,2.4439477920532227,0.0009167912066914141,0.15540958940982819,5.922044277191162,66,53,3072,0.9463431972834437,92.45563507080078,0.6993995904922485,0.00285219750367105,0.16555756330490112,6.262300491333008,1.0008904465701696,3.8693971633911133,2.5555784702301025,0.0009170639095827937,0.15825742483139038,5.91632080078125,0,768,9,rows
followup4090_20260608_primary_spectral_stable5,stable5,vanilla,0,1.0,30015488,blocks.9.mlp.fc2,1.00850303035335,3.747028350830078,2.738215446472168,0.0009515662677586079,0.16845117509365082,5.8881306648254395,66,59,3072,0.9516482680114045,86.72075653076172,0.6847018599510193,0.002601863816380501,0.1597648411989212,6.244001865386963,1.01419634581375,3.552342176437378,2.854663848876953,0.0009549323003739119,0.1715053766965866,5.882340431213379,0,768,10,rows
followup4090_20260608_primary_spectral_stable5,stable5,vanilla,0,1.0,30015488,blocks.10.mlp.fc2,1.0515580703786338,3.175220251083374,3.381953477859497,0.001017834641970694,0.19572646915912628,5.810234069824219,66,65,3072,0.9571973940170162,76.40530395507812,0.6865952014923096,0.0025250825565308332,0.15477724373340607,6.2092390060424805,1.0637220166704975,3.034269332885742,3.512882709503174,0.001023454824462533,0.19924192130565643,5.804154872894287,0,768,11,rows
followup4090_20260608_primary_spectral_stable5,stable5,vanilla,0,1.0,40108032,blocks.0.attn.q_proj,28.91636525971664,5.75897741317749,22.657419204711914,0.00016772742674220353,1.8294185400009155,5.518155097961426,66,0,768,0.9217887999284954,82.50518035888672,1.0018211603164673,0.00011510110925883055,0.24746030569076538,6.122193336486816,29.99945863065295,5.595753192901611,23.265363693237305,0.00015218484622891992,1.853257179260254,5.512369632720947,0,768,0,cols
followup4090_20260608_primary_spectral_stable5,stable5,vanilla,0,1.0,40108032,blocks.1.attn.q_proj,7.250306091799769,2.2698917388916016,13.751378059387207,7.373982953140512e-06,0.7290880680084229,4.552229881286621,66,6,768,0.9562631564708131,51.75397491455078,1.0018657445907593,1.6483723811688833e-05,0.23428085446357727,5.397655487060547,7.30814320072319,2.2798874378204346,13.79931926727295,8.534687367500737e-06,0.7332639098167419,4.549924850463867,0,768,1,cols
followup4090_20260608_primary_spectral_stable5,stable5,vanilla,0,1.0,40108032,blocks.2.attn.q_proj,9.908570491682982,2.4746644496917725,16.068716049194336,6.661256065854104e-06,0.8850207328796387,4.667818069458008,66,12,768,0.9509816928946387,57.913299560546875,1.0020387172698975,6.082882464397699e-06,0.24539953470230103,5.445891857147217,10.0623740450681,2.4715065956115723,16.187755584716797,1.573269946675282e-05,0.891120970249176,4.66544246673584,0,768,2,cols
followup4090_20260608_primary_spectral_stable5,stable5,vanilla,0,1.0,40108032,blocks.3.attn.q_proj,5.108936729576485,2.864108085632324,11.4790678024292,3.5534583730623126e-05,0.6688869595527649,5.043810844421387,66,18,768,0.9306902103132818,80.52356719970703,1.0018688440322876,1.4137633115751669e-05,0.27543362975120544,5.710514068603516,5.157614538908872,2.867269277572632,11.529878616333008,3.8247337215580046e-05,0.6722779870033264,5.042545795440674,0,768,3,cols
followup4090_20260608_primary_spectral_stable5,stable5,vanilla,0,1.0,40108032,blocks.4.attn.q_proj,1.813290518846827,3.2053444385528564,6.364996910095215,8.323867461967893e-08,0.38835999369621277,5.204832553863525,66,24,768,0.9189417636579607,93.50748443603516,1.0019896030426025,1.6168988850040478e-06,0.2895403206348419,5.802732944488525,1.8183301983873585,3.231478691101074,6.367643356323242,3.03594993056322e-06,0.3901180028915405,5.203431606292725,0,768,4,cols
followup4090_20260608_primary_spectral_stable5,stable5,vanilla,0,1.0,40108032,blocks.5.attn.q_proj,3.0399307895594903,2.498918294906616,8.78056812286377,9.168892916022742e-07,0.4776016175746918,5.13440465927124,66,30,768,0.9211737751227733,90.4769515991211,1.0026196241378784,1.46255542858853e-05,0.28667086362838745,5.77541446685791,3.026171192518314,2.5204379558563232,8.753817558288574,4.529262696451042e-06,0.47809380292892456,5.134912490844727,0,768,5,cols
followup4090_20260608_primary_spectral_stable5,stable5,vanilla,0,1.0,40108032,blocks.5.mlp.fc2,0.9867019977424606,8.614486694335938,2.3146047592163086,0.0008430418674834073,0.20837530493736267,5.960618019104004,66,35,3072,0.9326189077316736,109.42906188964844,0.7223471403121948,0.0022864206694066525,0.17724744975566864,6.311033725738525,0.9875504786964603,8.619626998901367,2.331420421600342,0.0008440165547654033,0.2101726233959198,5.9576616287231445,0,768,6,rows
followup4090_20260608_primary_spectral_stable5,stable5,vanilla,0,1.0,40108032,blocks.6.mlp.fc2,0.9878196552872368,7.303612232208252,2.4280667304992676,0.0008167157066054642,0.20016443729400635,5.982749938964844,66,41,3072,0.9304577177222199,114.52305603027344,0.7168267965316772,0.0024943144526332617,0.17741914093494415,6.324051380157471,0.9885946305907765,7.318151473999023,2.4433395862579346,0.0008191614761017263,0.20184111595153809,5.979909420013428,0,768,7,rows
followup4090_20260608_primary_spectral_stable5,stable5,vanilla,0,1.0,40108032,blocks.7.mlp.fc2,1.0049892124895032,5.941148281097412,2.829536199569702,0.0009171217679977417,0.21264654397964478,5.9655537605285645,66,47,3072,0.9341224699413652,106.26203155517578,0.7231109738349915,0.002628832822665572,0.17332668602466583,6.319968223571777,1.0059920002490568,5.966069221496582,2.842423915863037,0.0009210588177666068,0.21423794329166412,5.962945461273193,0,768,8,rows
followup4090_20260608_primary_spectral_stable5,stable5,vanilla,0,1.0,40108032,blocks.8.mlp.fc2,1.0737668941683396,4.463836669921875,3.644463539123535,0.0009736376814544201,0.24215680360794067,5.921243667602539,66,53,3072,0.9382599846258758,104.23236083984375,0.7072465419769287,0.0025203139521181583,0.17135147750377655,6.302042484283447,1.076487773269124,4.4834675788879395,3.661320209503174,0.0009791877819225192,0.24399042129516602,5.918490409851074,0,768,9,rows
followup4090_20260608_primary_spectral_stable5,stable5,vanilla,0,1.0,40108032,blocks.9.mlp.fc2,1.2235365152696418,3.675090789794922,4.542818069458008,0.0010813227854669094,0.279270201921463,5.8697285652160645,66,59,3072,0.9438583208750072,95.24114227294922,0.7048806548118591,0.0023103272542357445,0.16641809046268463,6.284050464630127,1.2301751491842263,3.6878418922424316,4.567173004150391,0.0010851145489141345,0.28144899010658264,5.866706371307373,0,768,10,rows
followup4090_20260608_primary_spectral_stable5,stable5,vanilla,0,1.0,40108032,blocks.10.mlp.fc2,1.5241483343044278,3.339125633239746,5.591712951660156,0.0013757970882579684,0.3344983756542206,5.78148889541626,66,65,3072,0.952049589591772,86.62246704101562,0.6828140020370483,0.0027308666612952948,0.15976528823375702,6.242478370666504,1.5397184553540337,3.343587636947632,5.63030481338501,0.0013865024084225297,0.3372476100921631,5.77818489074707,0,768,11,rows
followup4090_20260608_primary_spectral_stable5,stable5,vanilla,0,1.0,50069504,blocks.0.attn.q_proj,5.003224592132444,11.019109725952148,8.226157188415527,6.119072395449621e-07,0.8664153218269348,5.838354110717773,66,0,768,0.8637228461663287,138.89146423339844,1.001988410949707,9.566237167746294e-06,0.2806142568588257,6.280011177062988,5.092140550795329,10.794472694396973,8.358743667602539,1.6859685274539515e-05,0.8719677329063416,5.836331844329834,0,768,0,cols
followup4090_20260608_primary_spectral_stable5,stable5,vanilla,0,1.0,50069504,blocks.1.attn.q_proj,2.978221557138987,2.872652530670166,8.472265243530273,1.5213955521176104e-05,0.5000954866409302,4.838047981262207,66,6,768,0.9476881166801105,61.165374755859375,1.0017812252044678,7.2386014835501555e-06,0.24802333116531372,5.573258876800537,3.0352390918248817,2.853097677230835,8.56462287902832,1.4235187336453237e-05,0.5039361715316772,4.834949016571045,0,768,1,cols
followup4090_20260608_primary_spectral_stable5,stable5,vanilla,0,1.0,50069504,blocks.2.attn.q_proj,5.138663846193257,3.1018004417419434,11.487805366516113,6.679981197521556e-06,0.6968041062355042,4.956303119659424,66,12,768,0.9336252744180286,78.50687408447266,1.0027085542678833,1.0898908840317745e-05,0.27715906500816345,5.600175857543945,5.221166368027987,3.079768419265747,11.587769508361816,3.126563569821883e-06,0.7004859447479248,4.95493745803833,0,768,2,cols
followup4090_20260608_primary_spectral_stable5,stable5,vanilla,0,1.0,50069504,blocks.3.attn.q_proj,2.4251231971640737,3.941920757293701,7.687432289123535,1.2289202459214721e-05,0.507901132106781,5.388415336608887,66,18,768,0.9028895198728933,111.41659545898438,1.00264573097229,2.1633662981912494e-05,0.3065072298049927,5.891197681427002,2.4800550434309216,3.878566026687622,7.795835494995117,8.918555977288634e-06,0.5111473798751831,5.386792182922363,0,768,3,cols
followup4090_20260608_primary_spectral_stable5,stable5,vanilla,0,1.0,50069504,blocks.4.attn.q_proj,1.24729329372648,3.3993208408355713,4.722764492034912,8.109726877592038e-06,0.2890462875366211,5.470441818237305,66,24,768,0.8988935792735854,114.48369598388672,1.0021048784255981,4.587153307511471e-05,0.30599474906921387,5.93871545791626,1.2668175782875388,3.321026086807251,4.813706874847412,1.0333730642742012e-05,0.29141321778297424,5.468245506286621,0,768,4,cols
followup4090_20260608_primary_spectral_stable5,stable5,vanilla,0,1.0,50069504,blocks.5.attn.q_proj,1.2586230747715497,3.642888069152832,4.766134262084961,1.3372014109336305e-05,0.3018518388271332,5.454098224639893,66,30,768,0.8945586730108729,119.41252899169922,1.0021226406097412,5.520456761587411e-05,0.3115537762641907,5.937109470367432,1.2705475082697792,3.6072659492492676,4.8182244300842285,1.4532201930705924e-05,0.30379518866539,5.452258110046387,0,768,5,cols
followup4090_20260608_primary_spectral_stable5,stable5,vanilla,0,1.0,50069504,blocks.5.mlp.fc2,0.9690567874031815,18.89474105834961,1.2160887718200684,0.0007843791390769184,0.1450088769197464,6.161102294921875,66,35,3072,0.9043342362669077,148.2766876220703,0.7384780645370483,0.002840084256604314,0.18817675113677979,6.396552562713623,0.9689975286344117,17.462970733642578,1.2726207971572876,0.0007878629257902503,0.1461755633354187,6.1591925621032715,0,768,6,rows
followup4090_20260608_primary_spectral_stable5,stable5,vanilla,0,1.0,50069504,blocks.6.mlp.fc2,0.9705668880368372,12.903879165649414,1.4729728698730469,0.0008118191035464406,0.14566168189048767,6.166895389556885,66,41,3072,0.9046807727370073,143.56671142578125,0.7483311295509338,0.002768976613879204,0.18625794351100922,6.4015727043151855,0.9707108710150792,12.089468002319336,1.5318464040756226,0.0008152259397320449,0.14696846902370453,6.164849281311035,0,768,7,rows
followup4090_20260608_primary_spectral_stable5,stable5,vanilla,0,1.0,50069504,blocks.7.mlp.fc2,0.9710212052640721,12.481766700744629,1.4940680265426636,0.0007495947647839785,0.1450585275888443,6.174221992492676,66,47,3072,0.9056492165643703,146.51278686523438,0.7360268235206604,0.002610504627227783,0.18420785665512085,6.4045000076293945,0.9712046940881607,11.669938087463379,1.5556095838546753,0.0007515001343563199,0.14640040695667267,6.172146797180176,0,768,8,rows
followup4090_20260608_primary_spectral_stable5,stable5,vanilla,0,1.0,50069504,blocks.8.mlp.fc2,0.9714124783191896,9.058295249938965,1.953294277191162,0.0009095631539821625,0.16507773101329803,6.151564121246338,66,53,3072,0.9095377893596356,142.72108459472656,0.7299844026565552,0.002894289093092084,0.18250851333141327,6.397309303283691,0.9723443757978688,8.586618423461914,2.0200836658477783,0.00091267452808097,0.16661947965621948,6.149507999420166,0,768,9,rows
followup4090_20260608_primary_spectral_stable5,stable5,vanilla,0,1.0,50069504,blocks.9.mlp.fc2,0.9871873552771464,6.410168170928955,2.6381492614746094,0.0010113816242665052,0.1937606930732727,6.112674713134766,66,59,3072,0.9180317526931826,133.63677978515625,0.7174198031425476,0.002699267351999879,0.17774979770183563,6.382617473602295,0.990206592987242,6.165225505828857,2.709035634994507,0.0010129845468327403,0.19554726779460907,6.110604763031006,0,768,10,rows
followup4090_20260608_primary_spectral_stable5,stable5,vanilla,0,1.0,50069504,blocks.10.mlp.fc2,1.1011097572802069,4.411853313446045,3.9331440925598145,0.0012301416136324406,0.25211581587791443,6.024446487426758,66,65,3072,0.9313865180527054,116.38946533203125,0.702946662902832,0.002576754428446293,0.17069685459136963,6.3482279777526855,1.111859821008961,4.306523323059082,4.0090460777282715,0.0012285002740100026,0.2542915940284729,6.022295951843262,0,768,11,rows
followup4090_20260608_primary_spectral_stable5,stable5,vanilla,0,1.0,60030976,blocks.0.attn.q_proj,3.2820944667450265,5.574300289154053,8.407790184020996,4.66045894427225e-05,0.6315726637840271,5.843882083892822,66,0,768,0.8718501759792757,130.99391174316406,1.0025663375854492,0.00019006822549272329,0.2785581350326538,6.25702428817749,3.3986383638046167,5.4514479637146,8.594367980957031,4.141485987929627e-06,0.6394146084785461,5.839285850524902,0,768,0,cols
followup4090_20260608_primary_spectral_stable5,stable5,vanilla,0,1.0,60030976,blocks.1.attn.q_proj,2.4690363537155147,2.979379177093506,7.679129600524902,7.723944690951612e-06,0.4592475891113281,4.946498870849609,66,6,768,0.9427706024294352,66.16421508789062,1.0036755800247192,2.707683051994536e-05,0.2549271881580353,5.643337726593018,2.5383475019643096,2.9311776161193848,7.815792083740234,1.510851916464162e-06,0.46379584074020386,4.942298412322998,0,768,1,cols
followup4090_20260608_primary_spectral_stable5,stable5,vanilla,0,1.0,60030976,blocks.2.attn.q_proj,5.829966594136178,3.055382251739502,12.164487838745117,1.0278602530888747e-05,0.7310744524002075,5.009927272796631,66,12,768,0.9334327006259057,78.02363586425781,1.0030351877212524,2.638146270328434e-06,0.2755833566188812,5.616116523742676,5.967888522188936,3.030380964279175,12.315407752990723,1.4781343224967713e-06,0.7373765110969543,5.0064802169799805,0,768,2,cols
followup4090_20260608_primary_spectral_stable5,stable5,vanilla,0,1.0,60030976,blocks.3.attn.q_proj,3.067832928809596,3.502054214477539,8.786572456359863,1.7688000298221596e-05,0.5458556413650513,5.456891059875488,66,18,768,0.9006093993728077,112.02132415771484,1.0024453401565552,2.771098843368236e-05,0.30356335639953613,5.927125930786133,3.153945211276657,3.4622936248779297,8.913541793823242,3.095526699326001e-05,0.5510509610176086,5.4536919593811035,0,768,3,cols
followup4090_20260608_primary_spectral_stable5,stable5,vanilla,0,1.0,60030976,blocks.4.attn.q_proj,1.3301216355511702,3.1447184085845947,5.091611862182617,1.9432729459367692e-05,0.29746347665786743,5.560142993927002,66,24,768,0.8861362882133544,127.17980194091797,1.0022200345993042,0.00015079215518198907,0.31272751092910767,6.011858940124512,1.3444044441605092,3.1126010417938232,5.14793062210083,3.31348019244615e-05,0.29935896396636963,5.55852746963501,0,768,4,cols
followup4090_20260608_primary_spectral_stable5,stable5,vanilla,0,1.0,60030976,blocks.5.attn.q_proj,1.2776838883118238,3.614280939102173,4.847227573394775,4.064547738380497e-06,0.3030783534049988,5.541119575500488,66,30,768,0.8851300591780303,128.36036682128906,1.0026719570159912,9.621270146453753e-05,0.3159123659133911,5.990874290466309,1.2881039336941769,3.5913331508636475,4.890293598175049,1.4200642908690497e-05,0.3049246072769165,5.539543151855469,0,768,5,cols
followup4090_20260608_primary_spectral_stable5,stable5,vanilla,0,1.0,60030976,blocks.5.mlp.fc2,0.9638672747155976,14.113670349121094,1.5895698070526123,0.000719621661119163,0.16232137382030487,6.181633949279785,66,35,3072,0.9041475814691102,145.76870727539062,0.7450095415115356,0.002204898977652192,0.18708980083465576,6.400669097900391,0.9641577183906366,13.134472846984863,1.6622315645217896,0.0007229649345390499,0.16426905989646912,6.178768157958984,0,768,6,rows
followup4090_20260608_primary_spectral_stable5,stable5,vanilla,0,1.0,60030976,blocks.6.mlp.fc2,0.9652640885508852,14.99724292755127,1.4907203912734985,0.0007144120172597468,0.15615534782409668,6.1921210289001465,66,41,3072,0.903621548054816,145.08961486816406,0.7480421662330627,0.002368280431255698,0.18555329740047455,6.407186031341553,0.9654069014953652,13.9402494430542,1.5593714714050293,0.0007163293194025755,0.1579844355583191,6.189297676086426,0,768,7,rows
followup4090_20260608_primary_spectral_stable5,stable5,vanilla,0,1.0,60030976,blocks.7.mlp.fc2,0.9662101640857392,14.862237930297852,1.4682624340057373,0.0006813687505200505,0.15188068151474,6.206760406494141,66,47,3072,0.9019236225896007,150.6194305419922,0.7396231889724731,0.0022005117498338223,0.18406075239181519,6.416473388671875,0.9662987425240745,13.892121315002441,1.5303200483322144,0.0006827590405009687,0.15348787605762482,6.204299449920654,0,768,8,rows
followup4090_20260608_primary_spectral_stable5,stable5,vanilla,0,1.0,60030976,blocks.8.mlp.fc2,0.9662776819163584,10.512201309204102,1.931044340133667,0.0007555130869150162,0.17181983590126038,6.187313079833984,66,53,3072,0.9049372166074326,147.36512756347656,0.7359423041343689,0.0023694962728768587,0.18228726089000702,6.41357421875,0.9671440575043653,9.97156810760498,1.9988739490509033,0.000757072470150888,0.1737411916255951,6.1846795082092285,0,768,9,rows
followup4090_20260608_primary_spectral_stable5,stable5,vanilla,0,1.0,60030976,blocks.9.mlp.fc2,0.9805868506981001,7.482455730438232,2.6006710529327393,0.0010026440722867846,0.2014152854681015,6.156004428863525,66,59,3072,0.9119568685753382,142.29351806640625,0.719977855682373,0.0025759025011211634,0.17836862802505493,6.403454303741455,0.983013638371529,7.264584064483643,2.659128189086914,0.001004249439574778,0.20339563488960266,6.153582572937012,0,768,10,rows
followup4090_20260608_primary_spectral_stable5,stable5,vanilla,0,1.0,60030976,blocks.10.mlp.fc2,1.1010989516742873,5.06479024887085,3.935347080230713,0.0012460376601666212,0.26522716879844666,6.070987224578857,66,65,3072,0.925387617303876,126.83219909667969,0.7016016244888306,0.002647119341418147,0.1720389872789383,6.3735857009887695,1.1102725669725282,4.982590675354004,3.996485948562622,0.0012544639175757766,0.2675844430923462,6.068536281585693,0,768,11,rows
followup4090_20260608_primary_spectral_stable5,stable5,vanilla,0,1.0,70123520,blocks.0.attn.q_proj,2.058608331752666,6.435817718505859,6.323885440826416,7.276247924892232e-05,0.5063013434410095,5.854928016662598,66,0,768,0.8497430074758335,154.7105712890625,1.002132534980774,0.00020881010277662426,0.29420992732048035,6.278184413909912,2.079891245883534,6.382729530334473,6.376277923583984,8.427979628322646e-05,0.5085623860359192,5.8538713455200195,0,768,0,cols
followup4090_20260608_primary_spectral_stable5,stable5,vanilla,0,1.0,70123520,blocks.1.attn.q_proj,3.1900678700875775,2.622189521789551,8.951027870178223,3.5277287224744214e-06,0.5028462409973145,4.963963031768799,66,6,768,0.9393145979985347,69.90983581542969,1.0019863843917847,2.6856150725507177e-05,0.25932154059410095,5.681393146514893,3.2311506461432136,2.610635280609131,9.01587200164795,2.664461590029532e-06,0.5054517388343811,4.962155818939209,0,768,1,cols
followup4090_20260608_primary_spectral_stable5,stable5,vanilla,0,1.0,70123520,blocks.2.attn.q_proj,4.034956407484853,4.013456344604492,9.774877548217773,2.9917078791186213e-05,0.666670024394989,5.119600296020508,66,12,768,0.9205140825575489,92.77729034423828,1.0031843185424805,4.914541023026686e-06,0.2932569980621338,5.717764377593994,4.096716570786762,3.974317789077759,9.864668846130371,2.8771331926691346e-05,0.6696410179138184,5.118570804595947,0,768,2,cols
followup4090_20260608_primary_spectral_stable5,stable5,vanilla,0,1.0,70123520,blocks.3.attn.q_proj,3.4810139713889265,3.3635575771331787,9.495820045471191,2.2366715711541474e-05,0.5750090479850769,5.505125522613525,66,18,768,0.8869261986537385,127.39828491210938,1.0025427341461182,1.2580235306813847e-06,0.3157207667827606,5.985440254211426,3.5229449530965007,3.3452324867248535,9.5581636428833,2.759920243988745e-05,0.5773510932922363,5.504379749298096,0,768,3,cols
followup4090_20260608_primary_spectral_stable5,stable5,vanilla,0,1.0,70123520,blocks.4.attn.q_proj,1.4333622487367657,2.9433469772338867,5.490152359008789,4.467228427529335e-05,0.30875164270401,5.6182050704956055,66,24,768,0.8778810117672564,135.0982208251953,1.0021239519119263,4.075272227055393e-05,0.3156408369541168,6.055509090423584,1.449043041215154,2.9158196449279785,5.543497085571289,5.077857349533588e-05,0.31042465567588806,5.617202281951904,0,768,4,cols
followup4090_20260608_primary_spectral_stable5,stable5,vanilla,0,1.0,70123520,blocks.5.attn.q_proj,1.4049344201999427,3.2658255100250244,5.378636360168457,9.467369636695366e-06,0.3178757429122925,5.602046012878418,66,30,768,0.8800079266700349,132.48590087890625,1.0023142099380493,5.958987458143383e-05,0.3158677816390991,6.025811195373535,1.4275824196034927,3.2139346599578857,5.457972049713135,1.0311236110283062e-05,0.32022228837013245,5.60031270980835,0,768,5,cols
followup4090_20260608_primary_spectral_stable5,stable5,vanilla,0,1.0,70123520,blocks.5.mlp.fc2,0.9519325173900561,33.941200256347656,1.1521403789520264,0.0007279565907083452,0.17800097167491913,6.202789783477783,66,35,3072,0.8898500441994731,160.83140563964844,0.7611873745918274,0.0021513630636036396,0.19319583475589752,6.4219746589660645,0.9517484779618444,33.40399169921875,1.1651626825332642,0.000727043254300952,0.17867885529994965,6.202217102050781,0,768,6,rows
followup4090_20260608_primary_spectral_stable5,stable5,vanilla,0,1.0,70123520,blocks.6.mlp.fc2,0.95430837418208,30.09735679626465,1.1967848539352417,0.0008171277586370707,0.17477625608444214,6.203508377075195,66,41,3072,0.8884464166381598,162.1328125,0.7631124258041382,0.0026591604109853506,0.19327640533447266,6.4258575439453125,0.954146014791223,29.659605026245117,1.2098480463027954,0.0008190943044610322,0.17551621794700623,6.202781677246094,0,768,7,rows
followup4090_20260608_primary_spectral_stable5,stable5,vanilla,0,1.0,70123520,blocks.7.mlp.fc2,0.9566738383212767,27.90674591064453,1.2076352834701538,0.0007009077817201614,0.1693621575832367,6.212111473083496,66,47,3072,0.889982326840095,163.97567749023438,0.7515536546707153,0.0024636401794850826,0.18913565576076508,6.432460308074951,0.9565249687314404,27.590042114257812,1.2182296514511108,0.0007036261376924813,0.16996094584465027,6.211587905883789,0,768,8,rows
followup4090_20260608_primary_spectral_stable5,stable5,vanilla,0,1.0,70123520,blocks.8.mlp.fc2,0.9565219404087623,14.83125114440918,1.8441413640975952,0.0008512810454703867,0.19339866936206818,6.190365791320801,66,53,3072,0.8946095350667624,158.91867065429688,0.7467637062072754,0.0023404029197990894,0.18682166934013367,6.427944183349609,0.9565811303520166,14.678206443786621,1.8597429990768433,0.0008526117890141904,0.19414079189300537,6.189741134643555,0,768,9,rows
followup4090_20260608_primary_spectral_stable5,stable5,vanilla,0,1.0,70123520,blocks.9.mlp.fc2,0.9746705405677651,9.327610969543457,2.5990889072418213,0.001008629216812551,0.2226944863796234,6.1624627113342285,66,59,3072,0.9014204392464232,150.52272033691406,0.7414878010749817,0.002530555007979274,0.18338324129581451,6.420022964477539,0.9752496384544421,9.270037651062012,2.6147878170013428,0.0010098546044901013,0.2234438806772232,6.161970615386963,0,768,10,rows
followup4090_20260608_primary_spectral_stable5,stable5,vanilla,0,1.0,70123520,blocks.10.mlp.fc2,1.1675914197648973,5.682689189910889,4.246692657470703,0.0012555556604638696,0.3025926947593689,6.072409629821777,66,65,3072,0.9183875117823475,135.48707580566406,0.7102057337760925,0.002401487436145544,0.17555932700634003,6.389734268188477,1.1719428441513087,5.6576385498046875,4.269182205200195,0.0012583999196067452,0.3036395311355591,6.071813583374023,0,768,11,rows
followup4090_20260608_primary_spectral_stable5,stable5,vanilla,0,1.0,80084992,blocks.0.attn.q_proj,1.7268533799470211,6.695822715759277,5.646193027496338,4.363831612863578e-05,0.46011167764663696,5.852791786193848,66,0,768,0.8494985392450899,155.54864501953125,1.0020949840545654,4.1823852370725945e-05,0.2968318462371826,6.269272327423096,1.7475830745850067,6.619234561920166,5.705379962921143,6.25058964942582e-05,0.4624929130077362,5.851472854614258,0,768,0,cols
followup4090_20260608_primary_spectral_stable5,stable5,vanilla,0,1.0,80084992,blocks.1.attn.q_proj,3.2144103536805724,3.3797128200531006,8.493024826049805,6.957770438020816e-06,0.5409979224205017,4.971288204193115,66,6,768,0.9393435047150077,69.44593811035156,1.003786325454712,3.7210440495982766e-05,0.25870481133461,5.684610843658447,3.2715179121406264,3.337068796157837,8.597978591918945,1.5325911590480246e-05,0.5443294644355774,4.969086170196533,0,768,1,cols
followup4090_20260608_primary_spectral_stable5,stable5,vanilla,0,1.0,80084992,blocks.2.attn.q_proj,6.524977660849501,3.0896825790405273,12.454336166381836,3.810720590990968e-05,0.7521981596946716,5.0994720458984375,66,12,768,0.935605178019887,73.24002075195312,1.002539873123169,1.8724156689131632e-05,0.26517418026924133,5.658768177032471,6.802712842118538,2.9939637184143066,12.799123764038086,3.948035373468883e-05,0.7615039944648743,5.094337463378906,0,768,2,cols
followup4090_20260608_primary_spectral_stable5,stable5,vanilla,0,1.0,80084992,blocks.3.attn.q_proj,4.661399641515831,2.7570841312408447,11.166996002197266,3.1302148272516206e-05,0.6145617961883545,5.528465270996094,66,18,768,0.8982284494926432,112.65550994873047,1.0023939609527588,2.470390791131649e-05,0.3000023365020752,5.968647480010986,4.866684129825037,2.6885111331939697,11.426534652709961,3.199981802026741e-05,0.6217665672302246,5.524891376495361,0,768,3,cols
followup4090_20260608_primary_spectral_stable5,stable5,vanilla,0,1.0,80084992,blocks.4.attn.q_proj,1.7609672972651258,2.539311408996582,6.451260566711426,1.5052924027258996e-05,0.33784276247024536,5.647374153137207,66,24,768,0.883790232869504,126.1518783569336,1.0020296573638916,3.058491711271927e-05,0.30519673228263855,6.0576300621032715,1.808799378664129,2.487851142883301,6.573359489440918,8.241398973041214e-06,0.34110012650489807,5.645150661468506,0,768,4,cols
followup4090_20260608_primary_spectral_stable5,stable5,vanilla,0,1.0,80084992,blocks.5.attn.q_proj,1.3976111100580393,3.718982219696045,5.279094696044922,1.711358709144406e-05,0.3312617242336273,5.634936332702637,66,30,768,0.8730072705443831,139.77064514160156,1.002244472503662,2.4672048311913386e-05,0.3194543719291687,6.056761741638184,1.4133505418755588,3.67445707321167,5.337124824523926,2.6125688236788847e-05,0.3330391049385071,5.633810520172119,0,768,5,cols
followup4090_20260608_primary_spectral_stable5,stable5,vanilla,0,1.0,80084992,blocks.5.mlp.fc2,0.9421931563551281,29.372425079345703,1.4116969108581543,0.0008702511549927294,0.20260390639305115,6.205161094665527,66,35,3072,0.8892516063429653,160.3179931640625,0.7648886442184448,0.0023621737491339445,0.19423790276050568,6.4205522537231445,0.9420857197255699,28.660566329956055,1.4348249435424805,0.0008739717304706573,0.2035817801952362,6.204331398010254,0,768,6,rows
followup4090_20260608_primary_spectral_stable5,stable5,vanilla,0,1.0,80084992,blocks.6.mlp.fc2,0.9458123460830706,24.671871185302734,1.5019073486328125,0.0008140091085806489,0.19873501360416412,6.2023701667785645,66,41,3072,0.8903126893140729,157.52381896972656,0.7675602436065674,0.002344963839277625,0.19296413660049438,6.421752452850342,0.9458002327923581,23.76361656188965,1.5368940830230713,0.0008157972479239106,0.1997910439968109,6.201362609863281,0,768,7,rows
followup4090_20260608_primary_spectral_stable5,stable5,vanilla,0,1.0,80084992,blocks.7.mlp.fc2,0.9493203137781073,21.424654006958008,1.5640000104904175,0.0008405838743783534,0.19309279322624207,6.206718921661377,66,47,3072,0.8938987051435868,161.95550537109375,0.7423155903816223,0.0023794546723365784,0.18762530386447906,6.427071571350098,0.9493798478489387,20.668838500976562,1.5992587804794312,0.0008430189336650074,0.19415824115276337,6.205647945404053,0,768,8,rows
followup4090_20260608_primary_spectral_stable5,stable5,vanilla,0,1.0,80084992,blocks.8.mlp.fc2,0.9588425303119104,12.653623580932617,2.2913873195648193,0.0009313211776316166,0.22439847886562347,6.178167819976807,66,53,3072,0.8994291106090064,152.50265502929688,0.7448411583900452,0.002457659225910902,0.1856200248003006,6.419214725494385,0.9598534394822825,12.453115463256836,2.320892333984375,0.0009354943176731467,0.22578273713588715,6.176795482635498,0,768,9,rows
followup4090_20260608_primary_spectral_stable5,stable5,vanilla,0,1.0,80084992,blocks.9.mlp.fc2,1.0111988569665245,7.766355514526367,3.233851432800293,0.0010082049993798137,0.2557235062122345,6.150719165802002,66,59,3072,0.9074769469516526,146.8934783935547,0.7269571423530579,0.0024337032809853554,0.18081922829151154,6.410528182983398,1.0153168940301736,7.650045871734619,3.2759554386138916,0.0010119264479726553,0.2574921250343323,6.1490983963012695,0,768,10,rows
followup4090_20260608_primary_spectral_stable5,stable5,vanilla,0,1.0,80084992,blocks.10.mlp.fc2,1.45121544978362,4.659865379333496,5.384965896606445,0.0014586584875360131,0.3519948124885559,6.056883335113525,66,65,3072,0.9260577025219277,123.03980255126953,0.7090170979499817,0.002213510451838374,0.17112486064434052,6.374731540679932,1.4739141047665134,4.59690523147583,5.4559221267700195,0.0014573091175407171,0.35470691323280334,6.054783344268799,0,768,11,rows
followup4090_20260608_primary_spectral_stable5,stable5,vanilla,0,1.0,90046464,blocks.0.attn.q_proj,1.7923418214188003,5.034079074859619,6.208667278289795,9.401521674590185e-05,0.43995770812034607,5.850015640258789,66,0,768,0.8462048942050464,158.96766662597656,1.0021501779556274,1.5367821106337942e-05,0.2984136939048767,6.274691581726074,1.800322277581858,5.035247802734375,6.22470235824585,0.000114865877549164,0.44119560718536377,5.849751949310303,0,768,0,cols
followup4090_20260608_primary_spectral_stable5,stable5,vanilla,0,1.0,90046464,blocks.1.attn.q_proj,4.302119163680415,2.151352882385254,10.665191650390625,4.936782715958543e-06,0.5429398417472839,5.024087905883789,66,6,768,0.9301396061899854,80.14082336425781,1.002206563949585,3.1865416531218216e-05,0.27236783504486084,5.754909038543701,4.240126920740537,2.173182964324951,10.579561233520508,2.0050370039825793e-06,0.5411281585693359,5.026797294616699,0,768,1,cols
followup4090_20260608_primary_spectral_stable5,stable5,vanilla,0,1.0,90046464,blocks.2.attn.q_proj,5.3588410748293835,3.188599109649658,11.509014129638672,3.722488827406778e-06,0.7016556262969971,5.164140224456787,66,12,768,0.9173756390547595,95.34163665771484,1.0032771825790405,9.964589480659924e-06,0.2934243977069855,5.776943206787109,5.358812443414973,3.2115604877471924,11.489751815795898,1.3451031009026337e-05,0.7029678821563721,5.164124011993408,0,768,2,cols
followup4090_20260608_primary_spectral_stable5,stable5,vanilla,0,1.0,90046464,blocks.3.attn.q_proj,4.782909712465493,2.7489254474639893,11.315558433532715,6.0758913605241105e-05,0.6203784346580505,5.555000305175781,66,18,768,0.8800266472102269,133.79180908203125,1.0026006698608398,5.662103649228811e-05,0.31703200936317444,6.03354549407959,4.784913360870168,2.756380796432495,11.316849708557129,4.429359614732675e-05,0.6212119460105896,5.555273532867432,0,768,3,cols
followup4090_20260608_primary_spectral_stable5,stable5,vanilla,0,1.0,90046464,blocks.4.attn.q_proj,1.7117207138733743,2.8272898197174072,6.294410705566406,3.65048399544321e-05,0.34613701701164246,5.666949272155762,66,24,768,0.8698540295557801,142.0387725830078,1.0020967721939087,4.233809158904478e-05,0.3158417344093323,6.102334499359131,1.7260300891316622,2.8133392333984375,6.332399368286133,3.478530561551452e-05,0.3474540412425995,5.666396617889404,0,768,4,cols
followup4090_20260608_primary_spectral_stable5,stable5,vanilla,0,1.0,90046464,blocks.5.attn.q_proj,1.9803732671755452,2.6090993881225586,6.958643913269043,1.0410089089418761e-05,0.36971792578697205,5.63457727432251,66,30,768,0.8755052926262633,135.70118713378906,1.0023103952407837,5.8376786910230294e-05,0.3138446509838104,6.0665106773376465,2.0078954895805765,2.586296558380127,7.021498203277588,2.0130673874518834e-06,0.3715851604938507,5.633683681488037,0,768,5,cols
followup4090_20260608_primary_spectral_stable5,stable5,vanilla,0,1.0,90046464,blocks.5.mlp.fc2,0.9342959102402035,31.147058486938477,1.5164947509765625,0.0009558871388435364,0.2241411656141281,6.20332670211792,66,35,3072,0.8862351216534862,163.36996459960938,0.7683246731758118,0.002269060118123889,0.19587163627147675,6.423335075378418,0.9342304571750467,30.80569839477539,1.529220461845398,0.0009558894671499729,0.22487211227416992,6.202943325042725,0,768,6,rows
followup4090_20260608_primary_spectral_stable5,stable5,vanilla,0,1.0,90046464,blocks.6.mlp.fc2,0.9382822840928693,30.061431884765625,1.4932811260223389,0.0009201901266351342,0.21832258999347687,6.1986260414123535,66,41,3072,0.8882401465684698,158.58163452148438,0.772160530090332,0.002394481562077999,0.19351141154766083,6.425009250640869,0.9382353450913583,29.526153564453125,1.5108461380004883,0.0009229491697624326,0.21899911761283875,6.198263168334961,0,768,7,rows
followup4090_20260608_primary_spectral_stable5,stable5,vanilla,0,1.0,90046464,blocks.7.mlp.fc2,0.9433558946124992,25.5607852935791,1.5487463474273682,0.000903336622286588,0.20940996706485748,6.2009196281433105,66,47,3072,0.890987179365111,162.98089599609375,0.7503587603569031,0.0023754185531288385,0.1888943761587143,6.430678367614746,0.9433080608792879,25.167421340942383,1.5647716522216797,0.0009065111516974866,0.21001417934894562,6.200599670410156,0,768,8,rows
followup4090_20260608_primary_spectral_stable5,stable5,vanilla,0,1.0,90046464,blocks.8.mlp.fc2,0.9556031886035269,14.398147583007812,2.279717206954956,0.0009147126693278551,0.238472580909729,6.172184467315674,66,53,3072,0.8944767018220172,159.2727813720703,0.7469834089279175,0.002280391054227948,0.18759189546108246,6.4268317222595215,0.9560188258911002,14.220412254333496,2.299192428588867,0.0009166182135231793,0.23908163607120514,6.171980857849121,0,768,9,rows
followup4090_20260608_primary_spectral_stable5,stable5,vanilla,0,1.0,90046464,blocks.9.mlp.fc2,1.0158496035194629,8.323322296142578,3.2823588848114014,0.001098745851777494,0.268488347530365,6.149800777435303,66,59,3072,0.9017751659528569,153.76991271972656,0.7321426868438721,0.0024325603153556585,0.1825776845216751,6.42207145690918,1.0184733009924853,8.203665733337402,3.3148393630981445,0.0011028697481378913,0.2693061828613281,6.149518966674805,0,768,10,rows
followup4090_20260608_primary_spectral_stable5,stable5,vanilla,0,1.0,90046464,blocks.10.mlp.fc2,1.5938517879910714,4.208832263946533,5.905460834503174,0.0013936945470049977,0.3667507469654083,6.060242176055908,66,65,3072,0.9231283509349602,126.39043426513672,0.7134110927581787,0.002203946001827717,0.1723170131444931,6.383831977844238,1.620738475586788,4.1315202713012695,5.986808776855469,0.0014014133485034108,0.3687295615673065,6.059316158294678,0,768,11,rows
followup4090_20260608_primary_spectral_stable5,stable5,vanilla,0,1.0,100007936,blocks.0.attn.q_proj,2.037742362594165,4.457731246948242,6.805802822113037,2.0399269487825222e-05,0.45702317357063293,5.83298921585083,66,0,768,0.8548984515332884,150.36012268066406,1.0020391941070557,4.1569604945834726e-05,0.29536494612693787,6.257072448730469,2.0667414429089077,4.420825481414795,6.870253086090088,2.6288003937224858e-05,0.45966362953186035,5.831731796264648,0,768,0,cols
followup4090_20260608_primary_spectral_stable5,stable5,vanilla,0,1.0,100007936,blocks.1.attn.q_proj,9.054710686002776,1.780569314956665,15.673628807067871,1.2623094335140195e-05,0.7330725193023682,4.888180255889893,66,6,768,0.9485797512322737,58.257572174072266,1.0036522150039673,1.3641662917507347e-05,0.24055281281471252,5.625165939331055,9.290275097468545,1.7709944248199463,15.879692077636719,4.565711606119294e-06,0.7409135103225708,4.883534908294678,0,768,1,cols
followup4090_20260608_primary_spectral_stable5,stable5,vanilla,0,1.0,100007936,blocks.2.attn.q_proj,7.721685990211527,2.532622814178467,14.249889373779297,1.802743281587027e-05,0.7778275012969971,5.157617092132568,66,12,768,0.9253854148873828,85.08584594726562,1.0041396617889404,2.6515739591559395e-05,0.280236154794693,5.748724460601807,7.9113112972541835,2.507929563522339,14.433491706848145,2.2458470994024538e-06,0.7842832803726196,5.15514612197876,0,768,2,cols
followup4090_20260608_primary_spectral_stable5,stable5,vanilla,0,1.0,100007936,blocks.3.attn.q_proj,6.817899054443176,2.4584078788757324,13.575044631958008,3.254662442486733e-05,0.7101680636405945,5.524576187133789,66,18,768,0.8964177190076678,114.08634948730469,1.0027226209640503,3.286495848442428e-05,0.29964980483055115,5.990332126617432,6.9762076507651045,2.438321828842163,13.736516952514648,2.126463732565753e-05,0.7160806655883789,5.522246837615967,0,768,3,cols
followup4090_20260608_primary_spectral_stable5,stable5,vanilla,0,1.0,100007936,blocks.4.attn.q_proj,2.203947310299318,2.38879656791687,7.4445929527282715,1.2772832178598037e-06,0.3789864778518677,5.668643474578857,66,24,768,0.8717579497886235,138.89524841308594,1.0021196603775024,9.349644096801057e-05,0.3116828501224518,6.107927322387695,2.2149054335611624,2.3905580043792725,7.466125011444092,1.5464132957276888e-05,0.38025110960006714,5.668146133422852,0,768,4,cols
followup4090_20260608_primary_spectral_stable5,stable5,vanilla,0,1.0,100007936,blocks.5.attn.q_proj,2.1037854000691345,2.7269816398620605,7.194722652435303,2.7933223464060575e-05,0.39000412821769714,5.653341293334961,66,30,768,0.867924781533265,143.69415283203125,1.0023432970046997,0.00010486106475582346,0.3180246353149414,6.094347953796387,2.102866854740445,2.7404606342315674,7.190648555755615,1.0348992873332463e-05,0.39068880677223206,5.653408050537109,0,768,5,cols
followup4090_20260608_primary_spectral_stable5,stable5,vanilla,0,1.0,100007936,blocks.5.mlp.fc2,0.9318993369680406,28.911962509155273,1.722452998161316,0.001082349568605423,0.24698172509670258,6.1975226402282715,66,35,3072,0.8908957102551284,160.709228515625,0.7582149505615234,0.0024685468524694443,0.1938316524028778,6.417273998260498,0.9322568166950909,27.951984405517578,1.7594101428985596,0.0010872617131099105,0.2482818365097046,6.1966328620910645,0,768,6,rows
followup4090_20260608_primary_spectral_stable5,stable5,vanilla,0,1.0,100007936,blocks.6.mlp.fc2,0.9434318091559988,18.46434783935547,2.121851682662964,0.00102426263038069,0.2469455450773239,6.184995651245117,66,41,3072,0.8944557100398165,153.3719024658203,0.7631768584251404,0.002356903161853552,0.19189198315143585,6.414414405822754,0.9448195380232519,17.505701065063477,2.1907355785369873,0.001027375808916986,0.248591348528862,6.183744430541992,0,768,7,rows
followup4090_20260608_primary_spectral_stable5,stable5,vanilla,0,1.0,100007936,blocks.7.mlp.fc2,0.9588247045034186,14.425836563110352,2.3300135135650635,0.0009674652246758342,0.24264313280582428,6.179511070251465,66,47,3072,0.9001492319767628,153.65557861328125,0.7396783232688904,0.002222588052973151,0.1863170862197876,6.414834499359131,0.960771365381333,13.842480659484863,2.392232656478882,0.0009754632483236492,0.24439828097820282,6.178057670593262,0,768,8,rows
followup4090_20260608_primary_spectral_stable5,stable5,vanilla,0,1.0,100007936,blocks.8.mlp.fc2,1.058435872959275,7.481978893280029,3.64096736907959,0.0011904110433533788,0.2840507924556732,6.142272472381592,66,53,3072,0.9111520229981097,140.04371643066406,0.7299883365631104,0.0022942551877349615,0.18028464913368225,6.400629043579102,1.0701408218888557,7.2022576332092285,3.7378382682800293,0.0012005052994936705,0.2866925001144409,6.140224933624268,0,768,9,rows
followup4090_20260608_primary_spectral_stable5,stable5,vanilla,0,1.0,100007936,blocks.9.mlp.fc2,1.1613888643159636,6.226912021636963,4.248981475830078,0.0011982537107542157,0.30799537897109985,6.127015590667725,66,59,3072,0.9148746574757165,137.38446044921875,0.720463752746582,0.002297397004440427,0.17673426866531372,6.399733066558838,1.1760873790383912,6.082204341888428,4.327669143676758,0.0012061765883117914,0.31054484844207764,6.125154495239258,0,768,10,rows
followup4090_20260608_primary_spectral_stable5,stable5,vanilla,0,1.0,100007936,blocks.10.mlp.fc2,1.90192539410477,4.2680583000183105,6.492454528808594,0.0015037140110507607,0.41203856468200684,6.038268566131592,66,65,3072,0.9311833451312092,118.49942779541016,0.6963542103767395,0.002326557645574212,0.16679050028324127,6.368484020233154,1.9380904494331845,4.218143939971924,6.57459831237793,0.0015140223549678922,0.4152999520301819,6.036183834075928,0,768,11,rows
