run,run_name,orthogonalizer_type,orth_schedule_name,train/tokens,spec/label,spec/matrix_index,spec/sample_slot,spec/candidate_position,spec/candidate_count,spec/rows,spec/cols,spec/semi_orth_side,spec/buffer_post_semi_orth_error,spec/buffer_post_stable_rank,spec/buffer_post_sv_max,spec/buffer_post_sv_min,spec/buffer_post_sv_std,spec/buffer_post_svd_entropy,spec/g_post_semi_orth_error,spec/g_post_stable_rank,spec/g_post_sv_max,spec/g_post_sv_min,spec/g_post_sv_std,spec/g_post_svd_entropy,spec/g_pre_semi_orth_error,spec/g_pre_stable_rank,spec/g_pre_sv_max,spec/g_pre_sv_min,spec/g_pre_sv_std,spec/g_pre_svd_entropy
runs/fast_0605_1925,fast_0605_1925,fast,fast,10092544,blocks.0.attn.q_proj,0,0,0,66,768,768,cols,63.60340530855228,3.8181262016296387,38.52161407470703,0.0004966005217283964,2.5197880268096924,5.550657272338867,0.48477055627756804,412.4982604980469,1.2033721208572388,0.0015168702229857445,0.3001050353050232,6.560583591461182,64.85341762309064,3.733832597732544,39.10544204711914,0.00017222158203367144,2.530240535736084,5.550193786621094
runs/fast_0605_1925,fast_0605_1925,fast,fast,10092544,blocks.1.attn.q_proj,0,1,6,66,768,768,cols,4.517913032890979,1.6485044956207275,10.936264991760254,7.839717000024393e-06,0.49714431166648865,4.674780368804932,0.7320382304477885,230.23211669921875,1.2030905485153198,0.0004580474633257836,0.38581860065460205,6.349458694458008,4.544686158386265,1.6505897045135498,10.969137191772461,6.510786533908686e-06,0.4989471137523651,4.674485683441162
runs/fast_0605_1925,fast_0605_1925,fast,fast,10092544,blocks.2.attn.q_proj,0,2,12,66,768,768,cols,3.441613290929961,1.7987843751907349,9.440317153930664,2.2917481601325562e-06,0.44930675625801086,4.4128594398498535,0.7880290260947665,184.33724975585938,1.2027784585952759,0.00015035535034257919,0.3860367238521576,6.243295192718506,3.475938777882442,1.7922337055206299,9.49452018737793,1.030007751978701e-06,0.451065331697464,4.413355350494385
runs/fast_0605_1925,fast_0605_1925,fast,fast,10092544,blocks.3.attn.q_proj,0,3,18,66,768,768,cols,2.2010822417437454,1.5599223375320435,7.396012306213379,7.462069788743975e-06,0.32846471667289734,4.327506065368652,0.802435858282878,171.55677795410156,1.2026633024215698,0.00018821103731170297,0.3797862231731415,6.224819183349609,2.1977219047792675,1.5649348497390747,7.388251304626465,8.056356818997301e-06,0.32862263917922974,4.33005428314209
runs/fast_0605_1925,fast_0605_1925,fast,fast,10092544,blocks.4.attn.q_proj,0,4,24,66,768,768,cols,1.3717128945146706,1.4624605178833008,5.194254398345947,1.0112291874975199e-06,0.22390523552894592,4.225582122802734,0.8211833092514811,154.83531188964844,1.2028684616088867,0.00012558954767882824,0.3696138262748718,6.202006816864014,1.3732123271934376,1.46664559841156,5.19939661026001,3.448919017046137e-07,0.2244359403848648,4.226999759674072
runs/fast_0605_1925,fast_0605_1925,fast,fast,10092544,blocks.5.attn.q_proj,0,5,30,66,768,768,cols,1.1510548508278755,1.7861493825912476,4.082024097442627,9.642694749345537e-07,0.19414593279361725,4.199797630310059,0.8268770376649736,150.03282165527344,1.2027907371520996,0.0001460140774725005,0.3664330244064331,6.195924282073975,1.1517334704098383,1.7895303964614868,4.087112903594971,5.396547066993662e-07,0.19456209242343903,4.20121431350708
runs/fast_0605_1925,fast_0605_1925,fast,fast,10092544,blocks.5.mlp.fc2,0,6,35,66,768,3072,rows,9.076338966569983,1.2268003225326538,15.834308624267578,0.0014257087605074048,0.620262861251831,5.12029504776001,0.8049542527173202,199.96531677246094,0.9316405653953552,0.022820867598056793,0.23719874024391174,6.469959735870361,9.140691374084371,1.229875087738037,15.889378547668457,0.0014260309981182218,0.6232392191886902,5.11600399017334
runs/fast_0605_1925,fast_0605_1925,fast,fast,10092544,blocks.6.mlp.fc2,0,7,41,66,768,3072,rows,8.885909777507313,1.2071502208709717,15.667769432067871,0.0013443650677800179,0.609880805015564,5.06614875793457,0.8105280182574496,198.1496124267578,0.9219753742218018,0.021897414699196815,0.23674610257148743,6.463988304138184,8.949548051473785,1.2095309495925903,15.7232027053833,0.0013469639234244823,0.6126781702041626,5.062077522277832
runs/fast_0605_1925,fast_0605_1925,fast,fast,10092544,blocks.7.mlp.fc2,0,8,47,66,768,3072,rows,9.55855585533646,1.183426856994629,16.25660514831543,0.0012580157490447164,0.6276997327804565,5.005499839782715,0.8104629093198698,197.8304443359375,0.9246242642402649,0.021848149597644806,0.23911608755588531,6.460329532623291,9.62610066555772,1.1849720478057861,16.313735961914062,0.0012570448452606797,0.6303468346595764,5.001962184906006
runs/fast_0605_1925,fast_0605_1925,fast,fast,10092544,blocks.8.mlp.fc2,0,9,53,66,768,3072,rows,8.70317197744297,1.2011470794677734,15.504454612731934,0.0014036475913599133,0.6029626727104187,4.990058422088623,0.8168773785307571,193.27996826171875,0.9181564450263977,0.02434428408741951,0.23713840544223785,6.455595970153809,8.769643660227926,1.202339768409729,15.563444137573242,0.0014078286476433277,0.6055920720100403,4.9866743087768555
runs/fast_0605_1925,fast_0605_1925,fast,fast,10092544,blocks.9.mlp.fc2,0,10,59,66,768,3072,rows,8.279176519277975,1.19072425365448,15.119708061218262,0.001169008668512106,0.5858718156814575,4.959691524505615,0.8233872399060057,188.2872772216797,0.9138179421424866,0.019527412950992584,0.23711983859539032,6.447049140930176,8.34460921208227,1.191389799118042,15.179522514343262,0.0011683264747262,0.5883869528770447,4.956559181213379
runs/fast_0605_1925,fast_0605_1925,fast,fast,10092544,blocks.10.mlp.fc2,0,11,65,66,768,3072,rows,7.5128958054492925,1.2130740880966187,14.39260482788086,0.0010348499054089189,0.5625959038734436,4.951847553253174,0.8271805581879407,186.16514587402344,0.908153235912323,0.01885959319770336,0.23573051393032074,6.444019794464111,7.58068067906831,1.2132363319396973,14.457830429077148,0.00103912188205868,0.5652231574058533,4.9487504959106445
runs/fast_0605_1925,fast_0605_1925,fast,fast,20054016,blocks.0.attn.q_proj,0,0,0,66,768,768,cols,11.558670482748672,6.9217305183410645,15.083656311035156,0.00012360575783532113,1.2351025342941284,5.9228034019470215,0.41971103541783683,420.5752868652344,1.2037907838821411,0.004922167863696814,0.23925535380840302,6.596015453338623,11.710712102939242,6.842349052429199,15.231807708740234,0.00028997071785852313,1.240657925605774,5.921772480010986
runs/fast_0605_1925,fast_0605_1925,fast,fast,20054016,blocks.1.attn.q_proj,0,1,6,66,768,768,cols,1.9966440319720458,4.724148273468018,6.234343528747559,5.033793058828451e-06,0.4590945839881897,5.28727912902832,0.6282133574618601,305.81182861328125,1.2029476165771484,0.001268337364308536,0.3645498752593994,6.460093975067139,2.0298793227604,4.637604236602783,6.325394153594971,1.0190399734710809e-05,0.46165910363197327,5.285650730133057
runs/fast_0605_1925,fast_0605_1925,fast,fast,20054016,blocks.2.attn.q_proj,0,2,12,66,768,768,cols,2.0470229327433564,4.831991672515869,6.321459770202637,1.6025969671318308e-05,0.46970006823539734,5.303671836853027,0.6226192883946844,311.75189208984375,1.203619122505188,0.0018990125972777605,0.36678633093833923,6.460641384124756,2.059793094174969,4.793485641479492,6.363519668579102,1.4966093658586033e-05,0.4709537923336029,5.303524971008301
runs/fast_0605_1925,fast_0605_1925,fast,fast,20054016,blocks.3.attn.q_proj,0,3,18,66,768,768,cols,1.4227254029808645,5.214310646057129,5.005898475646973,2.2390356946289103e-07,0.3818209171295166,5.404068946838379,0.5904529955117098,335.5970764160156,1.2035504579544067,0.00176719157025218,0.35788339376449585,6.483499526977539,1.4353686501620577,5.156898021697998,5.053719997406006,6.354717243084451e-06,0.3834075331687927,5.403635025024414
runs/fast_0605_1925,fast_0605_1925,fast,fast,20054016,blocks.4.attn.q_proj,0,4,24,66,768,768,cols,1.102268641308715,5.586531162261963,3.6389787197113037,1.2201145182189066e-05,0.2881583273410797,5.343008041381836,0.6119846450552764,317.8091125488281,1.2035353183746338,0.0003557401360012591,0.3609559237957001,6.471825122833252,1.1069122988335658,5.526742458343506,3.675121545791626,1.0919275155174546e-05,0.28950878977775574,5.342386245727539
runs/fast_0605_1925,fast_0605_1925,fast,fast,20054016,blocks.5.attn.q_proj,0,5,30,66,768,768,cols,1.0807500686130767,6.057332515716553,3.4085311889648438,1.8323024050914682e-05,0.28044238686561584,5.38082218170166,0.5830269977008115,340.1268615722656,1.2030740976333618,0.001828990294598043,0.35033944249153137,6.4953436851501465,1.082803271388849,6.032749652862549,3.4252514839172363,3.0115348636172712e-05,0.2812623679637909,5.380782127380371
runs/fast_0605_1925,fast_0605_1925,fast,fast,20054016,blocks.5.mlp.fc2,0,6,35,66,768,3072,rows,1.0105559578270604,3.8454840183258057,2.88539457321167,0.001112549682147801,0.17577069997787476,5.957371711730957,0.7237702212813392,262.7482604980469,0.9735105633735657,0.04149099811911583,0.24328775703907013,6.523313522338867,1.0183886456085287,3.621457099914551,3.0210320949554443,0.0011154892854392529,0.17927856743335724,5.951616287231445
runs/fast_0605_1925,fast_0605_1925,fast,fast,20054016,blocks.6.mlp.fc2,0,7,41,66,768,3072,rows,1.0019041087611582,3.9219248294830322,2.634550094604492,0.0009469971409998834,0.16217531263828278,5.962063312530518,0.7263230972990028,259.5165710449219,0.9746251702308655,0.03876589238643646,0.2427627295255661,6.522575855255127,1.006704619635633,3.713918447494507,2.746868133544922,0.0009481229935772717,0.16510948538780212,5.956833839416504
runs/fast_0605_1925,fast_0605_1925,fast,fast,20054016,blocks.7.mlp.fc2,0,8,47,66,768,3072,rows,1.0031789637831356,3.7509617805480957,2.6336910724639893,0.000984507380053401,0.15933258831501007,5.957088470458984,0.7286211812586111,257.83984375,0.9733281135559082,0.041663844138383865,0.24241605401039124,6.521756649017334,1.0072526083893438,3.5837175846099854,2.730278253555298,0.0009880427969619632,0.16193000972270966,5.952330112457275
runs/fast_0605_1925,fast_0605_1925,fast,fast,20054016,blocks.8.mlp.fc2,0,9,53,66,768,3072,rows,0.9993707103643562,3.9278340339660645,2.5089921951293945,0.0009143560309894383,0.1553695648908615,5.958396911621094,0.7299803475369682,258.5870056152344,0.9681715965270996,0.03942403942346573,0.2406560182571411,6.522761344909668,1.002282236142832,3.76698637008667,2.590664863586426,0.0009132941486313939,0.1574891209602356,5.9545488357543945
runs/fast_0605_1925,fast_0605_1925,fast,fast,20054016,blocks.9.mlp.fc2,0,10,59,66,768,3072,rows,0.9971325046031564,4.05797004699707,2.421102285385132,0.0009057878633029759,0.15274891257286072,5.950067043304443,0.7311710289535966,259.1983642578125,0.9653680920600891,0.04063597694039345,0.24163904786109924,6.521019458770752,0.999236707085849,3.914573907852173,2.4884724617004395,0.0009077988215722144,0.15449950098991394,5.946893215179443
runs/fast_0605_1925,fast_0605_1925,fast,fast,20054016,blocks.10.mlp.fc2,0,11,65,66,768,3072,rows,1.0022635844281553,3.880798101425171,2.566570997238159,0.0008452865295112133,0.15977831184864044,5.927412509918213,0.7305855302939863,257.2903137207031,0.9706125855445862,0.04198683053255081,0.24239031970500946,6.52061653137207,1.0045255349921722,3.770453453063965,2.6263344287872314,0.0008488548337481916,0.1614120602607727,5.9244842529296875
runs/fast_0605_1925,fast_0605_1925,fast,fast,30015488,blocks.0.attn.q_proj,0,0,0,66,768,768,cols,4.293270955419042,7.931585311889648,9.574369430541992,0.00012188631808385253,0.7801768183708191,6.1006669998168945,0.39473466882789726,421.3460693359375,1.2035894393920898,0.0016013005515560508,0.21420244872570038,6.606972694396973,4.351858537762516,7.847377777099609,9.66058349609375,7.53185440771631e-06,0.7834575772285461,6.100057125091553
runs/fast_0605_1925,fast_0605_1925,fast,fast,30015488,blocks.1.attn.q_proj,0,1,6,66,768,768,cols,2.480132953914368,3.638112783432007,7.609208583831787,4.3191689655941445e-06,0.4883459508419037,5.399747371673584,0.5883297971867635,332.8355407714844,1.2031704187393188,0.0008979019476100802,0.34877270460128784,6.493815898895264,2.518797201358425,3.607149124145508,7.684263706207275,1.7923348423209973e-05,0.491227388381958,5.397881984710693
runs/fast_0605_1925,fast_0605_1925,fast,fast,30015488,blocks.2.attn.q_proj,0,2,12,66,768,768,cols,1.9252489847676046,4.332200527191162,6.5343241691589355,1.7563521396368742e-05,0.4456016421318054,5.589259147644043,0.5392483950320008,364.7558288574219,1.2038172483444214,0.0013221735134720802,0.3258384168148041,6.52836799621582,1.9426257755967768,4.301896572113037,6.578161716461182,1.1008382898580749e-05,0.44709187746047974,5.5889506340026855
runs/fast_0605_1925,fast_0605_1925,fast,fast,30015488,blocks.3.attn.q_proj,0,3,18,66,768,768,cols,3.928468193529025,4.055357456207275,9.916990280151367,0.00010757144627859816,0.6547589302062988,5.550167083740234,0.5684409782833247,347.7529296875,1.2035129070281982,0.0016530760331079364,0.34532248973846436,6.502531051635742,4.008640834016026,3.997439384460449,10.037217140197754,0.00011005879059666768,0.6582150459289551,5.549220561981201
runs/fast_0605_1925,fast_0605_1925,fast,fast,30015488,blocks.4.attn.q_proj,0,4,24,66,768,768,cols,2.479397622107706,4.360961437225342,7.7535881996154785,7.931960681162309e-06,0.5319051146507263,5.4859089851379395,0.5888798507059366,331.5924377441406,1.2032697200775146,0.001341960160061717,0.3497728705406189,6.491775035858154,2.5382772999385894,4.277455806732178,7.870965003967285,2.048653732344974e-05,0.5350150465965271,5.48490571975708
runs/fast_0605_1925,fast_0605_1925,fast,fast,30015488,blocks.5.attn.q_proj,0,5,30,66,768,768,cols,1.5002806091167455,3.1799116134643555,5.662068843841553,3.439166903262958e-05,0.32910215854644775,5.679911136627197,0.5027421716236887,390.5696105957031,1.2033066749572754,0.00013576926721725613,0.3074089288711548,6.550079345703125,1.503940061771204,3.1901066303253174,5.670640468597412,1.683416121522896e-05,0.33014610409736633,5.679610252380371
runs/fast_0605_1925,fast_0605_1925,fast,fast,30015488,blocks.5.mlp.fc2,0,6,35,66,768,3072,rows,0.9807639387492554,6.440752983093262,2.4026825428009033,0.0010882799979299307,0.1734110563993454,6.140549659729004,0.7557291428863773,248.73504638671875,0.9270034432411194,0.04158350080251694,0.2247357964515686,6.524877548217773,0.9848778462819797,5.936605930328369,2.5317652225494385,0.0010894782608374953,0.17622555792331696,6.136992454528809
runs/fast_0605_1925,fast_0605_1925,fast,fast,30015488,blocks.6.mlp.fc2,0,7,41,66,768,3072,rows,0.985435952386456,5.624319553375244,2.409120798110962,0.0011265923967584968,0.1645902544260025,6.128608703613281,0.7548780465627919,250.50457763671875,0.925668478012085,0.0442831926047802,0.22503560781478882,6.525170803070068,0.9893674723033383,5.21539306640625,2.5321786403656006,0.0011289544636383653,0.16734321415424347,6.1249284744262695
runs/fast_0605_1925,fast_0605_1925,fast,fast,30015488,blocks.7.mlp.fc2,0,8,47,66,768,3072,rows,0.9896264627178339,5.142580986022949,2.471536159515381,0.0011225496418774128,0.16348165273666382,6.1163105964660645,0.7523547655167554,253.4617919921875,0.925353467464447,0.04534957930445671,0.2255769819021225,6.526018142700195,0.9933450364900315,4.825376033782959,2.580118179321289,0.0011271769180893898,0.16595686972141266,6.1129279136657715
runs/fast_0605_1925,fast_0605_1925,fast,fast,30015488,blocks.8.mlp.fc2,0,9,53,66,768,3072,rows,0.9901674312689726,5.127262592315674,2.4218971729278564,0.000912849442102015,0.1611514836549759,6.10972785949707,0.7551339398290938,250.59075927734375,0.9243943691253662,0.04006483033299446,0.22425472736358643,6.525724411010742,0.993039795329179,4.850295066833496,2.5140175819396973,0.0009165751398541033,0.16320106387138367,6.106873035430908
runs/fast_0605_1925,fast_0605_1925,fast,fast,30015488,blocks.9.mlp.fc2,0,10,59,66,768,3072,rows,0.9948089552028457,4.722276210784912,2.5186195373535156,0.0009682654635980725,0.16247357428073883,6.100752353668213,0.7544757614252084,249.5999298095703,0.9276003241539001,0.04167962819337845,0.22415795922279358,6.5263352394104,0.9979124353438057,4.489030361175537,2.606771945953369,0.0009695069747976959,0.16440722346305847,6.0981268882751465
runs/fast_0605_1925,fast_0605_1925,fast,fast,30015488,blocks.10.mlp.fc2,0,11,65,66,768,3072,rows,1.0066911298346124,4.401711940765381,2.7806396484375,0.0009636911563575268,0.17651502788066864,6.0710601806640625,0.7522079606923815,250.5726776123047,0.9311187863349915,0.0389772392809391,0.22551259398460388,6.526285648345947,1.0098432007894533,4.261037826538086,2.8464839458465576,0.0009642619406804442,0.17809860408306122,6.0690155029296875
runs/fast_0605_1925,fast_0605_1925,fast,fast,40108032,blocks.0.attn.q_proj,0,0,0,66,768,768,cols,5.837471328336708,3.3605411052703857,12.273233413696289,2.8505601221695542e-05,0.6985573768615723,5.99993371963501,0.42015344583090547,419.7307434082031,1.2040852308273315,0.0035151580814272165,0.23943448066711426,6.595668792724609,5.9940466228785,3.339132070541382,12.432478904724121,0.00020698385196737945,0.7065155506134033,5.996228218078613
runs/fast_0605_1925,fast_0605_1925,fast,fast,40108032,blocks.1.attn.q_proj,0,1,6,66,768,768,cols,3.6298593346437604,2.7830843925476074,9.619588851928711,5.3650594054488465e-05,0.5446258187294006,5.3725104331970215,0.5861783804004983,336.9521179199219,1.2034801244735718,0.0019916342571377754,0.350026935338974,6.494922161102295,3.6480303719207874,2.789531946182251,9.641671180725098,3.8991485780570656e-05,0.546529233455658,5.3718132972717285
runs/fast_0605_1925,fast_0605_1925,fast,fast,40108032,blocks.2.attn.q_proj,0,2,12,66,768,768,cols,3.0194265673099947,2.838495969772339,8.801314353942871,1.9319857528898865e-05,0.49070724844932556,5.60496711730957,0.5335465796204475,370.29315185546875,1.203950047492981,0.0022623571567237377,0.3253198564052582,6.5303778648376465,3.0434207937950046,2.8397481441497803,8.838006019592285,1.6111518561956473e-05,0.4929398000240326,5.603840351104736
runs/fast_0605_1925,fast_0605_1925,fast,fast,40108032,blocks.3.attn.q_proj,0,3,18,66,768,768,cols,5.639165747290284,3.8759171962738037,11.892241477966309,3.529452806105837e-05,0.7690556049346924,5.557369232177734,0.5682239026077152,348.7909240722656,1.2035597562789917,5.982052698527696e-06,0.3469274938106537,6.501241683959961,5.710929286304241,3.869593858718872,11.964364051818848,4.962698949384503e-05,0.7733595371246338,5.555840015411377
runs/fast_0605_1925,fast_0605_1925,fast,fast,40108032,blocks.4.attn.q_proj,0,4,24,66,768,768,cols,6.097741897418907,3.251049757003784,12.511122703552246,7.202831329777837e-05,0.7544087171554565,5.424677848815918,0.5926370355922803,330.5815124511719,1.2030757665634155,0.0005130598437972367,0.3520257771015167,6.4889445304870605,6.116501530503738,3.2653396129608154,12.52273178100586,4.71446655865293e-05,0.7567623257637024,5.424266815185547
runs/fast_0605_1925,fast_0605_1925,fast,fast,40108032,blocks.5.attn.q_proj,0,5,30,66,768,768,cols,1.6026427334236215,3.312363862991333,5.996555805206299,7.610659667989239e-05,0.3479575216770172,5.804178714752197,0.47610442591721774,402.17803955078125,1.2034504413604736,0.003283267840743065,0.28848880529403687,6.56531286239624,1.6178080227915737,3.2964770793914795,6.039336681365967,9.06867571757175e-05,0.3497253656387329,5.803295612335205
runs/fast_0605_1925,fast_0605_1925,fast,fast,40108032,blocks.5.mlp.fc2,0,6,35,66,768,3072,rows,0.9704166419366927,9.240418434143066,2.3502020835876465,0.0010723191080614924,0.19909045100212097,6.168498516082764,0.7675056703519865,250.86619567871094,0.8944495320320129,0.03631933033466339,0.21626286208629608,6.526576042175293,0.9726232567863183,8.851217269897461,2.4231297969818115,0.0010752248344942927,0.201496422290802,6.165508270263672
runs/fast_0605_1925,fast_0605_1925,fast,fast,40108032,blocks.6.mlp.fc2,0,7,41,66,768,3072,rows,0.982980739775162,7.132851600646973,2.5979483127593994,0.0010249686893075705,0.19803065061569214,6.140074729919434,0.7640557225664422,247.33709716796875,0.909389317035675,0.03669963404536247,0.21874000132083893,6.526255130767822,0.9854401507428961,6.942262172698975,2.6570241451263428,0.001024517696350813,0.20033082365989685,6.1370110511779785
runs/fast_0605_1925,fast_0605_1925,fast,fast,40108032,blocks.7.mlp.fc2,0,8,47,66,768,3072,rows,1.004401717889946,5.7426276206970215,2.9625072479248047,0.0010564500698819757,0.2081100195646286,6.105214595794678,0.7561531768868308,250.8934326171875,0.9213364720344543,0.03791804239153862,0.2232898473739624,6.526194095611572,1.009008829066113,5.58452844619751,3.0340845584869385,0.0010597676737233996,0.21075040102005005,6.101651191711426
runs/fast_0605_1925,fast_0605_1925,fast,fast,40108032,blocks.8.mlp.fc2,0,9,53,66,768,3072,rows,1.0165452918292477,5.1153340339660645,3.0963659286499023,0.001007620943710208,0.20814937353134155,6.089845180511475,0.7552245830328915,248.53274536132812,0.928438127040863,0.03688795119524002,0.22480838000774384,6.525140762329102,1.0222498258486599,4.973476409912109,3.173712968826294,0.0010131810558959842,0.2109566330909729,6.0858869552612305
runs/fast_0605_1925,fast_0605_1925,fast,fast,40108032,blocks.9.mlp.fc2,0,10,59,66,768,3072,rows,1.036399870038769,4.627280235290527,3.3219408988952637,0.0010485206730663776,0.21508607268333435,6.074362277984619,0.7529575393807341,246.94956970214844,0.9364829659461975,0.038034554570913315,0.22556985914707184,6.525751113891602,1.0429800710907686,4.524095058441162,3.3944549560546875,0.0010555597255006433,0.2178555727005005,6.070411205291748
runs/fast_0605_1925,fast_0605_1925,fast,fast,40108032,blocks.10.mlp.fc2,0,11,65,66,768,3072,rows,1.1074828623563318,3.9225661754608154,3.935004472732544,0.0011670090025290847,0.2397327423095703,6.037864685058594,0.7477164075565912,251.63491821289062,0.9399388432502747,0.03843250125646591,0.2285752147436142,6.525815963745117,1.1213505154567052,3.8292415142059326,4.029543399810791,0.0011751322308555245,0.24318528175354004,6.033216953277588
runs/fast_0605_1925,fast_0605_1925,fast,fast,50069504,blocks.0.attn.q_proj,0,0,0,66,768,768,cols,1.9789127897385015,4.661606311798096,6.774200439453125,1.2806376616936177e-05,0.4384591579437256,6.049278259277344,0.4075491883041933,422.0726013183594,1.203650951385498,5.9368725487729535e-05,0.22948041558265686,6.60012149810791,2.009721292853427,4.616908550262451,6.842026233673096,5.084916119812988e-05,0.44111213088035583,6.048117160797119
runs/fast_0605_1925,fast_0605_1925,fast,fast,50069504,blocks.1.attn.q_proj,0,1,6,66,768,768,cols,2.299553109060255,3.033637046813965,7.418564319610596,5.523539584828541e-06,0.4344877302646637,5.459714889526367,0.5630351125880432,353.6750793457031,1.2031538486480713,0.0011944713769480586,0.340973824262619,6.510575771331787,2.3147039450699705,3.0317394733428955,7.444969654083252,7.102259587554727e-06,0.4359513819217682,5.459227085113525
runs/fast_0605_1925,fast_0605_1925,fast,fast,50069504,blocks.2.attn.q_proj,0,2,12,66,768,768,cols,2.5308309297751292,2.5089938640594482,8.050935745239258,3.418562118895352e-05,0.4210641086101532,5.652050971984863,0.52116067104138,377.12762451171875,1.203790307044983,0.0009017267730087042,0.3175427317619324,6.538735389709473,2.5429213704165328,2.510634660720825,8.072067260742188,4.354096745373681e-05,0.422332227230072,5.651673316955566
runs/fast_0605_1925,fast_0605_1925,fast,fast,50069504,blocks.3.attn.q_proj,0,3,18,66,768,768,cols,6.689464586038938,2.429553508758545,13.484646797180176,6.373995711328462e-05,0.6934273838996887,5.620246887207031,0.5607822469920606,353.9610290527344,1.2036621570587158,0.0013242708519101143,0.3438659906387329,6.5063090324401855,6.863863486655958,2.400810718536377,13.665621757507324,6.959808524698019e-05,0.6990988850593567,5.618167877197266
runs/fast_0605_1925,fast_0605_1925,fast,fast,50069504,blocks.4.attn.q_proj,0,4,24,66,768,768,cols,5.062395814846612,2.5951569080352783,11.680346488952637,2.5517896574456245e-05,0.6226939558982849,5.5547332763671875,0.5667383038575461,348.4624938964844,1.2036888599395752,0.00024243167717941105,0.34139391779899597,6.50801420211792,5.140774862401975,2.5793397426605225,11.774386405944824,2.5002827896969393e-05,0.6260130405426025,5.553680896759033
runs/fast_0605_1925,fast_0605_1925,fast,fast,50069504,blocks.5.attn.q_proj,0,5,30,66,768,768,cols,1.6673604667738164,2.8258728981018066,6.219799518585205,6.937272587492771e-07,0.33152642846107483,5.865899085998535,0.4647531024858242,405.739013671875,1.2032641172409058,0.0016253468347713351,0.27967411279678345,6.571357727050781,1.6918122452852855,2.7994043827056885,6.28535795211792,3.830134119198192e-06,0.33371007442474365,5.864604473114014
runs/fast_0605_1925,fast_0605_1925,fast,fast,50069504,blocks.5.mlp.fc2,0,6,35,66,768,3072,rows,0.9619874434131485,12.590407371520996,1.7321158647537231,0.0009410122875124216,0.15896564722061157,6.255295276641846,0.777799833866651,246.6368865966797,0.8779010772705078,0.03821014612913132,0.20973128080368042,6.527578830718994,0.9625534644518972,11.722593307495117,1.8075249195098877,0.0009428381454199553,0.16057845950126648,6.2534894943237305
runs/fast_0605_1925,fast_0605_1925,fast,fast,50069504,blocks.6.mlp.fc2,0,7,41,66,768,3072,rows,0.9674857073628707,10.070788383483887,1.846094012260437,0.0009034209069795907,0.15484240651130676,6.23596715927124,0.7779815332273388,249.4415283203125,0.8720238208770752,0.03983601555228233,0.2087085247039795,6.528649806976318,0.9683158807297708,9.408882141113281,1.9244928359985352,0.0009077544091269374,0.15656183660030365,6.233941078186035
runs/fast_0605_1925,fast_0605_1925,fast,fast,50069504,blocks.7.mlp.fc2,0,8,47,66,768,3072,rows,0.9729473561383937,7.807186126708984,2.105558395385742,0.0008507104939781129,0.159735307097435,6.2113118171691895,0.7754637582225353,253.39732360839844,0.8701721429824829,0.036191340535879135,0.20900315046310425,6.529669761657715,0.9743482306790905,7.385301113128662,2.181917667388916,0.0008507430902682245,0.16151581704616547,6.209237098693848
runs/fast_0605_1925,fast_0605_1925,fast,fast,50069504,blocks.8.mlp.fc2,0,9,53,66,768,3072,rows,0.9792681538228053,6.525327682495117,2.291879415512085,0.0008881037938408554,0.16246384382247925,6.192814826965332,0.775789096433888,253.6640625,0.8691978454589844,0.037825774401426315,0.20895545184612274,6.52971076965332,0.9810466051410527,6.231881618499756,2.3630564212799072,0.0008895550272427499,0.16416463255882263,6.190855979919434
runs/fast_0605_1925,fast_0605_1925,fast,fast,50069504,blocks.9.mlp.fc2,0,10,59,66,768,3072,rows,0.9915031968720897,5.18406343460083,2.634183406829834,0.0008251831168308854,0.17017489671707153,6.176148414611816,0.7745757714226891,251.1951904296875,0.8764248490333557,0.034151189029216766,0.2098710536956787,6.5294928550720215,0.9944092166093325,4.990078926086426,2.705641984939575,0.00082565494813025,0.17195038497447968,6.174159049987793
runs/fast_0605_1925,fast_0605_1925,fast,fast,50069504,blocks.10.mlp.fc2,0,11,65,66,768,3072,rows,1.0599860300429007,3.5352725982666016,3.607259750366211,0.0009359053801745176,0.20126782357692719,6.131122589111328,0.7686150688349133,250.32276916503906,0.8918728828430176,0.03539414703845978,0.2134981006383896,6.529151916503906,1.0698649692230844,3.42471981048584,3.6984665393829346,0.0009388260659761727,0.2036552131175995,6.128710746765137
runs/fast_0605_1925,fast_0605_1925,fast,fast,60030976,blocks.0.attn.q_proj,0,0,0,66,768,768,cols,2.0899887749006663,4.013006210327148,6.997785568237305,0.00016033058636821806,0.4310118854045868,6.00047492980957,0.4278464522288448,418.1836242675781,1.203770399093628,0.0019369397778064013,0.2467011660337448,6.591896057128906,2.1550803684505793,3.965648889541626,7.123810768127441,0.00011841396189993247,0.4371992349624634,5.995809555053711
runs/fast_0605_1925,fast_0605_1925,fast,fast,60030976,blocks.1.attn.q_proj,0,1,6,66,768,768,cols,2.964530235009099,2.574415445327759,8.657776832580566,1.813459675759077e-05,0.46928030252456665,5.457230567932129,0.5946212752016096,333.4422912597656,1.2034454345703125,7.000147888902575e-05,0.35755982995033264,6.484171390533447,3.075857158000456,2.5319926738739014,8.84339427947998,4.0539387555327266e-05,0.47583961486816406,5.451729774475098
runs/fast_0605_1925,fast_0605_1925,fast,fast,60030976,blocks.2.attn.q_proj,0,2,12,66,768,768,cols,3.6874285746611983,1.936700463294983,9.936765670776367,1.0761641533463262e-05,0.46521881222724915,5.605472087860107,0.5468980757679883,362.6490783691406,1.2035833597183228,0.0026229077484458685,0.3326265811920166,6.5215654373168945,3.7941015163003926,1.9188028573989868,10.089241027832031,1.8537815776653588e-05,0.4705810546875,5.601507663726807
runs/fast_0605_1925,fast_0605_1925,fast,fast,60030976,blocks.3.attn.q_proj,0,3,18,66,768,768,cols,9.998684564918161,1.9503536224365234,16.554452896118164,1.194775336443854e-06,0.7780983448028564,5.561411380767822,0.6012093911878816,329.8255310058594,1.2031261920928955,0.0005330310668796301,0.364212304353714,6.472823619842529,10.715833221012739,1.8998737335205078,17.146488189697266,3.129785545752384e-05,0.7972458600997925,5.5521464347839355
runs/fast_0605_1925,fast_0605_1925,fast,fast,60030976,blocks.4.attn.q_proj,0,4,24,66,768,768,cols,6.683402985245569,2.2673428058624268,13.413358688354492,5.18000524607487e-06,0.6775360703468323,5.5237860679626465,0.5945199640429231,330.84893798828125,1.2031017541885376,0.0012460390571504831,0.3540613651275635,6.487141132354736,6.989792155695073,2.2337639331817627,13.71816349029541,5.306202979227237e-07,0.688819944858551,5.517362594604492
runs/fast_0605_1925,fast_0605_1925,fast,fast,60030976,blocks.5.attn.q_proj,0,5,30,66,768,768,cols,1.9236610424760179,2.583646297454834,6.845550537109375,2.1415303308458533e-06,0.3512379229068756,5.871289253234863,0.46298511264591946,407.7880554199219,1.2033971548080444,0.0009629676351323724,0.2791990339756012,6.572010517120361,1.950065813812819,2.577150344848633,6.902456760406494,5.4648626246489584e-05,0.3540417551994324,5.869044303894043
runs/fast_0605_1925,fast_0605_1925,fast,fast,60030976,blocks.5.mlp.fc2,0,6,35,66,768,3072,rows,0.9569113551749637,16.200483322143555,1.596494197845459,0.000808924378361553,0.1636560708284378,6.269606113433838,0.7787166585574549,246.7924346923828,0.8757288455963135,0.03495892509818077,0.20947015285491943,6.527396202087402,0.9570536175153204,15.373449325561523,1.6501212120056152,0.0008139455458149314,0.16525216400623322,6.267735004425049
runs/fast_0605_1925,fast_0605_1925,fast,fast,60030976,blocks.6.mlp.fc2,0,7,41,66,768,3072,rows,0.9618122824764248,13.472538948059082,1.6730010509490967,0.0008555845124647021,0.15963520109653473,6.250884056091309,0.778928641144924,250.29949951171875,0.8684268593788147,0.03614412620663643,0.20808058977127075,6.528876781463623,0.9620533782569132,12.842828750610352,1.7258025407791138,0.0008581233560107648,0.161238431930542,6.2489213943481445
runs/fast_0605_1925,fast_0605_1925,fast,fast,60030976,blocks.7.mlp.fc2,0,8,47,66,768,3072,rows,0.9672057251661744,9.63083553314209,1.993201732635498,0.0008138141129165888,0.16587583720684052,6.222766399383545,0.7774854389122487,253.05487060546875,0.8663659691810608,0.036056037992239,0.20817464590072632,6.529435157775879,0.9679420205300525,9.265153884887695,2.0473079681396484,0.0008176998235285282,0.16758309304714203,6.220682621002197
runs/fast_0605_1925,fast_0605_1925,fast,fast,60030976,blocks.8.mlp.fc2,0,9,53,66,768,3072,rows,0.9717967999972505,8.358563423156738,2.1416175365448,0.0008326219976879656,0.17000673711299896,6.199552059173584,0.7773320956639107,247.92787170410156,0.8756949305534363,0.03820411115884781,0.20820647478103638,6.529542922973633,0.9726760459566394,8.11111068725586,2.1894595623016357,0.0008369131246581674,0.17161045968532562,6.1975836753845215
runs/fast_0605_1925,fast_0605_1925,fast,fast,60030976,blocks.9.mlp.fc2,0,10,59,66,768,3072,rows,0.9816775286408349,6.615952968597412,2.4492218494415283,0.0008582061273045838,0.1766231656074524,6.183938503265381,0.7784974492908675,246.9267120361328,0.8748956322669983,0.03534436970949173,0.20773842930793762,6.529373645782471,0.9829371043983908,6.479990005493164,2.49092960357666,0.000858574640005827,0.17810149490833282,6.182193279266357
runs/fast_0605_1925,fast_0605_1925,fast,fast,60030976,blocks.10.mlp.fc2,0,11,65,66,768,3072,rows,1.0165280166248793,5.040311813354492,3.1043598651885986,0.0010466035455465317,0.2027559131383896,6.1462321281433105,0.7753910096527448,252.28651428222656,0.8724892735481262,0.03770263493061066,0.20919474959373474,6.529679298400879,1.0194365829061924,4.970633029937744,3.1460041999816895,0.0010475896997377276,0.20435185730457306,6.144435882568359
runs/fast_0605_1925,fast_0605_1925,fast,fast,70123520,blocks.0.attn.q_proj,0,0,0,66,768,768,cols,1.8037817232885291,4.0138349533081055,6.414758682250977,5.91659227211494e-05,0.39407414197921753,6.003684043884277,0.4124645689638909,420.2124328613281,1.2036635875701904,0.0025350796058773994,0.2312619835138321,6.59977912902832,1.8176899834429958,3.997997283935547,6.449180603027344,5.9741516452049837e-05,0.3955287039279938,6.00322151184082
runs/fast_0605_1925,fast_0605_1925,fast,fast,70123520,blocks.1.attn.q_proj,0,1,6,66,768,768,cols,3.498074990753388,2.479076862335205,9.463482856750488,3.609251507441513e-05,0.5053423643112183,5.437851905822754,0.5767000745455282,345.59478759765625,1.2035548686981201,0.0009931465610861778,0.3505241870880127,6.497223854064941,3.535463763745829,2.467174530029297,9.521679878234863,3.7663256080122665e-05,0.5073145031929016,5.437132358551025
runs/fast_0605_1925,fast_0605_1925,fast,fast,70123520,blocks.2.attn.q_proj,0,2,12,66,768,768,cols,2.5399043351229302,2.3623104095458984,8.060901641845703,5.640424933517352e-05,0.4105331003665924,5.662075519561768,0.5142932267008081,381.4765625,1.2036830186843872,0.003004103899002075,0.31315499544143677,6.543403148651123,2.5486300339668695,2.3653881549835205,8.07606315612793,4.792074832948856e-05,0.4115837812423706,5.66173791885376
runs/fast_0605_1925,fast_0605_1925,fast,fast,70123520,blocks.3.attn.q_proj,0,3,18,66,768,768,cols,7.291630032461409,2.168405055999756,14.094950675964355,2.016113285208121e-05,0.6901124715805054,5.628050804138184,0.5393654672337167,366.73504638671875,1.2039165496826172,0.0017261272296309471,0.3308006227016449,6.523580074310303,7.354827823129244,2.1632957458496094,14.157022476196289,2.6192115910816938e-05,0.6924498677253723,5.627678394317627
runs/fast_0605_1925,fast_0605_1925,fast,fast,70123520,blocks.4.attn.q_proj,0,4,24,66,768,768,cols,6.392047509778549,2.2268526554107666,13.17952823638916,4.39270879724063e-05,0.6564160585403442,5.5670905113220215,0.5439238843577298,364.013671875,1.2031574249267578,0.0008542274590581656,0.3304399847984314,6.523825645446777,6.429843729822229,2.2254838943481445,13.218655586242676,6.291630415944383e-05,0.6582075953483582,5.566964149475098
runs/fast_0605_1925,fast_0605_1925,fast,fast,70123520,blocks.5.attn.q_proj,0,5,30,66,768,768,cols,2.7180032954485007,2.0763609409332275,8.44990062713623,8.012326725292951e-05,0.3939865529537201,5.866951942443848,0.4579071661188186,409.4267578125,1.203310489654541,0.0016688810428604484,0.27457308769226074,6.575173377990723,2.745726763660597,2.0697407722473145,8.498187065124512,7.209825707832351e-05,0.3957456648349762,5.86631441116333
runs/fast_0605_1925,fast_0605_1925,fast,fast,70123520,blocks.5.mlp.fc2,0,6,35,66,768,3072,rows,0.9506267597116588,19.53778076171875,1.5526766777038574,0.0008333847508765757,0.17324090003967285,6.275796890258789,0.7755877129757924,244.77830505371094,0.8871628642082214,0.03609431907534599,0.21192313730716705,6.526782989501953,0.9506218042745491,18.91697883605957,1.5833964347839355,0.0008359733619727194,0.173993319272995,6.275310039520264
runs/fast_0605_1925,fast_0605_1925,fast,fast,70123520,blocks.6.mlp.fc2,0,7,41,66,768,3072,rows,0.9565405232979236,16.14325714111328,1.6128560304641724,0.0008374771568924189,0.16662442684173584,6.258408546447754,0.7780366624651839,245.7675323486328,0.8793129920959473,0.03752358630299568,0.2100818157196045,6.52723503112793,0.9565558713878605,15.728827476501465,1.639770746231079,0.0008389517315663397,0.1673654168844223,6.257890701293945
runs/fast_0605_1925,fast_0605_1925,fast,fast,70123520,blocks.7.mlp.fc2,0,8,47,66,768,3072,rows,0.9618489664761394,11.187779426574707,1.962751030921936,0.000816836953163147,0.17439132928848267,6.229637145996094,0.7773362940203509,251.81712341308594,0.869248628616333,0.036600008606910706,0.20870840549468994,6.529066562652588,0.9621306693107209,10.954863548278809,1.9908092021942139,0.0008186946506612003,0.17519675195217133,6.229055881500244
runs/fast_0605_1925,fast_0605_1925,fast,fast,70123520,blocks.8.mlp.fc2,0,9,53,66,768,3072,rows,0.9688534768306543,8.87708854675293,2.211768388748169,0.0008314372971653938,0.17969486117362976,6.205141544342041,0.779342213667035,251.83396911621094,0.8641455173492432,0.03677854314446449,0.20679925382137299,6.5299458503723145,0.9693907976294761,8.71917724609375,2.2400875091552734,0.000834382779430598,0.18053099513053894,6.204542636871338
runs/fast_0605_1925,fast_0605_1925,fast,fast,70123520,blocks.9.mlp.fc2,0,10,59,66,768,3072,rows,0.978964770950869,7.2551116943359375,2.5087084770202637,0.0007948040729388595,0.1883341372013092,6.1864094734191895,0.7793579747100643,252.6324462890625,0.8622496724128723,0.03368772193789482,0.20605677366256714,6.530617713928223,0.979691017789497,7.173559665679932,2.5314748287200928,0.0007959056529216468,0.18909604847431183,6.185927867889404
runs/fast_0605_1925,fast_0605_1925,fast,fast,70123520,blocks.10.mlp.fc2,0,11,65,66,768,3072,rows,1.0310032613753104,5.125992298126221,3.3246045112609863,0.0010160170495510101,0.21877142786979675,6.144803524017334,0.7772199788993045,253.70826721191406,0.8648285865783691,0.037170276045799255,0.20650653541088104,6.531373023986816,1.032953157052449,5.100854873657227,3.3444936275482178,0.001018853159621358,0.21967962384223938,6.144192695617676
runs/fast_0605_1925,fast_0605_1925,fast,fast,80084992,blocks.0.attn.q_proj,0,0,0,66,768,768,cols,2.100032069411654,3.3488047122955322,7.147181987762451,7.550913142040372e-05,0.40674883127212524,5.979449272155762,0.41687311852809417,420.0265197753906,1.2038732767105103,0.00287460396066308,0.2375384271144867,6.5963544845581055,2.1091798063161,3.348580837249756,7.166110515594482,4.9855123506858945e-05,0.40783965587615967,5.979177474975586
runs/fast_0605_1925,fast_0605_1925,fast,fast,80084992,blocks.1.attn.q_proj,0,1,6,66,768,768,cols,3.5708524672603956,2.5777220726013184,9.499550819396973,1.479826732975198e-05,0.5167127847671509,5.448923110961914,0.5844225726768216,340.0478820800781,1.203595757484436,0.00041360888280905783,0.35420510172843933,6.490561485290527,3.643313621698569,2.5498547554016113,9.611618995666504,9.441643669561017e-06,0.5201901793479919,5.446985244750977
runs/fast_0605_1925,fast_0605_1925,fast,fast,80084992,blocks.2.attn.q_proj,0,2,12,66,768,768,cols,5.081555186524956,1.6746686697006226,11.770360946655273,4.2353258322691545e-05,0.5175052881240845,5.588819980621338,0.5389604979010323,368.13739013671875,1.2034218311309814,0.0024043258745223284,0.3280133008956909,6.527523517608643,5.141827617485718,1.6712716817855835,11.842098236083984,5.574185706791468e-05,0.5202566385269165,5.58740234375
runs/fast_0605_1925,fast_0605_1925,fast,fast,80084992,blocks.3.attn.q_proj,0,3,18,66,768,768,cols,9.05184148791628,1.8829708099365234,15.767850875854492,1.4941124391043559e-05,0.7254908084869385,5.621051788330078,0.5492768920571749,361.1383361816406,1.2039918899536133,0.001115881372243166,0.33602985739707947,6.51719856262207,9.268218997497538,1.8667961359024048,15.95828914642334,1.3628613487526309e-05,0.7316235899925232,5.618751525878906
runs/fast_0605_1925,fast_0605_1925,fast,fast,80084992,blocks.4.attn.q_proj,0,4,24,66,768,768,cols,6.041400779898482,2.2175207138061523,12.820534706115723,1.8640028429217637e-05,0.6353057026863098,5.59830904006958,0.5443675336300758,362.774169921875,1.2037203311920166,0.0006207028636708856,0.3294591009616852,6.524626731872559,6.141171898852156,2.2027993202209473,12.929403305053711,2.0458284780033864e-05,0.6388475894927979,5.597221374511719
runs/fast_0605_1925,fast_0605_1925,fast,fast,80084992,blocks.5.attn.q_proj,0,5,30,66,768,768,cols,2.5552565545907413,2.1709773540496826,8.15240478515625,2.1660242055077106e-05,0.38650962710380554,5.885277271270752,0.4543869474820386,411.6635437011719,1.2036192417144775,0.00034505894291214645,0.27177682518959045,6.5773468017578125,2.575775643151566,2.16644549369812,8.189748764038086,1.0344659131078515e-05,0.38797610998153687,5.884686470031738
runs/fast_0605_1925,fast_0605_1925,fast,fast,80084992,blocks.5.mlp.fc2,0,6,35,66,768,3072,rows,0.9472170748526305,16.37354850769043,1.831657886505127,0.0008420615340583026,0.1878538429737091,6.275347709655762,0.7763900120089506,246.6571502685547,0.8816649913787842,0.03437067195773125,0.21113604307174683,6.527107238769531,0.9475393847413052,15.77294921875,1.874819278717041,0.000846227805595845,0.18903402984142303,6.274329662322998
runs/fast_0605_1925,fast_0605_1925,fast,fast,80084992,blocks.6.mlp.fc2,0,7,41,66,768,3072,rows,0.9547604201673063,13.253639221191406,1.9363385438919067,0.0008071060874499381,0.18271294236183167,6.25593900680542,0.7787182415443094,248.42837524414062,0.8723289370536804,0.03404650464653969,0.2084478735923767,6.528675079345703,0.9551775716162187,12.852103233337402,1.9759441614151,0.0008128593908622861,0.1839163899421692,6.254815101623535
runs/fast_0605_1925,fast_0605_1925,fast,fast,80084992,blocks.7.mlp.fc2,0,8,47,66,768,3072,rows,0.9659344490709986,9.148310661315918,2.3552138805389404,0.0008872224716469646,0.19098137319087982,6.224411964416504,0.7776169644722012,250.98875427246094,0.8697786331176758,0.035853080451488495,0.20801497995853424,6.529740333557129,0.9670344184583138,8.927605628967285,2.3966352939605713,0.000889972725417465,0.19231697916984558,6.2231621742248535
runs/fast_0605_1925,fast_0605_1925,fast,fast,80084992,blocks.8.mlp.fc2,0,9,53,66,768,3072,rows,0.9740498720697793,8.067562103271484,2.527967691421509,0.0008319576154462993,0.1969323456287384,6.200963020324707,0.7782129934356695,252.46929931640625,0.8653691411018372,0.032190173864364624,0.2072628289461136,6.529907703399658,0.9755292076980459,7.898981094360352,2.568392038345337,0.0008349051931872964,0.19831500947475433,6.199617385864258
runs/fast_0605_1925,fast_0605_1925,fast,fast,80084992,blocks.9.mlp.fc2,0,10,59,66,768,3072,rows,1.0031623768339213,5.950054168701172,3.0474627017974854,0.0008584599709138274,0.2099902182817459,6.175421237945557,0.7762441019162771,254.01353454589844,0.8673991560935974,0.03419756889343262,0.20845705270767212,6.529949188232422,1.0068640195293275,5.81594181060791,3.101365089416504,0.0008646189817227423,0.21169261634349823,6.173797130584717
runs/fast_0605_1925,fast_0605_1925,fast,fast,80084992,blocks.10.mlp.fc2,0,11,65,66,768,3072,rows,1.1328692913670964,4.062902927398682,4.1629180908203125,0.0010530897416174412,0.24845901131629944,6.126291275024414,0.769593836489588,251.0384521484375,0.8882964253425598,0.03403573855757713,0.21294870972633362,6.529151439666748,1.1460279728332103,3.9726216793060303,4.2423014640808105,0.0010579191148281097,0.25091513991355896,6.124000549316406
runs/fast_0605_1925,fast_0605_1925,fast,fast,90046464,blocks.0.attn.q_proj,0,0,0,66,768,768,cols,1.9961895082682646,3.4903628826141357,6.875587463378906,0.00015640872879885137,0.40119463205337524,5.9626665115356445,0.4200186166462133,419.5341491699219,1.2036794424057007,0.0013768641510978341,0.23955731093883514,6.595580101013184,2.0099579149754137,3.4765074253082275,6.906715393066406,0.00015038554556667805,0.4022715389728546,5.962697505950928
runs/fast_0605_1925,fast_0605_1925,fast,fast,90046464,blocks.1.attn.q_proj,0,1,6,66,768,768,cols,3.9999572563875185,2.255385160446167,10.24844741821289,7.9214500146918e-05,0.5224814414978027,5.448997974395752,0.5801978560642839,343.06866455078125,1.20335054397583,0.0004515064647421241,0.35216468572616577,6.494085788726807,4.0305251455005635,2.2530879974365234,10.288322448730469,9.804518049350008e-05,0.5243164896965027,5.448267459869385
runs/fast_0605_1925,fast_0605_1925,fast,fast,90046464,blocks.2.attn.q_proj,0,2,12,66,768,768,cols,4.203006567258203,1.8363316059112549,10.654891014099121,7.135017949622124e-05,0.4870384931564331,5.61626672744751,0.5235491573154819,375.2582702636719,1.2040530443191528,0.00028767745243385434,0.3183627426624298,6.537516117095947,4.213904124066485,1.8383134603500366,10.668853759765625,6.338127423077822e-05,0.4879269003868103,5.616208553314209
runs/fast_0605_1925,fast_0605_1925,fast,fast,90046464,blocks.3.attn.q_proj,0,3,18,66,768,768,cols,10.003072879780833,1.7644890546798706,16.59685707092285,2.0347657482489012e-05,0.7429603934288025,5.612518310546875,0.5402786441722037,367.5035095214844,1.2037032842636108,8.361748768948019e-06,0.33149343729019165,6.523414611816406,10.16262033538018,1.755155324935913,16.730670928955078,2.0434350517462008e-05,0.7472781538963318,5.6112141609191895
runs/fast_0605_1925,fast_0605_1925,fast,fast,90046464,blocks.4.attn.q_proj,0,4,24,66,768,768,cols,7.178158781711875,1.944565773010254,14.02383804321289,2.1509438738576137e-05,0.655379056930542,5.60041618347168,0.535981936070545,369.27508544921875,1.2030179500579834,0.0018801105907186866,0.32588818669319153,6.5295796394348145,7.23221324030825,1.9413975477218628,14.077564239501953,2.4081433366518468e-05,0.6574357151985168,5.600028038024902
runs/fast_0605_1925,fast_0605_1925,fast,fast,90046464,blocks.5.attn.q_proj,0,5,30,66,768,768,cols,2.6746503785925135,2.138036012649536,8.370497703552246,0.00010974582255585119,0.39438751339912415,5.884672164916992,0.44867429205180787,412.8150329589844,1.2034226655960083,0.00046274770284071565,0.26735183596611023,6.579930305480957,2.6832874301726024,2.1388778686523438,8.385674476623535,9.192112338496372e-05,0.3951757848262787,5.884634017944336
runs/fast_0605_1925,fast_0605_1925,fast,fast,90046464,blocks.5.mlp.fc2,0,6,35,66,768,3072,rows,0.9448439710812231,15.589873313903809,1.985464096069336,0.0009207887924276292,0.1997223198413849,6.2710442543029785,0.7750208660308587,246.40284729003906,0.8855834007263184,0.033555664122104645,0.21225018799304962,6.5267653465271,0.9451955318139479,15.180627822875977,2.018446922302246,0.0009221869986504316,0.2005239874124527,6.270608901977539
runs/fast_0605_1925,fast_0605_1925,fast,fast,90046464,blocks.6.mlp.fc2,0,7,41,66,768,3072,rows,0.952032383212919,13.263082504272461,2.034280300140381,0.0008950872579589486,0.1924748569726944,6.251708507537842,0.7780681845512426,247.6837921142578,0.8757307529449463,0.03550311177968979,0.20991723239421844,6.5273261070251465,0.9523871787448681,12.964614868164062,2.06394362449646,0.0008967712055891752,0.19321811199188232,6.251303672790527
runs/fast_0605_1925,fast_0605_1925,fast,fast,90046464,blocks.7.mlp.fc2,0,8,47,66,768,3072,rows,0.9689894072235931,8.632277488708496,2.554499626159668,0.0008418248617090285,0.20227459073066711,6.218996047973633,0.7779032097907999,248.45465087890625,0.8737344145774841,0.03263600915670395,0.20832939445972443,6.529106616973877,0.9701329431621643,8.464961051940918,2.5882225036621094,0.0008442159160040319,0.2031193971633911,6.218548774719238
runs/fast_0605_1925,fast_0605_1925,fast,fast,90046464,blocks.8.mlp.fc2,0,9,53,66,768,3072,rows,0.9853042891754727,7.1653008460998535,2.847033739089966,0.0008575101965107024,0.21123652160167694,6.189468860626221,0.7785126597297736,245.78199768066406,0.876883327960968,0.032097913324832916,0.20768600702285767,6.529483795166016,0.9871471611761458,7.034028053283691,2.8833189010620117,0.0008582524606026709,0.21213623881340027,6.1890177726745605
runs/fast_0605_1925,fast_0605_1925,fast,fast,90046464,blocks.9.mlp.fc2,0,10,59,66,768,3072,rows,1.0384444696251147,5.062548637390137,3.51080060005188,0.0008668909431435168,0.2260104864835739,6.161471366882324,0.7775207464016551,250.0944061279297,0.8712657690048218,0.03413930535316467,0.20803044736385345,6.529430389404297,1.042248180559877,4.988543510437012,3.5495729446411133,0.0008689416572451591,0.22702285647392273,6.160951614379883
runs/fast_0605_1925,fast_0605_1925,fast,fast,90046464,blocks.10.mlp.fc2,0,11,65,66,768,3072,rows,1.341070949147042,3.0452942848205566,5.190265655517578,0.0009129493846558034,0.2736436426639557,6.108630657196045,0.7715009226961405,248.21351623535156,0.8887668251991272,0.03239000216126442,0.21166478097438812,6.529343128204346,1.3576815743386472,3.0028326511383057,5.253402233123779,0.0009174679289571941,0.27536740899086,6.107646465301514
runs/fast_0605_1925,fast_0605_1925,fast,fast,100007936,blocks.0.attn.q_proj,0,0,0,66,768,768,cols,4.344871646739947,2.292503595352173,10.632124900817871,2.1664354790118523e-06,0.5277047157287598,5.8654303550720215,0.4370261585851998,417.8326110839844,1.2037245035171509,0.008240566588938236,0.2557198703289032,6.587559700012207,4.364414789492229,2.2933523654937744,10.657591819763184,7.567678403574973e-05,0.5290267467498779,5.865551948547363
runs/fast_0605_1925,fast_0605_1925,fast,fast,100007936,blocks.1.attn.q_proj,0,1,6,66,768,768,cols,5.887999718127494,1.9812084436416626,12.58622932434082,6.330435280688107e-05,0.6063993573188782,5.401167392730713,0.6100855426085118,324.05828857421875,1.202949047088623,0.001067650387994945,0.3661000430583954,6.468384742736816,6.086038806778243,1.954552173614502,12.80744457244873,5.7102704886347055e-05,0.6133027672767639,5.397599697113037
runs/fast_0605_1925,fast_0605_1925,fast,fast,100007936,blocks.2.attn.q_proj,0,2,12,66,768,768,cols,5.448978273437741,1.6819796562194824,12.199845314025879,7.215444202302024e-05,0.537305474281311,5.598985195159912,0.5312448823212801,373.11956787109375,1.2036393880844116,0.0025655177887529135,0.32440122961997986,6.532103538513184,5.489837504219319,1.6813207864761353,12.246820449829102,6.008200944052078e-05,0.5393038988113403,5.598359107971191
runs/fast_0605_1925,fast_0605_1925,fast,fast,100007936,blocks.3.attn.q_proj,0,3,18,66,768,768,cols,9.670147894213184,1.8417590856552124,16.30473518371582,1.9381672245799564e-05,0.7432665824890137,5.624450206756592,0.5436709850013481,366.7192687988281,1.2036504745483398,0.0012084700865671039,0.3338094651699066,6.52147102355957,9.906899958772902,1.8272864818572998,16.506162643432617,2.0007935745525174e-05,0.7499802112579346,5.622126579284668
runs/fast_0605_1925,fast_0605_1925,fast,fast,100007936,blocks.4.attn.q_proj,0,4,24,66,768,768,cols,9.661750080124667,1.7628402709960938,16.313762664794922,4.1912702727131546e-05,0.7317448854446411,5.574648857116699,0.5592340170228667,354.3640441894531,1.2036412954330444,0.0008259392925538123,0.3377806842327118,6.514143943786621,9.959345001516882,1.745823621749878,16.566242218017578,6.27520348643884e-05,0.7400909066200256,5.571281433105469
runs/fast_0605_1925,fast_0605_1925,fast,fast,100007936,blocks.5.attn.q_proj,0,5,30,66,768,768,cols,3.8519727626794587,1.8154911994934082,10.211785316467285,6.535717693623155e-05,0.4508085250854492,5.860156536102295,0.4595835836104676,409.5113220214844,1.2035138607025146,3.5406304959906265e-05,0.2762223780155182,6.57413387298584,3.9019023704861593,1.8092846870422363,10.28140640258789,4.5002529077464715e-05,0.4532970190048218,5.859216213226318
runs/fast_0605_1925,fast_0605_1925,fast,fast,100007936,blocks.5.mlp.fc2,0,6,35,66,768,3072,rows,0.9465391435258219,14.28518295288086,2.213320016860962,0.001028367318212986,0.2154814451932907,6.264698028564453,0.7775027829421326,246.9139404296875,0.8784632086753845,0.03540898859500885,0.21043682098388672,6.526987552642822,0.9473987053878029,13.90534496307373,2.2538070678710938,0.0010319026187062263,0.21678298711776733,6.263818740844727
runs/fast_0605_1925,fast_0605_1925,fast,fast,100007936,blocks.6.mlp.fc2,0,7,41,66,768,3072,rows,0.9624625459460378,10.089174270629883,2.513685703277588,0.0008764477097429335,0.21134082973003387,6.240394115447998,0.7793049790631971,246.8079833984375,0.8744395971298218,0.030931303277611732,0.20944342017173767,6.526986122131348,0.9640310794422784,9.824288368225098,2.5601391792297363,0.0008798164199106395,0.2127208560705185,6.239388942718506
runs/fast_0605_1925,fast_0605_1925,fast,fast,100007936,blocks.7.mlp.fc2,0,8,47,66,768,3072,rows,1.0013167518126318,6.869244575500488,3.133209705352783,0.0008972763316705823,0.22689580917358398,6.200357437133789,0.7783678508453467,252.8451690673828,0.8649816513061523,0.03389338031411171,0.20823422074317932,6.528754711151123,1.005575950008391,6.700150489807129,3.1909093856811523,0.0009034982649609447,0.22861391305923462,6.1990180015563965
runs/fast_0605_1925,fast_0605_1925,fast,fast,100007936,blocks.8.mlp.fc2,0,9,53,66,768,3072,rows,1.0420227769969024,5.589605331420898,3.527031898498535,0.0009497881983406842,0.23723019659519196,6.169421195983887,0.7770981577370252,248.64816284179688,0.8752536177635193,0.033884722739458084,0.20869894325733185,6.529306888580322,1.047430397742827,5.497781753540039,3.5768301486968994,0.0009544608183205128,0.23895663022994995,6.168082237243652
runs/fast_0605_1925,fast_0605_1925,fast,fast,100007936,blocks.9.mlp.fc2,0,10,59,66,768,3072,rows,1.1285251624853188,4.401684284210205,4.135399341583252,0.0010140351951122284,0.2542826533317566,6.139719009399414,0.771048876710914,248.97476196289062,0.8885293006896973,0.03331035003066063,0.2121577262878418,6.528927803039551,1.1379054608063421,4.340397834777832,4.190667629241943,0.0010199089301750064,0.2562792897224426,6.138108730316162
runs/fast_0605_1925,fast_0605_1925,fast,fast,100007936,blocks.10.mlp.fc2,0,11,65,66,768,3072,rows,1.4303204362576147,3.418954849243164,5.35262393951416,0.0011147676268592477,0.3038780093193054,6.0773701667785645,0.7620717582591745,250.5460662841797,0.9074653387069702,0.034373652189970016,0.2185610979795456,6.527769565582275,1.4479710149870961,3.390570640563965,5.409318447113037,0.0011265079956501722,0.3061835467815399,6.075554847717285
runs/manual_f3_s2_0605_1925,manual_f3_s2_0605_1925,manual,manual_f3_s2,10092544,blocks.0.attn.q_proj,0,0,0,66,768,768,cols,79.37221846329915,4.035281181335449,42.12800216674805,0.00031270866747945547,2.8784759044647217,5.359033584594727,0.7088781692095728,307.2867736816406,1.0036920309066772,0.0002779237402137369,0.3395395278930664,6.413946628570557,80.44981680508495,3.9797940254211426,42.57204818725586,0.0004187346203252673,2.889146566390991,5.358420372009277
runs/manual_f3_s2_0605_1925,manual_f3_s2_0605_1925,manual,manual_f3_s2,10092544,blocks.1.attn.q_proj,0,1,6,66,768,768,cols,1.5419601023910041,2.120689868927002,5.648741722106934,1.27549865283072e-05,0.2908784747123718,4.503380298614502,0.8852612406104057,133.21566772460938,1.0022239685058594,9.647585829952732e-05,0.3197886347770691,6.0285563468933105,1.552086951077702,2.1185495853424072,5.679492473602295,1.1481401088531129e-05,0.29232433438301086,4.502068519592285
runs/manual_f3_s2_0605_1925,manual_f3_s2_0605_1925,manual,manual_f3_s2,10092544,blocks.2.attn.q_proj,0,2,12,66,768,768,cols,1.3201989233431846,1.9050471782684326,4.923252582550049,8.809278142507537e-07,0.24153684079647064,4.211715221405029,0.9121797944197578,103.97587585449219,1.0022913217544556,6.309090531431139e-05,0.2990957498550415,5.894374847412109,1.3293421177636133,1.8975178003311157,4.9625678062438965,1.1339176353430958e-06,0.24299313127994537,4.210019588470459
runs/manual_f3_s2_0605_1925,manual_f3_s2_0605_1925,manual,manual_f3_s2,10092544,blocks.3.attn.q_proj,0,3,18,66,768,768,cols,2.704196897056844,2.1974565982818604,7.874146938323975,9.260005526812165e-07,0.4166097640991211,3.7884013652801514,0.9345631597165486,79.37947082519531,1.0026482343673706,5.72039934922941e-05,0.2774234414100647,5.66095495223999,2.7024242270818912,2.2063868045806885,7.86874532699585,1.181431457553117e-06,0.4171504080295563,3.7902562618255615
runs/manual_f3_s2_0605_1925,manual_f3_s2_0605_1925,manual,manual_f3_s2,10092544,blocks.4.attn.q_proj,0,4,24,66,768,768,cols,1.0381631797436257,1.8490455150604248,3.015638828277588,4.84263182443101e-07,0.14596721529960632,4.099091529846191,0.9176677345421682,98.51812744140625,1.002288818359375,4.6340310291270725e-06,0.29520002007484436,5.853829860687256,1.0373234396300832,1.8593344688415527,3.0039472579956055,4.1084189206230803e-07,0.14578792452812195,4.102813720703125
runs/manual_f3_s2_0605_1925,manual_f3_s2_0605_1925,manual,manual_f3_s2,10092544,blocks.5.attn.q_proj,0,5,30,66,768,768,cols,1.0431048517502106,2.2288360595703125,2.980661153793335,5.291624347592006e-07,0.1585581749677658,3.9581193923950195,0.9297832964966972,85.13067626953125,1.002336025238037,1.2466824045986868e-05,0.28231579065322876,5.759141445159912,1.0435646750186787,2.2225241661071777,2.9934098720550537,4.543736054074543e-07,0.15900477766990662,3.9590086936950684
runs/manual_f3_s2_0605_1925,manual_f3_s2_0605_1925,manual,manual_f3_s2,10092544,blocks.5.mlp.fc2,0,6,35,66,768,3072,rows,9.132327697451498,1.193349838256836,15.886561393737793,0.0014091162011027336,0.6163294315338135,4.905206203460693,0.9312929841772605,110.591796875,0.7312194108963013,0.008081004954874516,0.19305899739265442,6.2167534828186035,9.181748822350334,1.1959145069122314,15.92892074584961,0.0014134189113974571,0.6186564564704895,4.901350498199463
runs/manual_f3_s2_0605_1925,manual_f3_s2_0605_1925,manual,manual_f3_s2,10092544,blocks.6.mlp.fc2,0,7,41,66,768,3072,rows,8.87322826333955,1.180348515510559,15.658711433410645,0.0012965964851900935,0.6049273014068604,4.8475871086120605,0.9331003422119809,108.94525909423828,0.7275291681289673,0.007824784144759178,0.19270530343055725,6.201858043670654,8.920120463500087,1.1823254823684692,15.699714660644531,0.001299209543503821,0.6070352792739868,4.844176769256592
runs/manual_f3_s2_0605_1925,manual_f3_s2_0605_1925,manual,manual_f3_s2,10092544,blocks.7.mlp.fc2,0,8,47,66,768,3072,rows,9.449965710139947,1.1618597507476807,16.1645450592041,0.001191185787320137,0.6205254197120667,4.768667697906494,0.9343250922587383,102.02473449707031,0.7460341453552246,0.007553199306130409,0.1930747628211975,6.188971519470215,9.507337558579184,1.1631330251693726,16.213443756103516,0.0011933516943827271,0.6227614879608154,4.7653584480285645
runs/manual_f3_s2_0605_1925,manual_f3_s2_0605_1925,manual,manual_f3_s2,10092544,blocks.8.mlp.fc2,0,9,53,66,768,3072,rows,8.572953551679253,1.1736406087875366,15.388381958007812,0.0010580456582829356,0.5937283635139465,4.742828369140625,0.9376351865969653,99.40640258789062,0.7362556457519531,0.006395041476935148,0.19067876040935516,6.16841983795166,8.631031274604554,1.1746602058410645,15.440470695495605,0.0010613203048706055,0.5960177779197693,4.73950719833374
runs/manual_f3_s2_0605_1925,manual_f3_s2_0605_1925,manual,manual_f3_s2,10092544,blocks.9.mlp.fc2,0,10,59,66,768,3072,rows,7.943842640670904,1.1627476215362549,14.808534622192383,0.001012408989481628,0.5690854787826538,4.704233169555664,0.9406085865137965,96.42379760742188,0.7286966443061829,0.006484835874289274,0.18737754225730896,6.1567158699035645,7.993525302528306,1.1636182069778442,14.85498046875,0.001016251277178526,0.5711001753807068,4.7013068199157715
runs/manual_f3_s2_0605_1925,manual_f3_s2_0605_1925,manual,manual_f3_s2,10092544,blocks.10.mlp.fc2,0,11,65,66,768,3072,rows,7.122237775137524,1.1841181516647339,14.009584426879883,0.0010968174319714308,0.5431091785430908,4.687230587005615,0.9427275176567873,94.81869506835938,0.7220670580863953,0.006981605663895607,0.18616731464862823,6.139273643493652,7.181733303680314,1.184279203414917,14.068546295166016,0.0010944489622488618,0.5454576015472412,4.683993816375732
runs/manual_f3_s2_0605_1925,manual_f3_s2_0605_1925,manual,manual_f3_s2,20054016,blocks.0.attn.q_proj,0,0,0,66,768,768,cols,12.521015268237841,8.387768745422363,14.210755348205566,0.00014095974620431662,1.3154009580612183,5.808844089508057,0.541431196253294,467.99725341796875,1.0048006772994995,0.0006161238998174667,0.3159571588039398,6.518980026245117,12.769208886479657,8.120402336120605,14.524465560913086,0.00028605779516510665,1.3237074613571167,5.806997299194336
runs/manual_f3_s2_0605_1925,manual_f3_s2_0605_1925,manual,manual_f3_s2,20054016,blocks.1.attn.q_proj,0,1,6,66,768,768,cols,2.1195727344453807,3.803551197052002,6.731043815612793,1.493707259214716e-06,0.45296868681907654,4.990936279296875,0.8174097438924693,211.7024688720703,1.0031986236572266,7.253929652506486e-05,0.36592504382133484,6.1683454513549805,2.114627070558902,3.8390204906463623,6.7095746994018555,3.355509079483454e-06,0.45358067750930786,4.991267681121826
runs/manual_f3_s2_0605_1925,manual_f3_s2_0605_1925,manual,manual_f3_s2,20054016,blocks.2.attn.q_proj,0,2,12,66,768,768,cols,1.4856337135308768,4.107585906982422,5.192076206207275,1.3077989024168346e-05,0.36163872480392456,5.071759223937988,0.8139277922422584,213.52098083496094,1.0038070678710938,0.00021922447194810957,0.3626957833766937,6.19024658203125,1.520219085629554,3.9963419437408447,5.314291477203369,1.2167675777163822e-05,0.3652883768081665,5.067774772644043
runs/manual_f3_s2_0605_1925,manual_f3_s2_0605_1925,manual,manual_f3_s2,20054016,blocks.3.attn.q_proj,0,3,18,66,768,768,cols,2.3888560047707874,2.7725696563720703,7.625807762145996,1.2701601008302532e-05,0.43976691365242004,4.93467903137207,0.8476686064413145,179.17001342773438,1.0030421018600464,4.0047470974968746e-05,0.3591231405735016,6.05283260345459,2.530321345659018,2.643845796585083,7.9191575050354,9.62659851211356e-06,0.4463100731372833,4.929429531097412
runs/manual_f3_s2_0605_1925,manual_f3_s2_0605_1925,manual,manual_f3_s2,20054016,blocks.4.attn.q_proj,0,4,24,66,768,768,cols,1.1123092516246016,4.204717636108398,3.7361531257629395,3.8579969441343565e-06,0.2627783715724945,5.054563999176025,0.8134157304075929,216.04208374023438,1.0050973892211914,0.00020258952281437814,0.3692828118801117,6.1694536209106445,1.1186136000108298,4.154232978820801,3.7824578285217285,1.8226113525088294e-06,0.26449960470199585,5.052726745605469
runs/manual_f3_s2_0605_1925,manual_f3_s2_0605_1925,manual,manual_f3_s2,20054016,blocks.5.attn.q_proj,0,5,30,66,768,768,cols,1.1207327376303666,4.655891418457031,3.6883459091186523,3.4208867418783484e-06,0.2726001441478729,5.075092315673828,0.8123406070313413,216.89833068847656,1.004726529121399,2.855654020095244e-05,0.36854463815689087,6.175176620483398,1.131018986210759,4.5412917137146,3.7627530097961426,9.840922530202079e-07,0.27477017045021057,5.072517395019531
runs/manual_f3_s2_0605_1925,manual_f3_s2_0605_1925,manual,manual_f3_s2,20054016,blocks.5.mlp.fc2,0,6,35,66,768,3072,rows,1.0135583332858802,3.090102195739746,2.8095314502716064,0.0009747534641064703,0.15899688005447388,5.841859340667725,0.8306506718495007,218.96810913085938,0.8140166997909546,0.012816013768315315,0.21395936608314514,6.4745869636535645,1.0212154471775323,2.9185383319854736,2.9525253772735596,0.0009749674936756492,0.1630164086818695,5.833380222320557
runs/manual_f3_s2_0605_1925,manual_f3_s2_0605_1925,manual,manual_f3_s2,20054016,blocks.6.mlp.fc2,0,7,41,66,768,3072,rows,1.0043509246595719,3.3027830123901367,2.5590813159942627,0.0009504418121650815,0.14944949746131897,5.848300457000732,0.8232103583313967,222.62747192382812,0.8255691528320312,0.014351285062730312,0.21525877714157104,6.481199741363525,1.0090150921880157,3.1308069229125977,2.6773364543914795,0.0009525399655103683,0.15274891257286072,5.840950012207031
runs/manual_f3_s2_0605_1925,manual_f3_s2_0605_1925,manual,manual_f3_s2,20054016,blocks.7.mlp.fc2,0,8,47,66,768,3072,rows,1.0032220485557835,3.3046605587005615,2.5071871280670166,0.0008783804951235652,0.14669285714626312,5.845411777496338,0.8200096277371595,223.02227783203125,0.8325668573379517,0.013432590290904045,0.21610689163208008,6.483137130737305,1.007269332989589,3.1407723426818848,2.616924285888672,0.0008768072002567351,0.14973951876163483,5.838548183441162
runs/manual_f3_s2_0605_1925,manual_f3_s2_0605_1925,manual,manual_f3_s2,20054016,blocks.8.mlp.fc2,0,9,53,66,768,3072,rows,1.0045861702712504,3.252443552017212,2.53836727142334,0.0009266805718652904,0.1478835791349411,5.832659721374512,0.8213048551116988,224.2066192626953,0.8272896409034729,0.01480733510106802,0.2157830446958542,6.48250150680542,1.0084494841023595,3.107295036315918,2.6394102573394775,0.0009281280217692256,0.15072141587734222,5.826269149780273
runs/manual_f3_s2_0605_1925,manual_f3_s2_0605_1925,manual,manual_f3_s2,20054016,blocks.9.mlp.fc2,0,10,59,66,768,3072,rows,1.004081335115703,3.2912673950195312,2.5153567790985107,0.0009326367289759219,0.14792628586292267,5.816134929656982,0.8215773353272151,222.83096313476562,0.8294824361801147,0.015471271239221096,0.21653755009174347,6.4807024002075195,1.0072751143328835,3.161982297897339,2.6022350788116455,0.0009361656848341227,0.1503409445285797,5.810742378234863
runs/manual_f3_s2_0605_1925,manual_f3_s2_0605_1925,manual,manual_f3_s2,20054016,blocks.10.mlp.fc2,0,11,65,66,768,3072,rows,1.0150240414620952,3.0259592533111572,2.7858660221099854,0.0009114590939134359,0.1586868315935135,5.7734575271606445,0.8281537509758671,216.3918914794922,0.8259321451187134,0.015101446770131588,0.2161344289779663,6.4736528396606445,1.0194354128724303,2.9261250495910645,2.872141122817993,0.0009173258440569043,0.16120044887065887,5.76799201965332
runs/manual_f3_s2_0605_1925,manual_f3_s2_0605_1925,manual,manual_f3_s2,30015488,blocks.0.attn.q_proj,0,0,0,66,768,768,cols,6.0201810475907624,7.957508087158203,10.847027778625488,8.496877853758633e-05,0.9276986122131348,5.997282981872559,0.4471819828138861,553.873779296875,1.005769968032837,0.0009040595614351332,0.2865256667137146,6.55864953994751,6.115684984588889,7.83326530456543,10.97951602935791,0.00010219483374385163,0.9322291612625122,5.996336460113525
runs/manual_f3_s2_0605_1925,manual_f3_s2_0605_1925,manual,manual_f3_s2,30015488,blocks.1.attn.q_proj,0,1,6,66,768,768,cols,2.648933862409833,3.550023078918457,7.768825531005859,7.271823051269166e-06,0.5005182027816772,5.181029319763184,0.7838289490167464,247.2477569580078,1.00471830368042,8.934963989304379e-05,0.37432941794395447,6.235476493835449,2.6876864818156787,3.5284054279327393,7.836919784545898,8.79272283782484e-06,0.5034825205802917,5.179039478302002
runs/manual_f3_s2_0605_1925,manual_f3_s2_0605_1925,manual,manual_f3_s2,30015488,blocks.2.attn.q_proj,0,2,12,66,768,768,cols,2.0600434814000383,3.3488285541534424,6.83217716217041,1.546005478303414e-05,0.4233333468437195,5.334491729736328,0.7523435469577432,280.0744934082031,1.0032576322555542,9.230415162164718e-05,0.3749054968357086,6.296182632446289,2.0991303175087253,3.31266713142395,6.919147968292236,2.3505815988755785e-05,0.4265815019607544,5.332023620605469
runs/manual_f3_s2_0605_1925,manual_f3_s2_0605_1925,manual,manual_f3_s2,30015488,blocks.3.attn.q_proj,0,3,18,66,768,768,cols,2.750592452298167,4.465831756591797,7.886982440948486,9.971492431759543e-08,0.5613881945610046,5.290395259857178,0.7547256668716695,281.64044189453125,1.005272388458252,0.0004127144056838006,0.388796865940094,6.253430366516113,2.7814565664295454,4.440099239349365,7.941862106323242,1.9196972061763518e-05,0.5637337565422058,5.289863586425781
runs/manual_f3_s2_0605_1925,manual_f3_s2_0605_1925,manual,manual_f3_s2,30015488,blocks.4.attn.q_proj,0,4,24,66,768,768,cols,1.8600317158265491,3.525987386703491,6.574918270111084,1.0709240086725913e-05,0.4129226803779602,5.394491195678711,0.7364260635318527,298.4789123535156,1.0055370330810547,7.693468796787784e-05,0.38251492381095886,6.30355978012085,1.8955481594977204,3.4791345596313477,6.66145133972168,1.639146648813039e-05,0.4157481789588928,5.392917633056641
runs/manual_f3_s2_0605_1925,manual_f3_s2_0605_1925,manual,manual_f3_s2,30015488,blocks.5.attn.q_proj,0,5,30,66,768,768,cols,1.3133857479215152,4.703699588775635,4.772167205810547,1.889939812826924e-05,0.3407747149467468,5.531033992767334,0.705411772125845,327.92327880859375,1.0038492679595947,0.0007772943936288357,0.37323230504989624,6.3627824783325195,1.3398231425526217,4.542680740356445,4.893777370452881,2.7894211598322727e-05,0.3436983525753021,5.528802871704102
runs/manual_f3_s2_0605_1925,manual_f3_s2_0605_1925,manual,manual_f3_s2,30015488,blocks.5.mlp.fc2,0,6,35,66,768,3072,rows,0.9846717138633206,5.469775676727295,2.0452516078948975,0.0009477101848460734,0.14062491059303284,6.082488536834717,0.7639209622072654,274.9890441894531,0.8598529100418091,0.014441581442952156,0.21723198890686035,6.526037216186523,0.9865704721825082,5.0781049728393555,2.1531758308410645,0.0009494822006672621,0.14332707226276398,6.077591896057129
runs/manual_f3_s2_0605_1925,manual_f3_s2_0605_1925,manual,manual_f3_s2,30015488,blocks.6.mlp.fc2,0,7,41,66,768,3072,rows,0.9867764669501364,5.06540584564209,2.070240020751953,0.000921801954973489,0.13825903832912445,6.07338809967041,0.7620376896290455,277.3025817871094,0.859903872013092,0.014314703643321991,0.21768859028816223,6.526586055755615,0.9886831402035964,4.731718063354492,2.1736502647399902,0.0009235228644683957,0.1409572809934616,6.068310737609863
runs/manual_f3_s2_0605_1925,manual_f3_s2_0605_1925,manual,manual_f3_s2,30015488,blocks.7.mlp.fc2,0,8,47,66,768,3072,rows,0.9924494788834899,4.257071495056152,2.301229238510132,0.0007339158328250051,0.14312797784805298,6.055270671844482,0.7659164892011223,271.8641052246094,0.8608805537223816,0.012702655978500843,0.2169136106967926,6.525160789489746,0.9953643082867055,4.006529331207275,2.4088733196258545,0.0007365745841525495,0.14600804448127747,6.049952507019043
runs/manual_f3_s2_0605_1925,manual_f3_s2_0605_1925,manual,manual_f3_s2,30015488,blocks.8.mlp.fc2,0,9,53,66,768,3072,rows,1.0042504394070704,3.4453141689300537,2.649250030517578,0.0008123413426801562,0.15072129666805267,6.036623954772949,0.7755368509199029,265.41961669921875,0.8521727323532104,0.01272403821349144,0.21554653346538544,6.520705699920654,1.0095003808971859,3.2607038021087646,2.7698605060577393,0.0008156657568179071,0.15401344001293182,6.030766010284424
runs/manual_f3_s2_0605_1925,manual_f3_s2_0605_1925,manual,manual_f3_s2,30015488,blocks.9.mlp.fc2,0,10,59,66,768,3072,rows,1.0199766567256308,3.0650203227996826,2.969688653945923,0.0008229567902162671,0.16222934424877167,6.002934455871582,0.7845536128685198,260.3918762207031,0.8422592878341675,0.011856180615723133,0.2144513875246048,6.516165733337402,1.0279268296619073,2.9178295135498047,3.096991539001465,0.0008262283517979085,0.16575922071933746,5.996856212615967
runs/manual_f3_s2_0605_1925,manual_f3_s2_0605_1925,manual,manual_f3_s2,30015488,blocks.10.mlp.fc2,0,11,65,66,768,3072,rows,1.0641625687946499,2.671933174133301,3.537382125854492,0.0009501128806732595,0.1846950501203537,5.94421911239624,0.8025068862147833,243.77745056152344,0.832111656665802,0.012090451084077358,0.21207648515701294,6.505759239196777,1.0801716589815538,2.550477981567383,3.6894724369049072,0.0009530805400572717,0.18891817331314087,5.937469959259033
runs/manual_f3_s2_0605_1925,manual_f3_s2_0605_1925,manual,manual_f3_s2,40108032,blocks.0.attn.q_proj,0,0,0,66,768,768,cols,7.094617269896484,3.7316837310791016,13.464061737060547,0.00041732186218723655,0.8148552179336548,5.944116592407227,0.4962765306420925,511.4541015625,1.0053086280822754,0.0015095757553353906,0.3057023286819458,6.537339687347412,7.244449866344389,3.7082228660583496,13.613097190856934,0.00036861837725155056,0.8220953941345215,5.9411420822143555
runs/manual_f3_s2_0605_1925,manual_f3_s2_0605_1925,manual,manual_f3_s2,40108032,blocks.1.attn.q_proj,0,1,6,66,768,768,cols,4.110343747536286,3.081789493560791,10.091524124145508,1.72335967363324e-05,0.6068301200866699,5.202022552490234,0.7864699905196528,242.08848571777344,1.0046547651290894,9.966368088498712e-05,0.36915650963783264,6.241818904876709,4.227726765279779,3.045776844024658,10.252982139587402,2.0689360553660663e-06,0.6132173538208008,5.197566032409668
runs/manual_f3_s2_0605_1925,manual_f3_s2_0605_1925,manual,manual_f3_s2,40108032,blocks.2.attn.q_proj,0,2,12,66,768,768,cols,3.157795310608807,2.8686726093292236,8.976941108703613,2.619703627715353e-05,0.5111245512962341,5.436339855194092,0.716917677664854,315.969482421875,1.0044018030166626,0.0003819736884906888,0.3753015398979187,6.344651699066162,3.1703223803199845,2.879977226257324,8.99267578125,1.5917537893983535e-05,0.5130216479301453,5.435534954071045
runs/manual_f3_s2_0605_1925,manual_f3_s2_0605_1925,manual,manual_f3_s2,40108032,blocks.3.attn.q_proj,0,3,18,66,768,768,cols,8.203164518848663,2.9522042274475098,14.69112777709961,3.1567451515002176e-05,0.8534828424453735,5.29495906829834,0.7609950518960684,276.209716796875,1.0059641599655151,5.39387074240949e-05,0.390907883644104,6.237328052520752,8.271759881737173,2.9524178504943848,14.752094268798828,9.099560884351376e-06,0.8571186661720276,5.294088363647461
runs/manual_f3_s2_0605_1925,manual_f3_s2_0605_1925,manual,manual_f3_s2,40108032,blocks.4.attn.q_proj,0,4,24,66,768,768,cols,4.884983457862792,3.1912548542022705,11.226883888244629,2.128465894202236e-05,0.6720810532569885,5.4042253494262695,0.7301408486389092,306.3634033203125,1.0057919025421143,0.00011898988304892555,0.38536536693573,6.307156562805176,4.888655987365179,3.2137675285339355,11.221755981445312,2.719995245570317e-05,0.6741289496421814,5.403641223907471
runs/manual_f3_s2_0605_1925,manual_f3_s2_0605_1925,manual,manual_f3_s2,40108032,blocks.5.attn.q_proj,0,5,30,66,768,768,cols,2.41238634728192,2.9153101444244385,7.767175674438477,4.5904289436293766e-05,0.4346697926521301,5.665355682373047,0.6659891363274628,364.5557861328125,1.0052849054336548,0.0005666589713655412,0.36562493443489075,6.410027980804443,2.4812798623031944,2.878579616546631,7.8929829597473145,4.994645496481098e-05,0.4394255578517914,5.66181755065918
runs/manual_f3_s2_0605_1925,manual_f3_s2_0605_1925,manual,manual_f3_s2,40108032,blocks.5.mlp.fc2,0,6,35,66,768,3072,rows,0.9739402330237279,8.92105484008789,2.068385601043701,0.0008418413926847279,0.17779335379600525,6.11210823059082,0.7434525292257841,286.2418518066406,0.8811829090118408,0.012458523735404015,0.2208288609981537,6.53324031829834,0.9743983356543104,8.923967361450195,2.085294246673584,0.0008454472990706563,0.17964227497577667,6.109127998352051
runs/manual_f3_s2_0605_1925,manual_f3_s2_0605_1925,manual,manual_f3_s2,40108032,blocks.6.mlp.fc2,0,7,41,66,768,3072,rows,0.984599791199715,6.6389594078063965,2.4099655151367188,0.000870550749823451,0.18257389962673187,6.086908340454102,0.7502701094804398,282.94464111328125,0.8731936812400818,0.01367554347962141,0.21907751262187958,6.531517028808594,0.9857085702530031,6.595478057861328,2.439269781112671,0.0008773109293542802,0.18456706404685974,6.083613395690918
runs/manual_f3_s2_0605_1925,manual_f3_s2_0605_1925,manual,manual_f3_s2,40108032,blocks.7.mlp.fc2,0,8,47,66,768,3072,rows,1.0067291215191199,5.099205017089844,2.9145195484161377,0.0008957444224506617,0.197964146733284,6.053086757659912,0.7534117877824535,282.0164489746094,0.8686456084251404,0.012363793328404427,0.2184937596321106,6.530402183532715,1.0093846852057784,5.0546159744262695,2.954878091812134,0.0009003644227050245,0.200229674577713,6.049422740936279
runs/manual_f3_s2_0605_1925,manual_f3_s2_0605_1925,manual,manual_f3_s2,40108032,blocks.8.mlp.fc2,0,9,53,66,768,3072,rows,1.0049557632890131,5.315898895263672,2.8475377559661865,0.0009267812129110098,0.19835521280765533,6.046257495880127,0.7598393338412693,278.1766662597656,0.8617054224014282,0.01247415691614151,0.21619540452957153,6.529349327087402,1.0081287572005393,5.223904609680176,2.900186538696289,0.0009316451032646,0.20069260895252228,6.042523384094238
runs/manual_f3_s2_0605_1925,manual_f3_s2_0605_1925,manual,manual_f3_s2,40108032,blocks.9.mlp.fc2,0,10,59,66,768,3072,rows,1.0342441860705482,4.4816975593566895,3.2658934593200684,0.0009616825846023858,0.21229110658168793,6.019662857055664,0.7660080271366203,272.47357177734375,0.8588535189628601,0.0130498381331563,0.21552614867687225,6.52640962600708,1.039838392788755,4.404007911682129,3.3281004428863525,0.0009696166962385178,0.21490050852298737,6.015622615814209
runs/manual_f3_s2_0605_1925,manual_f3_s2_0605_1925,manual,manual_f3_s2,40108032,blocks.10.mlp.fc2,0,11,65,66,768,3072,rows,1.1213059165227182,3.84928560256958,3.981253147125244,0.001091261743567884,0.24603015184402466,5.960097312927246,0.7800603390948443,263.9159240722656,0.8444899916648865,0.01222962699830532,0.2127750664949417,6.521186351776123,1.1355446768021935,3.7635064125061035,4.072972774505615,0.00109672243706882,0.24939821660518646,5.955424785614014
runs/manual_f3_s2_0605_1925,manual_f3_s2_0605_1925,manual,manual_f3_s2,50069504,blocks.0.attn.q_proj,0,0,0,66,768,768,cols,1.935300400689411,4.752192497253418,6.738118648529053,7.795753845130093e-06,0.43934768438339233,6.033763885498047,0.46229530891770226,548.8511352539062,1.0065631866455078,0.0003412459627725184,0.3078029453754425,6.539891242980957,1.9606847649347132,4.714015007019043,6.795544147491455,6.928114999027457e-06,0.44163045287132263,6.032771110534668
runs/manual_f3_s2_0605_1925,manual_f3_s2_0605_1925,manual,manual_f3_s2,50069504,blocks.1.attn.q_proj,0,1,6,66,768,768,cols,2.3460625017040693,2.9535179138183594,7.566985130310059,7.106631528586149e-06,0.4394194185733795,5.38066291809082,0.736227501919889,295.1115417480469,1.0037027597427368,0.0001482990919612348,0.37328702211380005,6.322474002838135,2.3887414791131416,2.9221808910369873,7.653467178344727,7.887104402470868e-06,0.4422438442707062,5.378820419311523
runs/manual_f3_s2_0605_1925,manual_f3_s2_0605_1925,manual,manual_f3_s2,50069504,blocks.2.attn.q_proj,0,2,12,66,768,768,cols,1.977409089877779,2.700056314468384,6.950075149536133,5.9982077800668776e-05,0.376542866230011,5.611583709716797,0.6658523112028237,367.1535339355469,1.004497766494751,0.0004594002093654126,0.36994192004203796,6.402631759643555,1.9933120511199176,2.692389965057373,6.985752582550049,3.926019780919887e-05,0.3780163526535034,5.610883712768555
runs/manual_f3_s2_0605_1925,manual_f3_s2_0605_1925,manual,manual_f3_s2,50069504,blocks.3.attn.q_proj,0,3,18,66,768,768,cols,4.699617073713832,2.702704906463623,11.21782112121582,5.460556349135004e-05,0.6133841276168823,5.481389999389648,0.7234622959253857,314.9282531738281,1.0070416927337646,0.0001528232969576493,0.3909345865249634,6.3036651611328125,4.792565106371618,2.6767773628234863,11.335798263549805,4.270156205166131e-05,0.6171230673789978,5.480031967163086
runs/manual_f3_s2_0605_1925,manual_f3_s2_0605_1925,manual,manual_f3_s2,50069504,blocks.4.attn.q_proj,0,4,24,66,768,768,cols,3.3836374297674685,2.740410327911377,9.473404884338379,2.7171572583029047e-05,0.5145236849784851,5.603908538818359,0.6787283951026558,358.34295654296875,1.0057549476623535,0.0001159530584118329,0.3806077837944031,6.375020503997803,3.4133571132285754,2.7340996265411377,9.517998695373535,1.2594570762303192e-05,0.5164300203323364,5.603455543518066
runs/manual_f3_s2_0605_1925,manual_f3_s2_0605_1925,manual,manual_f3_s2,50069504,blocks.5.attn.q_proj,0,5,30,66,768,768,cols,1.5244168914655656,3.09505033493042,5.823063373565674,5.387959026847966e-05,0.3228466510772705,5.851964950561523,0.5738530726877511,452.0350341796875,1.0063012838363647,0.0004945627297274768,0.3451589345932007,6.483086585998535,1.5376101921659318,3.0770211219787598,5.863035202026367,4.697233089245856e-05,0.3242362141609192,5.851480484008789
runs/manual_f3_s2_0605_1925,manual_f3_s2_0605_1925,manual,manual_f3_s2,50069504,blocks.5.mlp.fc2,0,6,35,66,768,3072,rows,0.9707342716903193,14.84227180480957,1.3224170207977295,0.0007413349230773747,0.1331179291009903,6.235594749450684,0.718566117584488,304.6667175292969,0.8985589146614075,0.014249397441744804,0.22647669911384583,6.538983345031738,0.9707507209885028,13.759847640991211,1.3821816444396973,0.0007437930908054113,0.13432414829730988,6.233890056610107
runs/manual_f3_s2_0605_1925,manual_f3_s2_0605_1925,manual,manual_f3_s2,50069504,blocks.6.mlp.fc2,0,7,41,66,768,3072,rows,0.9738952899621638,10.830439567565918,1.5004448890686035,0.000770272861700505,0.13143779337406158,6.222762107849121,0.7219802072765026,302.134033203125,0.8954343199729919,0.013329963199794292,0.22444133460521698,6.5393476486206055,0.9740831147937233,10.129443168640137,1.5627461671829224,0.000769288744777441,0.13280075788497925,6.220758438110352
runs/manual_f3_s2_0605_1925,manual_f3_s2_0605_1925,manual,manual_f3_s2,50069504,blocks.7.mlp.fc2,0,8,47,66,768,3072,rows,0.9763085878345719,7.766963481903076,1.8297673463821411,0.0007805268978700042,0.13928000628948212,6.202240467071533,0.7240208149829545,302.2309875488281,0.8911112546920776,0.01373506709933281,0.22278393805027008,6.54018497467041,0.9770176971198622,7.323912620544434,1.899950385093689,0.0007817265577614307,0.1409233957529068,6.199907302856445
runs/manual_f3_s2_0605_1925,manual_f3_s2_0605_1925,manual,manual_f3_s2,50069504,blocks.8.mlp.fc2,0,9,53,66,768,3072,rows,0.9801327399474115,6.308803558349609,2.0758185386657715,0.000748764316085726,0.14523059129714966,6.1867289543151855,0.7300394686547071,298.4759826660156,0.8855944275856018,0.01297627855092287,0.22130289673805237,6.53878116607666,0.981487294916236,5.969646453857422,2.152733325958252,0.0007489037816412747,0.14702406525611877,6.184282302856445
runs/manual_f3_s2_0605_1925,manual_f3_s2_0605_1925,manual,manual_f3_s2,50069504,blocks.9.mlp.fc2,0,10,59,66,768,3072,rows,0.9924355073038612,4.758403778076172,2.5706658363342285,0.0008087795577012002,0.16095863282680511,6.159088611602783,0.7364087195019688,293.8453674316406,0.8806703090667725,0.011991884559392929,0.21915121376514435,6.538041114807129,0.9957515894619291,4.540310859680176,2.657083034515381,0.0008094780496321619,0.16308335959911346,6.156411170959473
runs/manual_f3_s2_0605_1925,manual_f3_s2_0605_1925,manual,manual_f3_s2,50069504,blocks.10.mlp.fc2,0,11,65,66,768,3072,rows,1.116470098158837,2.860490322113037,4.042563438415527,0.0010039105545729399,0.20925705134868622,6.081344127655029,0.7569936740810428,282.1166076660156,0.8604783415794373,0.012530791573226452,0.21550479531288147,6.531655311584473,1.1366604760580536,2.752732038497925,4.177097797393799,0.0010100272484123707,0.21290302276611328,6.077353477478027
runs/manual_f3_s2_0605_1925,manual_f3_s2_0605_1925,manual,manual_f3_s2,60030976,blocks.0.attn.q_proj,0,0,0,66,768,768,cols,1.8478107820079244,3.9026589393615723,6.605752468109131,1.381041784043191e-05,0.3966177999973297,6.006025314331055,0.48708526159914833,531.1390380859375,1.0053147077560425,0.00028981955256313086,0.32645875215530396,6.517336368560791,1.8764494919239698,3.8806872367858887,6.670109748840332,7.115550943126436e-06,0.39979758858680725,6.004014492034912
runs/manual_f3_s2_0605_1925,manual_f3_s2_0605_1925,manual,manual_f3_s2,60030976,blocks.1.attn.q_proj,0,1,6,66,768,768,cols,2.7645855054876214,2.4242491722106934,8.44394302368164,6.00741714151809e-06,0.444994181394577,5.412851810455322,0.727434560547392,303.5089111328125,1.00437331199646,0.0004357686557341367,0.3739900588989258,6.331509113311768,2.798044892154157,2.419782876968384,8.500703811645508,1.714052450552117e-05,0.4476766288280487,5.410926342010498
runs/manual_f3_s2_0605_1925,manual_f3_s2_0605_1925,manual,manual_f3_s2,60030976,blocks.2.attn.q_proj,0,2,12,66,768,768,cols,2.8064435321488586,2.0875585079193115,8.575826644897461,3.0407745725824498e-05,0.4141412377357483,5.599258899688721,0.6938269237206584,337.25946044921875,1.0037518739700317,0.0003851356450468302,0.3695593774318695,6.3784027099609375,2.8875265965537302,2.068514108657837,8.711908340454102,3.666654083644971e-05,0.4192238450050354,5.594968795776367
runs/manual_f3_s2_0605_1925,manual_f3_s2_0605_1925,manual,manual_f3_s2,60030976,blocks.3.attn.q_proj,0,3,18,66,768,768,cols,6.448858292616146,2.1004726886749268,13.257211685180664,1.4796647519688122e-05,0.6468550562858582,5.47700834274292,0.7517213642984183,283.3617248535156,1.0049617290496826,0.00011013207404175773,0.3858882486820221,6.265878677368164,6.855211844066601,2.04082989692688,13.683344841003418,9.492604476690758e-06,0.6592579483985901,5.470586776733398
runs/manual_f3_s2_0605_1925,manual_f3_s2_0605_1925,manual,manual_f3_s2,60030976,blocks.4.attn.q_proj,0,4,24,66,768,768,cols,5.037458403498396,2.1594879627227783,11.708261489868164,6.364544242387637e-05,0.5713721513748169,5.605525493621826,0.6984795973880281,335.8880310058594,1.0065031051635742,0.0004490623832680285,0.3805513381958008,6.353943824768066,5.226672959865074,2.128613233566284,11.933114051818848,6.061291060177609e-05,0.578920841217041,5.601141929626465
runs/manual_f3_s2_0605_1925,manual_f3_s2_0605_1925,manual,manual_f3_s2,60030976,blocks.5.attn.q_proj,0,5,30,66,768,768,cols,1.8731992757841511,2.575319528579712,6.7556986808776855,1.794458512449637e-05,0.34398889541625977,5.874920845031738,0.571209174925955,453.9615173339844,1.005861759185791,0.00029567061574198306,0.3432472348213196,6.485874652862549,1.904518051270342,2.5541796684265137,6.829463005065918,3.169607953168452e-05,0.346629798412323,5.87312126159668
runs/manual_f3_s2_0605_1925,manual_f3_s2_0605_1925,manual,manual_f3_s2,60030976,blocks.5.mlp.fc2,0,6,35,66,768,3072,rows,0.9662621273498753,18.432146072387695,1.273977518081665,0.0007539827493019402,0.14065293967723846,6.253016471862793,0.716508097022637,304.7346496582031,0.9020805954933167,0.012506888248026371,0.2268328070640564,6.539565086364746,0.9661525571293393,17.304901123046875,1.3240019083023071,0.0007575440686196089,0.142023503780365,6.251111030578613
runs/manual_f3_s2_0605_1925,manual_f3_s2_0605_1925,manual,manual_f3_s2,60030976,blocks.6.mlp.fc2,0,7,41,66,768,3072,rows,0.969753576921213,13.946187019348145,1.408880591392517,0.0007551643066108227,0.13789546489715576,6.2385053634643555,0.7213193446775161,304.2238464355469,0.8938770890235901,0.012823756784200668,0.22488948702812195,6.539406776428223,0.969750892726112,13.222277641296387,1.4575011730194092,0.0007572524482384324,0.13930022716522217,6.236468315124512
runs/manual_f3_s2_0605_1925,manual_f3_s2_0605_1925,manual,manual_f3_s2,60030976,blocks.7.mlp.fc2,0,8,47,66,768,3072,rows,0.9714530853732828,9.787126541137695,1.7417433261871338,0.0006835311069153249,0.14675964415073395,6.214871406555176,0.7210518887246249,302.4848327636719,0.8959659934043884,0.011747508309781551,0.223465695977211,6.540711402893066,0.9718274961771243,9.358071327209473,1.7956387996673584,0.0006840081186965108,0.14840790629386902,6.212506294250488
runs/manual_f3_s2_0605_1925,manual_f3_s2_0605_1925,manual,manual_f3_s2,60030976,blocks.8.mlp.fc2,0,9,53,66,768,3072,rows,0.9743280648030748,8.063138961791992,1.9386359453201294,0.0007572191534563899,0.15086841583251953,6.200526237487793,0.7257676753896276,301.74285888671875,0.8885210752487183,0.012786322273314,0.22205495834350586,6.5400824546813965,0.9748982153727482,7.7793450355529785,1.9884556531906128,0.0007594930939376354,0.1523924618959427,6.198421001434326
runs/manual_f3_s2_0605_1925,manual_f3_s2_0605_1925,manual,manual_f3_s2,60030976,blocks.9.mlp.fc2,0,10,59,66,768,3072,rows,0.9848485266124142,5.81983757019043,2.443711280822754,0.0008421873790211976,0.16682256758213043,6.172013282775879,0.729141639806157,297.8388671875,0.8883239030838013,0.013298184610903263,0.2216804474592209,6.538846969604492,0.9862730083048973,5.6842193603515625,2.491248846054077,0.0008437269716523588,0.16844984889030457,6.169857025146484
runs/manual_f3_s2_0605_1925,manual_f3_s2_0605_1925,manual,manual_f3_s2,60030976,blocks.10.mlp.fc2,0,11,65,66,768,3072,rows,1.037017716690623,4.205498695373535,3.3583273887634277,0.0009574053692631423,0.20472124218940735,6.1114420890808105,0.7366131312827426,295.70697021484375,0.877559244632721,0.012414083816111088,0.219259575009346,6.537814617156982,1.041148968253231,4.150295734405518,3.4045698642730713,0.0009597112075425684,0.20649416744709015,6.1093668937683105
runs/manual_f3_s2_0605_1925,manual_f3_s2_0605_1925,manual,manual_f3_s2,70123520,blocks.0.attn.q_proj,0,0,0,66,768,768,cols,1.8801645555948812,3.704509973526001,6.657756805419922,7.814785931259394e-06,0.3952712416648865,5.968234062194824,0.4893434611725753,530.8497924804688,1.0058692693710327,8.539365080650896e-05,0.3340713679790497,6.507519721984863,1.8956851222733904,3.6869282722473145,6.695127964019775,1.4665718481410295e-05,0.39666637778282166,5.9678263664245605
runs/manual_f3_s2_0605_1925,manual_f3_s2_0605_1925,manual,manual_f3_s2,70123520,blocks.1.attn.q_proj,0,1,6,66,768,768,cols,3.0074969030725938,2.5189743041992188,8.810725212097168,4.757197530125268e-05,0.4731832444667816,5.411999702453613,0.72406768515895,308.0865173339844,1.0034260749816895,4.955797066941159e-06,0.3751305937767029,6.333263397216797,3.0529247715672234,2.499305009841919,8.886309623718262,2.1314117475412786e-05,0.4755242168903351,5.410855293273926
runs/manual_f3_s2_0605_1925,manual_f3_s2_0605_1925,manual,manual_f3_s2,70123520,blocks.2.attn.q_proj,0,2,12,66,768,768,cols,3.0761049298559393,1.969496726989746,9.028385162353516,5.9602239161904436e-06,0.42438551783561707,5.616683483123779,0.6607904010208138,369.7567138671875,1.0049551725387573,0.0003167616087011993,0.365780770778656,6.41236686706543,3.0997451178896696,1.9660539627075195,9.06658935546875,9.153603969025426e-06,0.42585980892181396,5.616205215454102
runs/manual_f3_s2_0605_1925,manual_f3_s2_0605_1925,manual,manual_f3_s2,70123520,blocks.3.attn.q_proj,0,3,18,66,768,768,cols,4.8499776995159785,2.450955390930176,11.417950630187988,1.49955221786513e-05,0.5952402353286743,5.532137870788574,0.7012476219668698,335.74310302734375,1.0067468881607056,0.0002501767303328961,0.38544517755508423,6.342807769775391,4.917246657071467,2.437786340713501,11.500136375427246,1.9334929675096646e-05,0.5981191396713257,5.531131267547607
runs/manual_f3_s2_0605_1925,manual_f3_s2_0605_1925,manual,manual_f3_s2,70123520,blocks.4.attn.q_proj,0,4,24,66,768,768,cols,3.716064118603535,2.702683687210083,9.938199043273926,1.9905309045498143e-07,0.5337518453598022,5.664309978485107,0.655549613324248,379.7236022949219,1.0059651136398315,0.0004792372928932309,0.3747507631778717,6.4031524658203125,3.777884848359006,2.6790430545806885,10.027636528015137,1.833356509450823e-05,0.5364468097686768,5.663504600524902
runs/manual_f3_s2_0605_1925,manual_f3_s2_0605_1925,manual,manual_f3_s2,70123520,blocks.5.attn.q_proj,0,5,30,66,768,768,cols,2.147704613265932,2.3509633541107178,7.370846271514893,7.707587064942345e-05,0.3596171736717224,5.892952919006348,0.5486053615032995,473.51434326171875,1.0063647031784058,0.0005122195580042899,0.3351861834526062,6.501132965087891,2.1663245305544763,2.343322277069092,7.409694671630859,8.085942681645975e-05,0.36103948950767517,5.89250373840332
runs/manual_f3_s2_0605_1925,manual_f3_s2_0605_1925,manual,manual_f3_s2,70123520,blocks.5.mlp.fc2,0,6,35,66,768,3072,rows,0.9597459340272089,24.57335662841797,1.1999984979629517,0.0008046626462601125,0.1503116488456726,6.267583847045898,0.7126531110788927,305.5561828613281,0.9079896807670593,0.014307014644145966,0.22819532454013824,6.539976596832275,0.9596122060507633,23.709779739379883,1.22585129737854,0.0008078496321104467,0.15095479786396027,6.267059326171875
runs/manual_f3_s2_0605_1925,manual_f3_s2_0605_1925,manual,manual_f3_s2,70123520,blocks.6.mlp.fc2,0,7,41,66,768,3072,rows,0.9638705783403375,18.833084106445312,1.3108168840408325,0.0006612278521060944,0.1466035097837448,6.251648902893066,0.717199105197374,304.1199035644531,0.9016328454017639,0.01198829710483551,0.2264028787612915,6.539678573608398,0.9637598380860395,18.369266510009766,1.3319531679153442,0.0006621499778702855,0.14724354445934296,6.251058101654053
runs/manual_f3_s2_0605_1925,manual_f3_s2_0605_1925,manual,manual_f3_s2,70123520,blocks.7.mlp.fc2,0,8,47,66,768,3072,rows,0.9648300748506968,12.957005500793457,1.6385492086410522,0.0007374680717475712,0.15691612660884857,6.221880912780762,0.7167448567956544,306.6190185546875,0.8978880047798157,0.01224664319306612,0.22523175179958344,6.540875434875488,0.9648727466702522,12.663311958312988,1.663589596748352,0.0007400299073196948,0.15764227509498596,6.221250057220459
runs/manual_f3_s2_0605_1925,manual_f3_s2_0605_1925,manual,manual_f3_s2,70123520,blocks.8.mlp.fc2,0,9,53,66,768,3072,rows,0.9677137262954307,10.468228340148926,1.845855712890625,0.000788246572483331,0.16234497725963593,6.202898025512695,0.7206130572383577,302.7852783203125,0.8960623741149902,0.013184184208512306,0.22305910289287567,6.541330814361572,0.9679066442151307,10.253595352172852,1.8719964027404785,0.0007910868152976036,0.16309328377246857,6.202262878417969
runs/manual_f3_s2_0605_1925,manual_f3_s2_0605_1925,manual,manual_f3_s2,70123520,blocks.9.mlp.fc2,0,10,59,66,768,3072,rows,0.9782277185063214,7.309813022613525,2.368320941925049,0.0008134704548865557,0.18016599118709564,6.17215633392334,0.7246677748278276,302.0074157714844,0.8900144696235657,0.011848069727420807,0.22233636677265167,6.540189266204834,0.9790999442631383,7.176438808441162,2.400075674057007,0.0008168386411853135,0.18109403550624847,6.171357154846191
runs/manual_f3_s2_0605_1925,manual_f3_s2_0605_1925,manual,manual_f3_s2,70123520,blocks.10.mlp.fc2,0,11,65,66,768,3072,rows,1.0520952535264247,4.720520973205566,3.4837806224823,0.0009163095382973552,0.22515839338302612,6.106483459472656,0.7367233209329174,296.0215148925781,0.8766831755638123,0.011624233797192574,0.21879832446575165,6.538268089294434,1.0579303495485737,4.621438026428223,3.5406839847564697,0.0009207022958435118,0.22673724591732025,6.105125427246094
runs/manual_f3_s2_0605_1925,manual_f3_s2_0605_1925,manual,manual_f3_s2,80084992,blocks.0.attn.q_proj,0,0,0,66,768,768,cols,1.6580849897127656,3.971186399459839,6.075798511505127,5.824523759656586e-05,0.37243133783340454,5.965809345245361,0.4958481606341679,525.8400268554688,1.0054295063018799,3.7938480090815574e-05,0.33723413944244385,6.503148078918457,1.6632804902201903,3.9785850048065186,6.086891174316406,5.9145077102584764e-05,0.37350231409072876,5.9653801918029785
runs/manual_f3_s2_0605_1925,manual_f3_s2_0605_1925,manual,manual_f3_s2,80084992,blocks.1.attn.q_proj,0,1,6,66,768,768,cols,3.6027566725806808,2.259690761566162,9.747690200805664,2.2654287477053003e-06,0.49787625670433044,5.408414363861084,0.7202538568734222,311.1146240234375,1.0045764446258545,0.00018061923037748784,0.3752419054508209,6.3372039794921875,3.638355706870347,2.2549827098846436,9.798574447631836,9.817380487220362e-06,0.5000379085540771,5.407398223876953
runs/manual_f3_s2_0605_1925,manual_f3_s2_0605_1925,manual,manual_f3_s2,80084992,blocks.2.attn.q_proj,0,2,12,66,768,768,cols,3.476634466192227,1.8883517980575562,9.648605346679688,5.418535693024751e-06,0.4456620216369629,5.61158561706543,0.6703334028602713,359.5717468261719,1.004184603691101,0.00020952940394636244,0.3655813932418823,6.404844284057617,3.530193105775574,1.8816441297531128,9.727537155151367,1.36035112063837e-06,0.44871431589126587,5.609429359436035
runs/manual_f3_s2_0605_1925,manual_f3_s2_0605_1925,manual,manual_f3_s2,80084992,blocks.3.attn.q_proj,0,3,18,66,768,768,cols,6.555705225158302,2.0809133052825928,13.356236457824707,5.200757186685223e-06,0.6480063199996948,5.518020153045654,0.7204193822379882,314.89569091796875,1.0055443048477173,0.0006877859705127776,0.3837220370769501,6.321470260620117,6.766764449512641,2.0525150299072266,13.576279640197754,2.6117809284187388e-06,0.6547778844833374,5.514917373657227
runs/manual_f3_s2_0605_1925,manual_f3_s2_0605_1925,manual,manual_f3_s2,80084992,blocks.4.attn.q_proj,0,4,24,66,768,768,cols,5.4704364173308475,2.2597670555114746,12.180414199829102,5.906487058382481e-05,0.6062678694725037,5.6401777267456055,0.6640194189018854,369.260009765625,1.0065147876739502,0.00014936647494323552,0.37395399808883667,6.397054672241211,5.577217277378208,2.241189479827881,12.303218841552734,7.194135105237365e-05,0.6102186441421509,5.638697624206543
runs/manual_f3_s2_0605_1925,manual_f3_s2_0605_1925,manual,manual_f3_s2,80084992,blocks.5.attn.q_proj,0,5,30,66,768,768,cols,2.4621587576114194,2.230400323867798,7.991490364074707,1.1974357221333776e-05,0.3816823363304138,5.892736911773682,0.5510518676868938,471.2782287597656,1.0058693885803223,0.0006797935930080712,0.33521977066993713,6.500338554382324,2.4893737429156513,2.2213876247406006,8.04233169555664,3.195618774043396e-05,0.38350972533226013,5.891931056976318
runs/manual_f3_s2_0605_1925,manual_f3_s2_0605_1925,manual,manual_f3_s2,80084992,blocks.5.mlp.fc2,0,6,35,66,768,3072,rows,0.9535863945254076,19.25396728515625,1.504183292388916,0.000771201855968684,0.16759704053401947,6.266543865203857,0.7133823174146834,306.6376953125,0.9049305319786072,0.01177155040204525,0.22789959609508514,6.53983211517334,0.9535919693921561,18.412322998046875,1.5450618267059326,0.0007729751523584127,0.1685955822467804,6.265607833862305
runs/manual_f3_s2_0605_1925,manual_f3_s2_0605_1925,manual,manual_f3_s2,80084992,blocks.6.mlp.fc2,0,7,41,66,768,3072,rows,0.9588604249459175,15.398417472839355,1.602773666381836,0.000732941145543009,0.1627010703086853,6.250518798828125,0.7167763788817131,303.4099426269531,0.9034561514854431,0.01124612521380186,0.22617952525615692,6.540249824523926,0.9589324852605539,14.83875846862793,1.6399387121200562,0.0007341273594647646,0.16365233063697815,6.249593257904053
runs/manual_f3_s2_0605_1925,manual_f3_s2_0605_1925,manual,manual_f3_s2,80084992,blocks.7.mlp.fc2,0,8,47,66,768,3072,rows,0.9630644939038315,10.735661506652832,1.983906865119934,0.0008109374903142452,0.1738709956407547,6.218877792358398,0.7187745212451557,305.3166198730469,0.8961234092712402,0.011925849132239819,0.22455434501171112,6.540647506713867,0.9634751069287798,10.459084510803223,2.019080638885498,0.0008097697864286602,0.17490015923976898,6.217878818511963
runs/manual_f3_s2_0605_1925,manual_f3_s2_0605_1925,manual,manual_f3_s2,80084992,blocks.8.mlp.fc2,0,9,53,66,768,3072,rows,0.9709529303527834,8.228657722473145,2.283564567565918,0.0007684505544602871,0.17930690944194794,6.1986494064331055,0.7228754207554672,302.1494445800781,0.8932355046272278,0.011158141307532787,0.2229621410369873,6.540515899658203,0.971863354270654,8.026776313781738,2.3232781887054443,0.0007692637154832482,0.18043430149555206,6.197569847106934
runs/manual_f3_s2_0605_1925,manual_f3_s2_0605_1925,manual,manual_f3_s2,80084992,blocks.9.mlp.fc2,0,10,59,66,768,3072,rows,1.006592846998604,5.396203994750977,3.0692665576934814,0.0008710829424671829,0.20357854664325714,6.160257339477539,0.7283489763451565,299.02655029296875,0.8878141641616821,0.012099781073629856,0.22138091921806335,6.539551258087158,1.010060758243671,5.279616832733154,3.12097430229187,0.000873363867867738,0.20511047542095184,6.158742904663086
runs/manual_f3_s2_0605_1925,manual_f3_s2_0605_1925,manual,manual_f3_s2,80084992,blocks.10.mlp.fc2,0,11,65,66,768,3072,rows,1.240968917115267,3.2699689865112305,4.755467891693115,0.0009267539717257023,0.26082682609558105,6.08873987197876,0.7421210308046226,291.1038818359375,0.8742506504058838,0.01059328019618988,0.21806618571281433,6.536310195922852,1.2602748871414386,3.2030389308929443,4.842879295349121,0.0009317517979070544,0.26340699195861816,6.0864434242248535
runs/manual_f3_s2_0605_1925,manual_f3_s2_0605_1925,manual,manual_f3_s2,90046464,blocks.0.attn.q_proj,0,0,0,66,768,768,cols,1.6554259847503365,3.702406644821167,6.14554500579834,1.3103844139550347e-05,0.36382856965065,5.960480690002441,0.49288226269851654,529.7781372070312,1.005636215209961,2.173106258851476e-05,0.34043875336647034,6.499215126037598,1.6585272624748035,3.707113742828369,6.153059005737305,4.618208095052978e-06,0.36448347568511963,5.960575580596924
runs/manual_f3_s2_0605_1925,manual_f3_s2_0605_1925,manual,manual_f3_s2,90046464,blocks.1.attn.q_proj,0,1,6,66,768,768,cols,4.021160195269477,2.056544303894043,10.37156867980957,4.56662792203133e-06,0.5067135691642761,5.410505771636963,0.716785050896655,315.07965087890625,1.0038533210754395,0.00010434560681460425,0.37488192319869995,6.342315196990967,4.021348226577583,2.061307191848755,10.371200561523438,9.313532245869283e-06,0.5072234272956848,5.410877227783203
runs/manual_f3_s2_0605_1925,manual_f3_s2_0605_1925,manual,manual_f3_s2,90046464,blocks.2.attn.q_proj,0,2,12,66,768,768,cols,3.5866140608938775,1.7713582515716553,9.827646255493164,3.4353797673247755e-05,0.4394395649433136,5.640562057495117,0.6601460565455263,368.90216064453125,1.0050549507141113,2.2836655261926353e-05,0.363806813955307,6.415063858032227,3.63557845967244,1.7639847993850708,9.898979187011719,2.2852564143249765e-05,0.44187623262405396,5.639337062835693
runs/manual_f3_s2_0605_1925,manual_f3_s2_0605_1925,manual,manual_f3_s2,90046464,blocks.3.attn.q_proj,0,3,18,66,768,768,cols,7.7674912978326764,1.8054453134536743,14.609010696411133,6.454056347138248e-06,0.6640578508377075,5.5236430168151855,0.7068735572476815,328.65875244140625,1.0058234930038452,0.0004666862660087645,0.38263973593711853,6.341181755065918,7.89989892559062,1.7962933778762817,14.73494815826416,2.8054037102265283e-05,0.6683740615844727,5.52180290222168
runs/manual_f3_s2_0605_1925,manual_f3_s2_0605_1925,manual,manual_f3_s2,90046464,blocks.4.attn.q_proj,0,4,24,66,768,768,cols,6.0112684186469645,2.054398775100708,12.809762954711914,8.293216524180025e-05,0.6090247631072998,5.668562412261963,0.6522318793538103,379.51409912109375,1.0074888467788696,0.0002551840152591467,0.37092599272727966,6.410287857055664,6.0936900016755695,2.0448758602142334,12.899539947509766,7.205433212220669e-05,0.6121136546134949,5.667491912841797
runs/manual_f3_s2_0605_1925,manual_f3_s2_0605_1925,manual,manual_f3_s2,90046464,blocks.5.attn.q_proj,0,5,30,66,768,768,cols,2.6495827493691375,2.119715929031372,8.335193634033203,4.219389666104689e-06,0.3892267346382141,5.898917198181152,0.5436566004686271,476.5871887207031,1.0063480138778687,8.579012501286343e-05,0.3316164016723633,6.505802154541016,2.6667607721097997,2.1166796684265137,8.365582466125488,3.287954314146191e-05,0.3904387652873993,5.898594856262207
runs/manual_f3_s2_0605_1925,manual_f3_s2_0605_1925,manual,manual_f3_s2,90046464,blocks.5.mlp.fc2,0,6,35,66,768,3072,rows,0.9496653360868679,20.457611083984375,1.536656141281128,0.0007688128389418125,0.17616567015647888,6.269536018371582,0.712515666524615,308.0282287597656,0.9048045873641968,0.011666528880596161,0.22835780680179596,6.540025234222412,0.9496067655732522,20.02178955078125,1.5578815937042236,0.0007683936855755746,0.1767902672290802,6.269199848175049
runs/manual_f3_s2_0605_1925,manual_f3_s2_0605_1925,manual,manual_f3_s2,90046464,blocks.6.mlp.fc2,0,7,41,66,768,3072,rows,0.9554464040794183,15.982830047607422,1.6630678176879883,0.0007449786062352359,0.17225579917430878,6.249264717102051,0.7164849028239431,302.9841613769531,0.9049794673919678,0.01174557488411665,0.22727899253368378,6.53917121887207,0.9554623027734784,15.656407356262207,1.6850064992904663,0.0007449365803040564,0.17282192409038544,6.249001979827881
runs/manual_f3_s2_0605_1925,manual_f3_s2_0605_1925,manual,manual_f3_s2,90046464,blocks.7.mlp.fc2,0,8,47,66,768,3072,rows,0.9597712618168804,11.609532356262207,2.0057461261749268,0.0007891427958384156,0.18257226049900055,6.218462944030762,0.7163685188773813,304.5175476074219,0.9020648002624512,0.011301537044346333,0.2258225381374359,6.540599822998047,0.9600421590455424,11.3900728225708,2.0306344032287598,0.0007926117978058755,0.18317732214927673,6.218209266662598
runs/manual_f3_s2_0605_1925,manual_f3_s2_0605_1925,manual,manual_f3_s2,90046464,blocks.8.mlp.fc2,0,9,53,66,768,3072,rows,0.9688174122605784,8.812785148620605,2.3219361305236816,0.0007529656286351383,0.18881872296333313,6.195645332336426,0.720856974864978,303.69720458984375,0.8945421576499939,0.011503349989652634,0.22326843440532684,6.541133403778076,0.9694295463946532,8.663617134094238,2.3488430976867676,0.000754763837903738,0.18949705362319946,6.195323467254639
runs/manual_f3_s2_0605_1925,manual_f3_s2_0605_1925,manual,manual_f3_s2,90046464,blocks.9.mlp.fc2,0,10,59,66,768,3072,rows,0.9997963961771797,6.010843276977539,3.0015370845794678,0.0007689985213801265,0.20889055728912354,6.163865566253662,0.7243291532920004,300.9179992675781,0.8918924331665039,0.010609688237309456,0.221735879778862,6.540970802307129,1.00191773621321,5.914074897766113,3.0367629528045654,0.0007700738497078419,0.20980212092399597,6.163360595703125
runs/manual_f3_s2_0605_1925,manual_f3_s2_0605_1925,manual,manual_f3_s2,90046464,blocks.10.mlp.fc2,0,11,65,66,768,3072,rows,1.2027367562569669,3.694368839263916,4.5547380447387695,0.0009480079752393067,0.26389530301094055,6.092506408691406,0.7362541373943534,296.2990417480469,0.8771737217903137,0.011156550608575344,0.21885989606380463,6.538485527038574,1.2140132663531076,3.63657546043396,4.612271308898926,0.0009501035674475133,0.26540496945381165,6.091619968414307
runs/manual_f3_s2_0605_1925,manual_f3_s2_0605_1925,manual,manual_f3_s2,100007936,blocks.0.attn.q_proj,0,0,0,66,768,768,cols,2.0696575799969166,3.298800468444824,7.070037841796875,2.152173550484804e-08,0.4033683240413666,5.923605918884277,0.5229807617964516,500.53546142578125,1.0050272941589355,0.00035856530303135514,0.34697413444519043,6.484470367431641,2.1059355091706067,3.2756075859069824,7.145596981048584,3.5826531075144885e-07,0.40662881731987,5.921703338623047
runs/manual_f3_s2_0605_1925,manual_f3_s2_0605_1925,manual,manual_f3_s2,100007936,blocks.1.attn.q_proj,0,1,6,66,768,768,cols,5.281321520310486,2.040370464324951,11.910290718078613,2.449265230097808e-05,0.5827502012252808,5.360551357269287,0.7401655602607355,290.1590881347656,1.003357172012329,9.674351895228028e-05,0.37335601449012756,6.3129448890686035,5.389402907297073,2.026599884033203,12.037233352661133,2.630216295074206e-05,0.5871685147285461,5.358567237854004
runs/manual_f3_s2_0605_1925,manual_f3_s2_0605_1925,manual,manual_f3_s2,100007936,blocks.2.attn.q_proj,0,2,12,66,768,768,cols,4.565606912655035,1.6958627700805664,11.150182723999023,1.9381457605049945e-05,0.4909001290798187,5.616790771484375,0.6697400580919041,359.0667724609375,1.0043294429779053,2.114970629918389e-05,0.36364734172821045,6.408206462860107,4.640892390943657,1.6890510320663452,11.245436668395996,5.566985237237532e-06,0.49428480863571167,5.615189552307129
runs/manual_f3_s2_0605_1925,manual_f3_s2_0605_1925,manual,manual_f3_s2,100007936,blocks.3.attn.q_proj,0,3,18,66,768,768,cols,9.358075388003014,1.7702962160110474,16.038623809814453,3.741799810086377e-05,0.7244424223899841,5.504971027374268,0.7199941093782571,313.39019775390625,1.0067541599273682,0.00011095758964074776,0.3809374272823334,6.328193664550781,9.585659893909847,1.758176565170288,16.235336303710938,1.68318729265593e-05,0.7312265634536743,5.502215385437012
runs/manual_f3_s2_0605_1925,manual_f3_s2_0605_1925,manual,manual_f3_s2,100007936,blocks.4.attn.q_proj,0,4,24,66,768,768,cols,6.533567635777048,2.0697178840637207,13.35865592956543,2.9045164410490543e-05,0.6373201608657837,5.672433376312256,0.6675008887734885,364.2950439453125,1.0065251588821411,0.00010788688814500347,0.37198734283447266,6.397149085998535,6.75615926349383,2.0436365604400635,13.590372085571289,4.79887385154143e-05,0.6449785232543945,5.669148921966553
runs/manual_f3_s2_0605_1925,manual_f3_s2_0605_1925,manual,manual_f3_s2,100007936,blocks.5.attn.q_proj,0,5,30,66,768,768,cols,3.2612780519576217,1.9800403118133545,9.344488143920898,3.025741534656845e-05,0.42551374435424805,5.886646747589111,0.5469189298991581,473.9629821777344,1.0055785179138184,0.0006583263748325408,0.3322185277938843,6.504260540008545,3.276445819044129,1.9814982414245605,9.367766380310059,3.6502719012787566e-05,0.4267255961894989,5.8864898681640625
runs/manual_f3_s2_0605_1925,manual_f3_s2_0605_1925,manual,manual_f3_s2,100007936,blocks.5.mlp.fc2,0,6,35,66,768,3072,rows,0.9461532388609065,18.308439254760742,1.7462983131408691,0.0008590182405896485,0.1905573159456253,6.266488552093506,0.7126874550110833,305.814697265625,0.9076839089393616,0.012291857041418552,0.22820450365543365,6.540006160736084,0.9462157324289007,17.841981887817383,1.776602864265442,0.0008610495133325458,0.19158582389354706,6.265740394592285
runs/manual_f3_s2_0605_1925,manual_f3_s2_0605_1925,manual,manual_f3_s2,100007936,blocks.6.mlp.fc2,0,7,41,66,768,3072,rows,0.9577447633410882,11.892813682556152,2.107661485671997,0.000867000431753695,0.19217893481254578,6.235791206359863,0.7195252699672703,300.9028015136719,0.9028313755989075,0.01178343128412962,0.22692853212356567,6.538121700286865,0.9581949510373984,11.668109893798828,2.138054132461548,0.0008704292122274637,0.19334320724010468,6.234828948974609
runs/manual_f3_s2_0605_1925,manual_f3_s2_0605_1925,manual,manual_f3_s2,100007936,blocks.7.mlp.fc2,0,8,47,66,768,3072,rows,0.9839706571633335,7.3956427574157715,2.809842586517334,0.0008139206329360604,0.21063026785850525,6.196698188781738,0.7202363063669922,302.50408935546875,0.8979754447937012,0.011497167870402336,0.22476209700107574,6.539777755737305,0.9862863604548873,7.249383449554443,2.854128360748291,0.0008188029169104993,0.21216556429862976,6.195380210876465
runs/manual_f3_s2_0605_1925,manual_f3_s2_0605_1925,manual,manual_f3_s2,100007936,blocks.8.mlp.fc2,0,9,53,66,768,3072,rows,1.0217575169369175,5.580634593963623,3.2824065685272217,0.0010135113261640072,0.22059936821460724,6.168364524841309,0.727621972425859,299.4120788574219,0.8887989521026611,0.013045556843280792,0.22193022072315216,6.539431095123291,1.0237445095668634,5.5736165046691895,3.30068302154541,0.0010210470063611865,0.2219236046075821,6.167170524597168
runs/manual_f3_s2_0605_1925,manual_f3_s2_0605_1925,manual,manual_f3_s2,100007936,blocks.9.mlp.fc2,0,10,59,66,768,3072,rows,1.092356046451495,4.486526012420654,3.903366804122925,0.000998046132735908,0.2425830066204071,6.132013320922852,0.7320738820647719,296.74664306640625,0.8842156529426575,0.012190699577331543,0.22018763422966003,6.538999080657959,1.0963430397337994,4.475081920623779,3.928147315979004,0.0010034276638180017,0.24404636025428772,6.1307501792907715
runs/manual_f3_s2_0605_1925,manual_f3_s2_0605_1925,manual,manual_f3_s2,100007936,blocks.10.mlp.fc2,0,11,65,66,768,3072,rows,1.4495373460668435,3.215817928314209,5.4715352058410645,0.0011336664902046323,0.3033542037010193,6.057509422302246,0.7451610538203727,289.9656982421875,0.8704398274421692,0.011741125956177711,0.21704421937465668,6.536203861236572,1.4557626139358633,3.230306625366211,5.484365463256836,0.0011368233244866133,0.3049095869064331,6.0562028884887695
runs/polar_express_l1e-3_0605_1945,polar_express_l1e-3_0605_1945,polar_express,pe_l1e-3,10092544,blocks.0.attn.q_proj,0,0,0,66,768,768,cols,52.97630084080051,4.560519695281982,32.984107971191406,0.00022616336354985833,2.3509395122528076,5.571364879608154,0.3248433903096941,542.6048583984375,1.142937183380127,0.003466004738584161,0.22131465375423431,6.605544567108154,53.018657714797456,4.523133277893066,33.13942337036133,0.0002629560767672956,2.351883888244629,5.5724945068359375
runs/polar_express_l1e-3_0605_1945,polar_express_l1e-3_0605_1945,polar_express,pe_l1e-3,10092544,blocks.1.attn.q_proj,0,1,6,66,768,768,cols,7.489543583372046,1.4627050161361694,14.271726608276367,4.731072422714533e-08,0.613099992275238,4.592970848083496,0.6114842835582308,354.2536315917969,1.1420592069625854,0.00010874307190533727,0.3741697072982788,6.454668998718262,7.5089342087821755,1.4622987508773804,14.291608810424805,1.0737568118202034e-05,0.6138409376144409,4.5951080322265625
runs/polar_express_l1e-3_0605_1945,polar_express_l1e-3_0605_1945,polar_express,pe_l1e-3,10092544,blocks.2.attn.q_proj,0,2,12,66,768,768,cols,2.815274121078286,1.7356855869293213,8.459683418273926,1.0249511433357839e-05,0.39515170454978943,4.517868995666504,0.6484104114360718,327.2528991699219,1.1422209739685059,0.0002475245564710349,0.38926616311073303,6.414431095123291,2.8193692392453027,1.7369654178619385,8.466989517211914,9.88666397461202e-06,0.395616352558136,4.519734859466553
runs/polar_express_l1e-3_0605_1945,polar_express_l1e-3_0605_1945,polar_express,pe_l1e-3,10092544,blocks.3.attn.q_proj,0,3,18,66,768,768,cols,1.7740068417640615,1.7796968221664429,6.401921272277832,2.120762701451895e-06,0.30259156227111816,4.461349964141846,0.674239250859905,303.9053955078125,1.1420339345932007,0.0007129717851057649,0.39091962575912476,6.392090320587158,1.7698610680177016,1.7888749837875366,6.389719486236572,5.528685051103821e-06,0.3027622699737549,4.463797092437744
runs/polar_express_l1e-3_0605_1945,polar_express_l1e-3_0605_1945,polar_express,pe_l1e-3,10092544,blocks.4.attn.q_proj,0,4,24,66,768,768,cols,1.1552247135046299,1.6382941007614136,4.162930965423584,2.513333186016098e-07,0.18896843492984772,4.45773458480835,0.6761428269651714,299.3104248046875,1.1416434049606323,0.0003086030192207545,0.3838508129119873,6.4018168449401855,1.1565014268155231,1.6447340250015259,4.171092510223389,9.748094953465625e-07,0.18970084190368652,4.457754135131836
runs/polar_express_l1e-3_0605_1945,polar_express_l1e-3_0605_1945,polar_express,pe_l1e-3,10092544,blocks.5.attn.q_proj,0,5,30,66,768,768,cols,1.138707553362954,1.861378788948059,3.9843180179595947,1.393804495819495e-06,0.19325242936611176,4.261966705322266,0.712761717742213,270.5519714355469,1.1419330835342407,0.0003603374643716961,0.392882764339447,6.3523759841918945,1.1384632916087567,1.861812710762024,3.9846279621124268,7.925691534182988e-07,0.19327306747436523,4.265317440032959
runs/polar_express_l1e-3_0605_1945,polar_express_l1e-3_0605_1945,polar_express,pe_l1e-3,10092544,blocks.5.mlp.fc2,0,6,35,66,768,3072,rows,6.974730930506424,1.243883728981018,13.86109733581543,0.0012960897292941809,0.5459282398223877,5.156619548797607,0.7284006643072309,270.3422546386719,0.9480797648429871,0.04645463079214096,0.2414124608039856,6.521090030670166,7.035232412782476,1.246396541595459,13.920851707458496,0.0012971675023436546,0.5488854646682739,5.152204513549805
runs/polar_express_l1e-3_0605_1945,polar_express_l1e-3_0605_1945,polar_express,pe_l1e-3,10092544,blocks.6.mlp.fc2,0,7,41,66,768,3072,rows,6.846269482500145,1.2249739170074463,13.731661796569824,0.001248605432920158,0.5377572774887085,5.100391864776611,0.7329432171499415,265.7102966308594,0.9485461711883545,0.04586058855056763,0.24192753434181213,6.518186569213867,6.909693020858532,1.2268260717391968,13.795208930969238,0.0012533125700429082,0.5407025814056396,5.0960307121276855
runs/polar_express_l1e-3_0605_1945,polar_express_l1e-3_0605_1945,polar_express,pe_l1e-3,10092544,blocks.7.mlp.fc2,0,8,47,66,768,3072,rows,7.368081965585235,1.201405644416809,14.254291534423828,0.0012750515015795827,0.5539022088050842,5.041293621063232,0.7319019559272726,266.1580505371094,0.9503068923950195,0.050533805042505264,0.24321025609970093,6.517176628112793,7.438148542691192,1.2025458812713623,14.322226524353027,0.001277122413739562,0.5568493604660034,5.03717565536499
runs/polar_express_l1e-3_0605_1945,polar_express_l1e-3_0605_1945,polar_express,pe_l1e-3,10092544,blocks.8.mlp.fc2,0,9,53,66,768,3072,rows,6.759687534715913,1.2169300317764282,13.643081665039062,0.0011550170602276921,0.5334917306900024,5.023588180541992,0.7381102238939855,261.7576904296875,0.9458951950073242,0.04071533679962158,0.24193423986434937,6.514993190765381,6.831534214952487,1.2172529697418213,13.716120719909668,0.0011555427918210626,0.5364686250686646,5.019635200500488
runs/polar_express_l1e-3_0605_1945,polar_express_l1e-3_0605_1945,polar_express,pe_l1e-3,10092544,blocks.9.mlp.fc2,0,10,59,66,768,3072,rows,6.421953572735392,1.2092512845993042,13.29246997833252,0.0009984374046325684,0.5185407996177673,4.989832878112793,0.7452956077030033,258.562255859375,0.9389318823814392,0.0384192168712616,0.24281418323516846,6.509713172912598,6.4961777615763605,1.2091033458709717,13.370131492614746,0.0009983355412259698,0.5215902924537659,4.985807418823242
runs/polar_express_l1e-3_0605_1945,polar_express_l1e-3_0605_1945,polar_express,pe_l1e-3,10092544,blocks.10.mlp.fc2,0,11,65,66,768,3072,rows,5.890473582453464,1.2268052101135254,12.717828750610352,0.001090490841306746,0.4994984269142151,4.9812703132629395,0.7492423380587917,254.11061096191406,0.9385625720024109,0.042169634252786636,0.2413197159767151,6.508891582489014,5.96821668224642,1.225821614265442,12.803105354309082,0.0010930061107501388,0.5027056932449341,4.977198600769043
runs/polar_express_l1e-3_0605_1945,polar_express_l1e-3_0605_1945,polar_express,pe_l1e-3,20054016,blocks.0.attn.q_proj,0,0,0,66,768,768,cols,7.735705472398899,7.762984752655029,12.352025032043457,0.00010604222916299477,1.0422791242599487,5.996632099151611,0.2617883093480657,569.9871826171875,1.1430386304855347,0.003435200545936823,0.17010398209095,6.623248100280762,7.85609120972879,7.650304794311523,12.49574089050293,5.357078043743968e-05,1.047428011894226,5.995549201965332
runs/polar_express_l1e-3_0605_1945,polar_express_l1e-3_0605_1945,polar_express,pe_l1e-3,20054016,blocks.1.attn.q_proj,0,1,6,66,768,768,cols,2.098368143751052,5.029754161834717,6.441430568695068,1.0117018064192962e-05,0.48486796021461487,5.380085468292236,0.4560023855670325,470.42041015625,1.1426585912704468,0.0023575108498334885,0.31018197536468506,6.551973819732666,2.0948887386449115,5.082197189331055,6.417827129364014,1.4683695553685538e-05,0.4855448007583618,5.380342483520508
runs/polar_express_l1e-3_0605_1945,polar_express_l1e-3_0605_1945,polar_express,pe_l1e-3,20054016,blocks.2.attn.q_proj,0,2,12,66,768,768,cols,1.63806681325311,4.326757431030273,5.735879898071289,2.3188998966361396e-05,0.3983660936355591,5.435151100158691,0.447493727985945,474.5340881347656,1.1429766416549683,0.001649620127864182,0.30517372488975525,6.5558695793151855,1.6553742279627468,4.286983966827393,5.788846969604492,2.4540264348615892e-05,0.40029263496398926,5.434055328369141
runs/polar_express_l1e-3_0605_1945,polar_express_l1e-3_0605_1945,polar_express,pe_l1e-3,20054016,blocks.3.attn.q_proj,0,3,18,66,768,768,cols,1.5719996868477464,4.82415246963501,5.540901184082031,1.4645877854491118e-05,0.4051455557346344,5.436248779296875,0.4485187463869766,475.16156005859375,1.1427074670791626,0.0030299017671495676,0.3083029091358185,6.553444862365723,1.5933640903888617,4.745761394500732,5.612719535827637,1.3425426004687324e-05,0.40716367959976196,5.435441493988037
runs/polar_express_l1e-3_0605_1945,polar_express_l1e-3_0605_1945,polar_express,pe_l1e-3,20054016,blocks.4.attn.q_proj,0,4,24,66,768,768,cols,1.1649163096318618,5.303757190704346,4.0647077560424805,4.19413554482162e-05,0.31017473340034485,5.480722904205322,0.41286024685199474,497.2608337402344,1.1425817012786865,0.0017490549944341183,0.2850005328655243,6.571305274963379,1.1722853199159988,5.222074508666992,4.114203929901123,2.5288471078965813e-05,0.3115832209587097,5.480319976806641
runs/polar_express_l1e-3_0605_1945,polar_express_l1e-3_0605_1945,polar_express,pe_l1e-3,20054016,blocks.5.attn.q_proj,0,5,30,66,768,768,cols,1.0515705966224387,5.518555164337158,3.1967201232910156,1.5906992985037505e-06,0.2502259314060211,5.4366559982299805,0.42330252287582604,490.9683837890625,1.1429494619369507,0.0007884532096795738,0.29034632444381714,6.567724704742432,1.0523766810589446,5.540011405944824,3.2008421421051025,1.4841170013824012e-05,0.2510409653186798,5.4364190101623535
runs/polar_express_l1e-3_0605_1945,polar_express_l1e-3_0605_1945,polar_express,pe_l1e-3,20054016,blocks.5.mlp.fc2,0,6,35,66,768,3072,rows,0.9952952074692318,4.277912139892578,2.4425833225250244,0.0011235461570322514,0.15569230914115906,5.981529712677002,0.7166725211789563,284.35546875,0.9382333755493164,0.07864682376384735,0.23192203044891357,6.536001205444336,0.9991193595820714,4.012966156005859,2.5576324462890625,0.0011247756192460656,0.1584625244140625,5.976557731628418
runs/polar_express_l1e-3_0605_1945,polar_express_l1e-3_0605_1945,polar_express,pe_l1e-3,20054016,blocks.6.mlp.fc2,0,7,41,66,768,3072,rows,0.9916947382814814,4.434051036834717,2.203780174255371,0.0010473798029124737,0.14302004873752594,5.985942363739014,0.7175291235437747,283.45477294921875,0.9389510750770569,0.07667223364114761,0.23303267359733582,6.5345234870910645,0.9936598443975262,4.203921794891357,2.290205955505371,0.0010475434828549623,0.14513979852199554,5.981781482696533
runs/polar_express_l1e-3_0605_1945,polar_express_l1e-3_0605_1945,polar_express,pe_l1e-3,20054016,blocks.7.mlp.fc2,0,8,47,66,768,3072,rows,0.9932340209336717,4.2020416259765625,2.225679636001587,0.0009262551902793348,0.14148668944835663,5.9783196449279785,0.7158648537555959,283.6690673828125,0.9416732788085938,0.07650133967399597,0.23322071135044098,6.535188674926758,0.9946203732906167,4.059264659881592,2.28592586517334,0.0009242459200322628,0.14312303066253662,5.97506046295166
runs/polar_express_l1e-3_0605_1945,polar_express_l1e-3_0605_1945,polar_express,pe_l1e-3,20054016,blocks.8.mlp.fc2,0,9,53,66,768,3072,rows,0.9947610526441188,4.090656757354736,2.2507364749908447,0.0009680483490228653,0.14221936464309692,5.966176986694336,0.7156002884743521,283.88421630859375,0.9418652057647705,0.08133118599653244,0.23313751816749573,6.535545349121094,0.9963039142231108,3.9366724491119385,2.315110445022583,0.0009684637188911438,0.1437808722257614,5.963178634643555
runs/polar_express_l1e-3_0605_1945,polar_express_l1e-3_0605_1945,polar_express,pe_l1e-3,20054016,blocks.9.mlp.fc2,0,10,59,66,768,3072,rows,0.99658940246104,3.909418821334839,2.2926254272460938,0.0008709110552445054,0.14260566234588623,5.951362133026123,0.7181468325445978,280.4852600097656,0.9432516694068909,0.07412079721689224,0.23391395807266235,6.533233642578125,0.9981214584341122,3.7743821144104004,2.35261869430542,0.0008715724688954651,0.14402253925800323,5.948753833770752
runs/polar_express_l1e-3_0605_1945,polar_express_l1e-3_0605_1945,polar_express,pe_l1e-3,20054016,blocks.10.mlp.fc2,0,11,65,66,768,3072,rows,1.004138116165918,3.5660970211029053,2.5335052013397217,0.0009105841163545847,0.1523798704147339,5.920934200286865,0.7165021780283115,281.9770812988281,0.9433144927024841,0.07873860001564026,0.2332278937101364,6.534834861755371,1.006572130518465,3.4394047260284424,2.6019580364227295,0.0009121372131630778,0.15393216907978058,5.918252944946289
runs/polar_express_l1e-3_0605_1945,polar_express_l1e-3_0605_1945,polar_express,pe_l1e-3,30015488,blocks.0.attn.q_proj,0,0,0,66,768,768,cols,3.4255898850358513,6.987856864929199,8.934320449829102,0.00036035486846230924,0.6662232279777527,6.150088310241699,0.24602160542006413,575.257568359375,1.1430381536483765,0.0009083166369237006,0.15583068132400513,6.626889228820801,3.5076574296131766,6.829972743988037,9.074813842773438,0.000286753085674718,0.6697974801063538,6.149306297302246
runs/polar_express_l1e-3_0605_1945,polar_express_l1e-3_0605_1945,polar_express,pe_l1e-3,30015488,blocks.1.attn.q_proj,0,1,6,66,768,768,cols,2.1713395705604905,4.34761905670166,6.89587926864624,1.7923755876836367e-05,0.4783724844455719,5.480765342712402,0.4257643771493573,488.5625915527344,1.1429617404937744,0.0004849395772907883,0.2914274036884308,6.566743850708008,2.2108496835889615,4.291186809539795,6.9832305908203125,6.883284186187666e-06,0.48151010274887085,5.4785895347595215
runs/polar_express_l1e-3_0605_1945,polar_express_l1e-3_0605_1945,polar_express,pe_l1e-3,30015488,blocks.2.attn.q_proj,0,2,12,66,768,768,cols,1.800902889629874,4.193546295166016,6.3842973709106445,5.2976058213971555e-05,0.4240196943283081,5.64249324798584,0.38223303014466437,516.6393432617188,1.1426481008529663,0.004426090512424707,0.26403775811195374,6.585081577301025,1.81375206275318,4.178966045379639,6.416463375091553,4.364872438600287e-05,0.4254811108112335,5.642003536224365
runs/polar_express_l1e-3_0605_1945,polar_express_l1e-3_0605_1945,polar_express,pe_l1e-3,30015488,blocks.3.attn.q_proj,0,3,18,66,768,768,cols,2.9411163452700437,4.731590270996094,8.449262619018555,4.635596269508824e-05,0.5985103845596313,5.558467388153076,0.43096693227211164,487.5662841796875,1.1428929567337036,0.0010364835616201162,0.29730379581451416,6.562679767608643,3.037785360593066,4.603211402893066,8.623181343078613,3.610434214351699e-05,0.6029500961303711,5.556591510772705
runs/polar_express_l1e-3_0605_1945,polar_express_l1e-3_0605_1945,polar_express,pe_l1e-3,30015488,blocks.4.attn.q_proj,0,4,24,66,768,768,cols,3.090282160124636,3.5430500507354736,8.942070007324219,2.2057356545701623e-05,0.5435641407966614,5.660385608673096,0.4051183055125975,501.0088806152344,1.1431176662445068,0.001015415764413774,0.2806607484817505,6.57426643371582,3.160102892489542,3.4964375495910645,9.05479621887207,3.4607949146447936e-06,0.547141432762146,5.65908145904541
runs/polar_express_l1e-3_0605_1945,polar_express_l1e-3_0605_1945,polar_express,pe_l1e-3,30015488,blocks.5.attn.q_proj,0,5,30,66,768,768,cols,1.064953993396373,4.802769660949707,3.69557785987854,5.0281305448152125e-05,0.2545299828052521,5.799158096313477,0.325543070499373,544.66845703125,1.1431161165237427,0.002915773307904601,0.22255092859268188,6.605319023132324,1.0688335500491193,4.759161949157715,3.728065252304077,5.416818748926744e-05,0.2557085454463959,5.798586845397949
runs/polar_express_l1e-3_0605_1945,polar_express_l1e-3_0605_1945,polar_express,pe_l1e-3,30015488,blocks.5.mlp.fc2,0,6,35,66,768,3072,rows,0.9814872260907206,6.105489253997803,2.2137937545776367,0.0011122688883915544,0.15585945546627045,6.143496036529541,0.709910138987661,287.8565979003906,0.9458878636360168,0.07600860297679901,0.23437322676181793,6.536947727203369,0.9842081740170204,5.647944450378418,2.328990936279297,0.001114877057261765,0.15843671560287476,6.139820575714111
runs/polar_express_l1e-3_0605_1945,polar_express_l1e-3_0605_1945,polar_express,pe_l1e-3,30015488,blocks.6.mlp.fc2,0,7,41,66,768,3072,rows,0.9844511969119404,5.484268665313721,2.1718242168426514,0.0009228025446645916,0.14615672826766968,6.13812780380249,0.7101302429859487,285.44244384765625,0.9495896697044373,0.07155468314886093,0.2343653440475464,6.53688383102417,0.9866545081368263,5.126743793487549,2.273426055908203,0.0009245421388186514,0.14859427511692047,6.134325981140137
runs/polar_express_l1e-3_0605_1945,polar_express_l1e-3_0605_1945,polar_express,pe_l1e-3,30015488,blocks.7.mlp.fc2,0,8,47,66,768,3072,rows,0.9871673958776769,5.026019096374512,2.2169766426086426,0.000938438402954489,0.1445009559392929,6.126711845397949,0.7084886167923405,285.30535888671875,0.9528174996376038,0.07914604991674423,0.23462119698524475,6.537461757659912,0.9890910002079282,4.7683892250061035,2.3011903762817383,0.0009385126177221537,0.1466538906097412,6.123196601867676
runs/polar_express_l1e-3_0605_1945,polar_express_l1e-3_0605_1945,polar_express,pe_l1e-3,30015488,blocks.8.mlp.fc2,0,9,53,66,768,3072,rows,0.99085183219423,4.642819881439209,2.3356308937072754,0.0008699905592948198,0.14859209954738617,6.10822057723999,0.7094923681091099,286.7675476074219,0.9477963447570801,0.07901812344789505,0.23361070454120636,6.537746429443359,0.9929593383016623,4.4467573165893555,2.4123752117156982,0.0008755786111578345,0.15070950984954834,6.104637145996094
runs/polar_express_l1e-3_0605_1945,polar_express_l1e-3_0605_1945,polar_express,pe_l1e-3,30015488,blocks.9.mlp.fc2,0,10,59,66,768,3072,rows,0.9949041408906606,4.28652811050415,2.4435348510742188,0.0008778249030001462,0.15122520923614502,6.094472885131836,0.7108816111377021,287.8738708496094,0.943740725517273,0.07683119177818298,0.23354840278625488,6.537362575531006,0.99698528682569,4.149680137634277,2.5085041522979736,0.000878881779499352,0.15318875014781952,6.091069221496582
runs/polar_express_l1e-3_0605_1945,polar_express_l1e-3_0605_1945,polar_express,pe_l1e-3,30015488,blocks.10.mlp.fc2,0,11,65,66,768,3072,rows,1.0046883761616372,3.982933282852173,2.7058799266815186,0.0008948072791099548,0.16433002054691315,6.065036773681641,0.7106296409257785,287.7057800292969,0.9438833594322205,0.06963717937469482,0.23280632495880127,6.538068771362305,1.0071237670244926,3.9011645317077637,2.7584614753723145,0.0008932787459343672,0.16615842282772064,6.0619096755981445
runs/polar_express_l1e-3_0605_1945,polar_express_l1e-3_0605_1945,polar_express,pe_l1e-3,40108032,blocks.0.attn.q_proj,0,0,0,66,768,768,cols,7.684248213452113,2.6430704593658447,14.281266212463379,7.522386295022443e-05,0.7375483512878418,5.968590259552002,0.27942658551666705,560.6094970703125,1.1429754495620728,0.008773797191679478,0.18496853113174438,6.618773937225342,7.952638541540564,2.6169655323028564,14.530487060546875,7.361332245636731e-05,0.7482141256332397,5.96351432800293
runs/polar_express_l1e-3_0605_1945,polar_express_l1e-3_0605_1945,polar_express,pe_l1e-3,40108032,blocks.1.attn.q_proj,0,1,6,66,768,768,cols,4.141007992370907,2.7157161235809326,10.296399116516113,1.7778522305889055e-05,0.5755449533462524,5.397184371948242,0.43165429269453176,485.55950927734375,1.1425739526748657,0.0029953091870993376,0.29508426785469055,6.564174175262451,4.16980981875848,2.7158312797546387,10.33381175994873,4.0997697396960575e-06,0.577671468257904,5.396519184112549
runs/polar_express_l1e-3_0605_1945,polar_express_l1e-3_0605_1945,polar_express,pe_l1e-3,40108032,blocks.2.attn.q_proj,0,2,12,66,768,768,cols,4.919692991191273,2.355968713760376,11.421396255493164,4.829388217331143e-06,0.5879669189453125,5.548332691192627,0.40719773080974164,498.644287109375,1.1427056789398193,0.0033468478359282017,0.2793239951133728,6.575010776519775,4.950177188477577,2.362602710723877,11.456043243408203,2.063608008029405e-05,0.5906298160552979,5.546867370605469
runs/polar_express_l1e-3_0605_1945,polar_express_l1e-3_0605_1945,polar_express,pe_l1e-3,40108032,blocks.3.attn.q_proj,0,3,18,66,768,768,cols,12.231778517437265,2.325814723968506,17.98215675354004,2.4482273147441447e-05,0.9308764934539795,5.406467914581299,0.47350048136711836,460.022216796875,1.142640233039856,0.0011372024891898036,0.32211771607398987,6.5411152839660645,12.320239677094309,2.3423991203308105,18.022689819335938,2.1117124560987577e-05,0.9365001320838928,5.404057502746582
runs/polar_express_l1e-3_0605_1945,polar_express_l1e-3_0605_1945,polar_express,pe_l1e-3,40108032,blocks.4.attn.q_proj,0,4,24,66,768,768,cols,7.122732768244368,2.865516185760498,13.719171524047852,5.695881191059016e-05,0.7663881778717041,5.597478866577148,0.4254363891556611,489.95135498046875,1.1430045366287231,0.00042984518222510815,0.29422450065612793,6.564732551574707,7.222082124439597,2.860508680343628,13.81272029876709,6.835300155216828e-05,0.7712393403053284,5.595659255981445
runs/polar_express_l1e-3_0605_1945,polar_express_l1e-3_0605_1945,polar_express,pe_l1e-3,40108032,blocks.5.attn.q_proj,0,5,30,66,768,768,cols,1.763238126320631,2.9025611877441406,6.443861961364746,5.498135578818619e-05,0.3514026701450348,5.822627544403076,0.32082084864867927,544.3773193359375,1.1425013542175293,0.0035943235270678997,0.21821068227291107,6.606922149658203,1.7822024464882975,2.890491008758545,6.491666793823242,7.62028357712552e-05,0.3534177243709564,5.821452617645264
runs/polar_express_l1e-3_0605_1945,polar_express_l1e-3_0605_1945,polar_express,pe_l1e-3,40108032,blocks.5.mlp.fc2,0,6,35,66,768,3072,rows,0.9827412958070435,6.850470542907715,2.5264124870300293,0.000967311963904649,0.1885511875152588,6.144834518432617,0.7064008636078315,288.3720703125,0.9523786306381226,0.06867395341396332,0.2363847941160202,6.536677837371826,0.9846980740357234,6.686378002166748,2.5799217224121094,0.0009689555736258626,0.19069644808769226,6.141942024230957
runs/polar_express_l1e-3_0605_1945,polar_express_l1e-3_0605_1945,polar_express,pe_l1e-3,40108032,blocks.6.mlp.fc2,0,7,41,66,768,3072,rows,0.9863426597264943,6.069802284240723,2.5399394035339355,0.0008955741068348289,0.1804513931274414,6.130489826202393,0.7077704225390159,287.11322021484375,0.9516032338142395,0.06594046205282211,0.23560775816440582,6.536781311035156,0.9882488512013464,5.9344000816345215,2.592470169067383,0.0008966422756202519,0.18258017301559448,6.12736177444458
runs/polar_express_l1e-3_0605_1945,polar_express_l1e-3_0605_1945,polar_express,pe_l1e-3,40108032,blocks.7.mlp.fc2,0,8,47,66,768,3072,rows,0.9972395971051375,5.168700218200684,2.746178150177002,0.0009113441919907928,0.18359266221523285,6.105264186859131,0.7093287698589754,286.409423828125,0.9488805532455444,0.06760235130786896,0.23398132622241974,6.537405490875244,1.000171082283083,5.0502214431762695,2.8067100048065186,0.0009165119845420122,0.18598447740077972,6.101580619812012
runs/polar_express_l1e-3_0605_1945,polar_express_l1e-3_0605_1945,polar_express,pe_l1e-3,40108032,blocks.8.mlp.fc2,0,9,53,66,768,3072,rows,1.011478357384613,4.534014701843262,2.982560634613037,0.0009003595332615077,0.18994837999343872,6.081583499908447,0.7105151840936483,285.0788879394531,0.9486896991729736,0.07092568278312683,0.2332579344511032,6.5376739501953125,1.0159671574997866,4.426145553588867,3.0524024963378906,0.0009067134233191609,0.19262008368968964,6.077450275421143
runs/polar_express_l1e-3_0605_1945,polar_express_l1e-3_0605_1945,polar_express,pe_l1e-3,40108032,blocks.9.mlp.fc2,0,10,59,66,768,3072,rows,1.0420193357211318,3.87568736076355,3.371662139892578,0.0009463956230320036,0.20243209600448608,6.054947853088379,0.7134909240780036,288.4698486328125,0.9369256496429443,0.06991047412157059,0.23157283663749695,6.53789758682251,1.0496804414926777,3.7847506999969482,3.4534547328948975,0.0009528706432320178,0.2054809033870697,6.050274848937988
runs/polar_express_l1e-3_0605_1945,polar_express_l1e-3_0605_1945,polar_express,pe_l1e-3,40108032,blocks.10.mlp.fc2,0,11,65,66,768,3072,rows,1.1320031910811512,3.215108633041382,4.10386848449707,0.0010531439911574125,0.23008482158184052,6.011246204376221,0.7150681984147015,287.04541015625,0.9356943368911743,0.06645100563764572,0.23046456277370453,6.538088321685791,1.1491934647635567,3.1402554512023926,4.210290908813477,0.0010590065503492951,0.2339591681957245,6.005642890930176
runs/polar_express_l1e-3_0605_1945,polar_express_l1e-3_0605_1945,polar_express,pe_l1e-3,50069504,blocks.0.attn.q_proj,0,0,0,66,768,768,cols,1.644324566765404,4.56009578704834,6.090748310089111,0.00016829797823447734,0.3826389014720917,6.090371131896973,0.25658680381442134,572.4403686523438,1.1429606676101685,0.008883677423000336,0.16443100571632385,6.6249566078186035,1.6663344159900537,4.51176118850708,6.151297092437744,0.00014646213094238192,0.3846750259399414,6.089653968811035
runs/polar_express_l1e-3_0605_1945,polar_express_l1e-3_0605_1945,polar_express,pe_l1e-3,50069504,blocks.1.attn.q_proj,0,1,6,66,768,768,cols,2.476001495875214,2.9141147136688232,7.777766227722168,2.48698124778457e-05,0.4468522369861603,5.468652248382568,0.41787435771355097,494.2640075683594,1.1422946453094482,0.0017416286282241344,0.28706467151641846,6.569917678833008,2.5037329478470975,2.904313087463379,7.828594207763672,7.443350568792084e-06,0.449110746383667,5.467435359954834
runs/polar_express_l1e-3_0605_1945,polar_express_l1e-3_0605_1945,polar_express,pe_l1e-3,50069504,blocks.2.attn.q_proj,0,2,12,66,768,768,cols,2.5838433700681662,2.3621580600738525,8.184770584106445,2.1526344426092692e-05,0.4142966866493225,5.6690592765808105,0.3778570006364933,518.2435913085938,1.1432379484176636,5.609687286778353e-05,0.2610729932785034,6.586583614349365,2.609899608994921,2.3564696311950684,8.23159408569336,3.7147521652514115e-05,0.4162731170654297,5.668086528778076
runs/polar_express_l1e-3_0605_1945,polar_express_l1e-3_0605_1945,polar_express,pe_l1e-3,50069504,blocks.3.attn.q_proj,0,3,18,66,768,768,cols,6.472005689959526,2.1175310611724854,13.29351806640625,3.7026020436314866e-05,0.645634114742279,5.568377494812012,0.4544006781723633,471.3875427246094,1.143212914466858,0.00015722068201284856,0.3118036091327667,6.550436496734619,6.780846149965946,2.070861339569092,13.617371559143066,4.972764872945845e-05,0.6549900770187378,5.564270496368408
runs/polar_express_l1e-3_0605_1945,polar_express_l1e-3_0605_1945,polar_express,pe_l1e-3,50069504,blocks.4.attn.q_proj,0,4,24,66,768,768,cols,5.807739256282827,2.2962396144866943,12.591093063354492,4.099860234418884e-05,0.623694658279419,5.703453063964844,0.4002026839635959,505.7961120605469,1.1427536010742188,0.00037183836684562266,0.2781538665294647,6.576023101806641,5.908829622715919,2.2832770347595215,12.702879905700684,4.4607193558476865e-05,0.6277914643287659,5.701982498168945
runs/polar_express_l1e-3_0605_1945,polar_express_l1e-3_0605_1945,polar_express,pe_l1e-3,50069504,blocks.5.attn.q_proj,0,5,30,66,768,768,cols,1.4330770358008982,2.8626933097839355,5.529802322387695,4.3761097913375124e-05,0.2923997640609741,5.931159496307373,0.29430034720771264,555.3701171875,1.1430197954177856,0.0035164039582014084,0.19705742597579956,6.6148681640625,1.445833156827367,2.8463809490203857,5.572363376617432,1.425719619874144e-05,0.2939777672290802,5.930274486541748
runs/polar_express_l1e-3_0605_1945,polar_express_l1e-3_0605_1945,polar_express,pe_l1e-3,50069504,blocks.5.mlp.fc2,0,6,35,66,768,3072,rows,0.9725112088472275,8.331672668457031,1.9028520584106445,0.0008704261272214353,0.1452648937702179,6.241617679595947,0.7089214604587669,285.682861328125,0.9520688056945801,0.06864973157644272,0.23558884859085083,6.536340236663818,0.9736519917651822,7.728973865509033,1.9937665462493896,0.0008706448134034872,0.1472616046667099,6.2391157150268555
runs/polar_express_l1e-3_0605_1945,polar_express_l1e-3_0605_1945,polar_express,pe_l1e-3,50069504,blocks.6.mlp.fc2,0,7,41,66,768,3072,rows,0.9746676498961179,8.476776123046875,1.7601460218429565,0.0007547094719484448,0.13655392825603485,6.232883453369141,0.7076978116202561,289.8165588378906,0.9471290111541748,0.06793380528688431,0.235478013753891,6.536880970001221,0.9753328485025753,7.912933349609375,1.8375818729400635,0.000758109672460705,0.13829299807548523,6.230513572692871
runs/polar_express_l1e-3_0605_1945,polar_express_l1e-3_0605_1945,polar_express,pe_l1e-3,50069504,blocks.7.mlp.fc2,0,8,47,66,768,3072,rows,0.9774447594429939,7.283453941345215,1.8729380369186401,0.0007746645133011043,0.1373734325170517,6.2141265869140625,0.7068427234167769,288.0419616699219,0.9512946009635925,0.07128233462572098,0.23511019349098206,6.537578105926514,0.9783007423781735,6.854563236236572,1.9475820064544678,0.0007748630014248192,0.1391124129295349,6.211697578430176
runs/polar_express_l1e-3_0605_1945,polar_express_l1e-3_0605_1945,polar_express,pe_l1e-3,50069504,blocks.8.mlp.fc2,0,9,53,66,768,3072,rows,0.9804394264440875,6.258237838745117,2.055542469024658,0.0008485838770866394,0.14287853240966797,6.1915364265441895,0.7079296847816794,285.8211669921875,0.9533388018608093,0.07193243503570557,0.23509979248046875,6.53732967376709,0.9816260471553067,5.9500017166137695,2.126286745071411,0.0008499117684550583,0.1446094959974289,6.189140319824219
runs/polar_express_l1e-3_0605_1945,polar_express_l1e-3_0605_1945,polar_express,pe_l1e-3,50069504,blocks.9.mlp.fc2,0,10,59,66,768,3072,rows,0.9896848267549033,4.838353633880615,2.44716739654541,0.0008817454217933118,0.15360935032367706,6.168478488922119,0.7081405661609018,286.56585693359375,0.9512690901756287,0.06878597289323807,0.23473994433879852,6.5373945236206055,0.9917123576134268,4.670106410980225,2.5115163326263428,0.0008812106680124998,0.15533311665058136,6.166202068328857
runs/polar_express_l1e-3_0605_1945,polar_express_l1e-3_0605_1945,polar_express,pe_l1e-3,50069504,blocks.10.mlp.fc2,0,11,65,66,768,3072,rows,1.0563462614858499,3.1077816486358643,3.534666061401367,0.001037590322084725,0.18731757998466492,6.115847587585449,0.7067633675975068,288.7000427246094,0.950055718421936,0.0713404193520546,0.23454728722572327,6.53823184967041,1.0636937982091785,3.039137125015259,3.606926441192627,0.001039460301399231,0.18949054181575775,6.113279342651367
runs/polar_express_l1e-3_0605_1945,polar_express_l1e-3_0605_1945,polar_express,pe_l1e-3,60030976,blocks.0.attn.q_proj,0,0,0,66,768,768,cols,1.908746828588289,3.404954671859741,6.757294654846191,4.9410715291742235e-05,0.38083401322364807,6.0330119132995605,0.2689865979412232,566.7175903320312,1.1432949304580688,0.005417816806584597,0.175235778093338,6.621891021728516,1.9443899112078185,3.3782782554626465,6.837160587310791,9.414718806510791e-05,0.3843522071838379,6.030574798583984
runs/polar_express_l1e-3_0605_1945,polar_express_l1e-3_0605_1945,polar_express,pe_l1e-3,60030976,blocks.1.attn.q_proj,0,1,6,66,768,768,cols,2.9423631883072483,2.6355667114257812,8.50041675567627,6.745129940100014e-05,0.4686312973499298,5.427920341491699,0.4333346676533169,484.8431396484375,1.1424899101257324,0.0005090097547508776,0.2964007258415222,6.563274383544922,2.9923913542520193,2.611142158508301,8.591585159301758,5.42878988198936e-05,0.47159767150878906,5.426061630249023
runs/polar_express_l1e-3_0605_1945,polar_express_l1e-3_0605_1945,polar_express,pe_l1e-3,60030976,blocks.2.attn.q_proj,0,2,12,66,768,768,cols,3.0202414614124735,2.0464322566986084,8.941332817077637,7.802432810422033e-05,0.4258066713809967,5.651274681091309,0.3840202567161267,512.1657104492188,1.1432777643203735,0.002073892392218113,0.26449957489967346,6.5842790603637695,3.069231463282769,2.0396740436553955,9.019890785217285,4.712616646429524e-05,0.42907148599624634,5.6488728523254395
runs/polar_express_l1e-3_0605_1945,polar_express_l1e-3_0605_1945,polar_express,pe_l1e-3,60030976,blocks.3.attn.q_proj,0,3,18,66,768,768,cols,8.090940386438396,1.7966657876968384,14.913061141967773,2.615773701108992e-05,0.6755091547966003,5.544384002685547,0.4623185031163961,466.5532531738281,1.1429908275604248,9.433402738068253e-05,0.31628480553627014,6.546329498291016,8.479127305444809,1.766135573387146,15.273003578186035,3.7986137613188475e-05,0.6868987679481506,5.538610935211182
runs/polar_express_l1e-3_0605_1945,polar_express_l1e-3_0605_1945,polar_express,pe_l1e-3,60030976,blocks.4.attn.q_proj,0,4,24,66,768,768,cols,5.719314436497921,2.2132928371429443,12.49360466003418,3.172494689351879e-05,0.6089586615562439,5.717062950134277,0.3893365115903418,510.4761962890625,1.1430590152740479,0.0019779279828071594,0.27038705348968506,6.580749034881592,5.773595743993095,2.2126033306121826,12.553153991699219,9.549934475217015e-06,0.611936628818512,5.715737819671631
runs/polar_express_l1e-3_0605_1945,polar_express_l1e-3_0605_1945,polar_express,pe_l1e-3,60030976,blocks.5.attn.q_proj,0,5,30,66,768,768,cols,1.8197832426687377,2.319265604019165,6.61731481552124,7.914939487818629e-05,0.3211393356323242,5.9166998863220215,0.30014377111722634,553.327392578125,1.1429731845855713,0.004675119649618864,0.20087972283363342,6.613656044006348,1.8418072699495622,2.3135342597961426,6.669327259063721,9.214844612870365e-05,0.32354605197906494,5.914656162261963
runs/polar_express_l1e-3_0605_1945,polar_express_l1e-3_0605_1945,polar_express,pe_l1e-3,60030976,blocks.5.mlp.fc2,0,6,35,66,768,3072,rows,0.9673486757616853,11.911197662353516,1.620081901550293,0.0007505450630560517,0.1445373147726059,6.258328914642334,0.7120069771402044,284.9845886230469,0.9474244117736816,0.06451207399368286,0.23490644991397858,6.535499095916748,0.9676260425887958,11.175332069396973,1.6859183311462402,0.0007509378483518958,0.14621371030807495,6.256128787994385
runs/polar_express_l1e-3_0605_1945,polar_express_l1e-3_0605_1945,polar_express,pe_l1e-3,60030976,blocks.6.mlp.fc2,0,7,41,66,768,3072,rows,0.9709057848747261,11.705774307250977,1.527762770652771,0.0007539053331129253,0.13637985289096832,6.249969482421875,0.7114999395681639,285.2985534667969,0.9475232362747192,0.0656699389219284,0.23456230759620667,6.53602409362793,0.9710288448962828,11.074348449707031,1.5825661420822144,0.0007556466734968126,0.1378464549779892,6.247901916503906
runs/polar_express_l1e-3_0605_1945,polar_express_l1e-3_0605_1945,polar_express,pe_l1e-3,60030976,blocks.7.mlp.fc2,0,8,47,66,768,3072,rows,0.9734633410274378,9.233717918395996,1.7166205644607544,0.0007346760248765349,0.139315664768219,6.229609966278076,0.7074134245905735,289.56610107421875,0.9476990699768066,0.07304085046052933,0.23489876091480255,6.537535190582275,0.9737776671563246,8.832968711853027,1.7689772844314575,0.0007378036971203983,0.14085321128368378,6.227426052093506
runs/polar_express_l1e-3_0605_1945,polar_express_l1e-3_0605_1945,polar_express,pe_l1e-3,60030976,blocks.8.mlp.fc2,0,9,53,66,768,3072,rows,0.9757919146903736,7.729814052581787,1.9275803565979004,0.0007635162910446525,0.14692948758602142,6.203451156616211,0.7079450328716163,283.961669921875,0.9560565948486328,0.06740504503250122,0.23444922268390656,6.537973403930664,0.9763222152866234,7.476230144500732,1.9746191501617432,0.0007649304461665452,0.1484021246433258,6.201468467712402
runs/polar_express_l1e-3_0605_1945,polar_express_l1e-3_0605_1945,polar_express,pe_l1e-3,60030976,blocks.9.mlp.fc2,0,10,59,66,768,3072,rows,0.9822742458594573,6.041746616363525,2.2736260890960693,0.0007706393371336162,0.15691855549812317,6.183761119842529,0.7086491867197969,284.57757568359375,0.9534496665000916,0.07100182771682739,0.2341557741165161,6.537788391113281,0.98319754014871,5.911263465881348,2.3143930435180664,0.0007736349361948669,0.15831699967384338,6.181976795196533
runs/polar_express_l1e-3_0605_1945,polar_express_l1e-3_0605_1945,polar_express,pe_l1e-3,60030976,blocks.10.mlp.fc2,0,11,65,66,768,3072,rows,1.0141748722529413,4.30648946762085,3.039060354232788,0.0009418762056156993,0.1848200112581253,6.139271259307861,0.7071351630317627,288.9554748535156,0.9485674500465393,0.06988339871168137,0.23401165008544922,6.538522720336914,1.0168872858153302,4.245223045349121,3.0812628269195557,0.00094396568601951,0.18633989989757538,6.137516021728516
runs/polar_express_l1e-3_0605_1945,polar_express_l1e-3_0605_1945,polar_express,pe_l1e-3,70123520,blocks.0.attn.q_proj,0,0,0,66,768,768,cols,1.5808686804147736,3.772081136703491,5.9192681312561035,7.60733601055108e-05,0.34983041882514954,6.025711536407471,0.269115387686938,568.4452514648438,1.142966628074646,0.000573171186260879,0.17603661119937897,6.621623992919922,1.594905368980999,3.750288486480713,5.959158420562744,5.569458153331652e-05,0.3513559103012085,6.025017261505127
runs/polar_express_l1e-3_0605_1945,polar_express_l1e-3_0605_1945,polar_express,pe_l1e-3,70123520,blocks.1.attn.q_proj,0,1,6,66,768,768,cols,2.845518530268895,2.3852169513702393,8.514078140258789,1.5606352462782525e-05,0.4455554187297821,5.456045150756836,0.4243456079746533,491.3669128417969,1.1424416303634644,0.002230051439255476,0.2914426922798157,6.567138195037842,2.8697489659227986,2.3822901248931885,8.55324649810791,1.2062760106346104e-05,0.44741198420524597,5.454962253570557
runs/polar_express_l1e-3_0605_1945,polar_express_l1e-3_0605_1945,polar_express,pe_l1e-3,70123520,blocks.2.attn.q_proj,0,2,12,66,768,768,cols,4.702747258154773,1.615226149559021,11.329166412353516,5.311810582497856e-06,0.4880470335483551,5.611430644989014,0.38329421635404504,515.518798828125,1.142711877822876,0.0019009620882570744,0.2637028694152832,6.585227966308594,4.736791111098188,1.6134355068206787,11.37149429321289,1.59203918883577e-05,0.4896571636199951,5.611028671264648
runs/polar_express_l1e-3_0605_1945,polar_express_l1e-3_0605_1945,polar_express,pe_l1e-3,70123520,blocks.3.attn.q_proj,0,3,18,66,768,768,cols,6.5741928598062245,1.97011399269104,13.39393138885498,4.0415001421933994e-05,0.6307044625282288,5.57764196395874,0.43454200484467503,484.4389953613281,1.142775058746338,0.0016415510326623917,0.29981470108032227,6.560449600219727,6.71890593911572,1.952748417854309,13.54503345489502,2.472887899784837e-05,0.6354068517684937,5.575803279876709
runs/polar_express_l1e-3_0605_1945,polar_express_l1e-3_0605_1945,polar_express,pe_l1e-3,70123520,blocks.4.attn.q_proj,0,4,24,66,768,768,cols,5.585288032617486,2.2558648586273193,12.345327377319336,4.656481178244576e-05,0.6054967045783997,5.730371475219727,0.3754086017512251,517.6385498046875,1.1428738832473755,0.0009806619491428137,0.2605665326118469,6.586295127868652,5.594315737823054,2.259082078933716,12.355018615722656,1.5377354429801926e-05,0.6063404083251953,5.730679988861084
runs/polar_express_l1e-3_0605_1945,polar_express_l1e-3_0605_1945,polar_express,pe_l1e-3,70123520,blocks.5.attn.q_proj,0,5,30,66,768,768,cols,2.5522108878827274,1.8650270700454712,8.158707618713379,4.577447907649912e-05,0.36141860485076904,5.908012866973877,0.29665744904678676,555.2020263671875,1.142994999885559,0.0007051880238577724,0.1992257833480835,6.613968372344971,2.574751244180173,1.860041618347168,8.199912071228027,4.622224878403358e-05,0.3628696799278259,5.907564163208008
runs/polar_express_l1e-3_0605_1945,polar_express_l1e-3_0605_1945,polar_express,pe_l1e-3,70123520,blocks.5.mlp.fc2,0,6,35,66,768,3072,rows,0.9619278405168016,15.399554252624512,1.5172585248947144,0.0007064309320412576,0.15238025784492493,6.264406204223633,0.7120294142582287,285.4010925292969,0.9469835758209229,0.06625766307115555,0.23520024120807648,6.535320281982422,0.9619582613946137,14.842904090881348,1.5514214038848877,0.0007099945214577019,0.15315525233745575,6.263744354248047
runs/polar_express_l1e-3_0605_1945,polar_express_l1e-3_0605_1945,polar_express,pe_l1e-3,70123520,blocks.6.mlp.fc2,0,7,41,66,768,3072,rows,0.9662800219838824,14.177409172058105,1.4821892976760864,0.0007251572096720338,0.1446138322353363,6.252151012420654,0.7125558606256155,287.2126159667969,0.9425911903381348,0.06768015027046204,0.23452982306480408,6.535662651062012,0.9662743782916187,13.741470336914062,1.511384129524231,0.0007249499321915209,0.1453392207622528,6.251503944396973
runs/polar_express_l1e-3_0605_1945,polar_express_l1e-3_0605_1945,polar_express,pe_l1e-3,70123520,blocks.7.mlp.fc2,0,8,47,66,768,3072,rows,0.968787266684828,11.292780876159668,1.6472830772399902,0.0006983368657529354,0.14638611674308777,6.234020233154297,0.7093530652659159,288.3096618652344,0.9456948041915894,0.06596802920103073,0.2338312268257141,6.537607192993164,0.9688691690481682,11.00313663482666,1.6752554178237915,0.0007002403144724667,0.14710405468940735,6.2334089279174805
runs/polar_express_l1e-3_0605_1945,polar_express_l1e-3_0605_1945,polar_express,pe_l1e-3,70123520,blocks.8.mlp.fc2,0,9,53,66,768,3072,rows,0.9715391860930632,8.754364967346191,1.9359655380249023,0.0006965561769902706,0.1558825969696045,6.205713272094727,0.7098143338702074,288.2568664550781,0.9449809193611145,0.06572301685810089,0.2336873710155487,6.537597179412842,0.9717912251305021,8.590024948120117,1.9621033668518066,0.000697858224157244,0.1566527634859085,6.205053806304932
runs/polar_express_l1e-3_0605_1945,polar_express_l1e-3_0605_1945,polar_express,pe_l1e-3,70123520,blocks.9.mlp.fc2,0,10,59,66,768,3072,rows,0.9803247631354111,6.588050365447998,2.3703503608703613,0.0007818791200406849,0.1707446277141571,6.178746223449707,0.7091101111965114,285.9017028808594,0.949964702129364,0.0646420493721962,0.23349852859973907,6.538127899169922,0.9810187308073107,6.496352195739746,2.3969552516937256,0.0007832805858924985,0.17162621021270752,6.177969932556152
runs/polar_express_l1e-3_0605_1945,polar_express_l1e-3_0605_1945,polar_express,pe_l1e-3,70123520,blocks.10.mlp.fc2,0,11,65,66,768,3072,rows,1.0199503653787434,4.744417667388916,3.1455280780792236,0.0008091033669188619,0.2009904384613037,6.1311492919921875,0.7070679205032051,288.669921875,0.9490020275115967,0.05772506073117256,0.23382173478603363,6.538599014282227,1.0219986127174059,4.702111721038818,3.172861337661743,0.0008079894469119608,0.20200371742248535,6.130283355712891
runs/polar_express_l1e-3_0605_1945,polar_express_l1e-3_0605_1945,polar_express,pe_l1e-3,80084992,blocks.0.attn.q_proj,0,0,0,66,768,768,cols,1.5835724219622205,3.734168767929077,5.865654468536377,2.4227325411629863e-05,0.3486352562904358,6.002787113189697,0.26928015597083443,566.7432861328125,1.142848014831543,0.0027443403378129005,0.17636120319366455,6.621575832366943,1.5968634548944718,3.7180991172790527,5.902353286743164,3.825933163170703e-05,0.35024482011795044,6.001952648162842
runs/polar_express_l1e-3_0605_1945,polar_express_l1e-3_0605_1945,polar_express,pe_l1e-3,80084992,blocks.1.attn.q_proj,0,1,6,66,768,768,cols,3.0230971696979503,2.4496374130249023,8.762089729309082,3.5173382002540166e-06,0.46541109681129456,5.440210342407227,0.4330020683500882,486.41015625,1.1428279876708984,0.0016819642623886466,0.2983072102069855,6.56193208694458,3.0644332236503025,2.433793783187866,8.832733154296875,1.9630777387646958e-05,0.4677595794200897,5.438889026641846
runs/polar_express_l1e-3_0605_1945,polar_express_l1e-3_0605_1945,polar_express,pe_l1e-3,80084992,blocks.2.attn.q_proj,0,2,12,66,768,768,cols,4.026320457113011,1.7564644813537598,10.441099166870117,4.969288784195669e-05,0.46557044982910156,5.643373012542725,0.38007459315582715,514.916748046875,1.1424647569656372,5.498000609804876e-05,0.26214364171028137,6.585560321807861,4.097555966772727,1.7465170621871948,10.538052558898926,6.92129378876416e-06,0.4688027501106262,5.641561508178711
runs/polar_express_l1e-3_0605_1945,polar_express_l1e-3_0605_1945,polar_express,pe_l1e-3,80084992,blocks.3.attn.q_proj,0,3,18,66,768,768,cols,7.469139295770929,1.8442422151565552,14.306790351867676,2.1611855117953382e-05,0.6553794741630554,5.568239212036133,0.4338893324820226,483.6802673339844,1.1430516242980957,0.002319208113476634,0.2984679043292999,6.561313629150391,7.648349925821435,1.8281034231185913,14.481388092041016,1.052517745847581e-05,0.6609160900115967,5.565910816192627
runs/polar_express_l1e-3_0605_1945,polar_express_l1e-3_0605_1945,polar_express,pe_l1e-3,80084992,blocks.4.attn.q_proj,0,4,24,66,768,768,cols,8.11008819543015,1.8416827917099,14.950113296508789,6.609658157685772e-05,0.6733713150024414,5.706559181213379,0.3920520911264396,507.8316650390625,1.1431299448013306,0.0019262083806097507,0.2718440592288971,6.579743385314941,8.245917277210257,1.830973744392395,15.076436042785645,6.124437641119584e-05,0.677459180355072,5.705314636230469
runs/polar_express_l1e-3_0605_1945,polar_express_l1e-3_0605_1945,polar_express,pe_l1e-3,80084992,blocks.5.attn.q_proj,0,5,30,66,768,768,cols,2.636325578590469,1.8284505605697632,8.31233024597168,9.515605779597536e-05,0.3647707998752594,5.914248943328857,0.30238177040187986,552.3740234375,1.1431841850280762,0.0028988246340304613,0.2035411298274994,6.612439155578613,2.691101328588363,1.8137967586517334,8.409590721130371,0.00010209377069259062,0.36795860528945923,5.9122419357299805
runs/polar_express_l1e-3_0605_1945,polar_express_l1e-3_0605_1945,polar_express,pe_l1e-3,80084992,blocks.5.mlp.fc2,0,6,35,66,768,3072,rows,0.9594770327384939,12.92232894897461,1.7828470468521118,0.0008562587900087237,0.1647624373435974,6.263955116271973,0.7119469612907652,286.35321044921875,0.9450255036354065,0.07091858983039856,0.23448140919208527,6.535984992980957,0.9598295570284345,12.355849266052246,1.8328253030776978,0.0008603786118328571,0.165970116853714,6.262725830078125
runs/polar_express_l1e-3_0605_1945,polar_express_l1e-3_0605_1945,polar_express,pe_l1e-3,80084992,blocks.6.mlp.fc2,0,7,41,66,768,3072,rows,0.9642696975042119,11.555728912353516,1.7811814546585083,0.0007969707367010415,0.15818281471729279,6.249050617218018,0.7115519716578154,285.6822204589844,0.9466693997383118,0.06801006197929382,0.23420043289661407,6.536463737487793,0.9645691573217697,11.123343467712402,1.8248628377914429,0.0007977167842909694,0.1593027114868164,6.2478766441345215
runs/polar_express_l1e-3_0605_1945,polar_express_l1e-3_0605_1945,polar_express,pe_l1e-3,80084992,blocks.7.mlp.fc2,0,8,47,66,768,3072,rows,0.9685902880597186,9.279781341552734,1.9885791540145874,0.0007210480398498476,0.16244062781333923,6.223455905914307,0.7096793670344844,285.3598327636719,0.9503540396690369,0.0653734877705574,0.23430801928043365,6.537111282348633,0.9691739972559282,8.974326133728027,2.0334184169769287,0.0007248018519021571,0.16367460787296295,6.222081184387207
runs/polar_express_l1e-3_0605_1945,polar_express_l1e-3_0605_1945,polar_express,pe_l1e-3,80084992,blocks.8.mlp.fc2,0,9,53,66,768,3072,rows,0.9746315853260419,7.593418121337891,2.2909607887268066,0.000723459932487458,0.17412032186985016,6.19384765625,0.708610782082197,286.7090148925781,0.9496719241142273,0.06212178245186806,0.23390938341617584,6.5378737449646,0.9758987318902931,7.3531622886657715,2.342085361480713,0.0007270387723110616,0.17553265392780304,6.192277431488037
runs/polar_express_l1e-3_0605_1945,polar_express_l1e-3_0605_1945,polar_express,pe_l1e-3,80084992,blocks.9.mlp.fc2,0,10,59,66,768,3072,rows,0.9979320506156981,5.524999141693115,2.8591885566711426,0.0008077662205323577,0.19152002036571503,6.165687561035156,0.7068169138484973,289.02752685546875,0.9492186903953552,0.05975865200161934,0.23429258167743683,6.538337707519531,1.0017570286347228,5.3449177742004395,2.9284510612487793,0.0008104910375550389,0.19342121481895447,6.163640975952148
runs/polar_express_l1e-3_0605_1945,polar_express_l1e-3_0605_1945,polar_express,pe_l1e-3,80084992,blocks.10.mlp.fc2,0,11,65,66,768,3072,rows,1.1950958851869522,3.126314640045166,4.5199294090271,0.0009436216787435114,0.24246901273727417,6.098353385925293,0.7077830864338517,288.9644470214844,0.9471026062965393,0.060953348875045776,0.23345600068569183,6.538661956787109,1.217923243883666,3.0363144874572754,4.635324478149414,0.0009470916702412069,0.24577435851097107,6.095126628875732
runs/polar_express_l1e-3_0605_1945,polar_express_l1e-3_0605_1945,polar_express,pe_l1e-3,90046464,blocks.0.attn.q_proj,0,0,0,66,768,768,cols,1.6438392092307184,3.744229316711426,5.956256866455078,8.212934517359827e-06,0.3593173623085022,5.9694318771362305,0.2775074892576752,563.7463989257812,1.1430169343948364,0.0037352137733250856,0.18382249772548676,6.619161128997803,1.6675434049937816,3.70457124710083,6.01878547668457,1.5022426850919146e-05,0.3614905774593353,5.96815824508667
runs/polar_express_l1e-3_0605_1945,polar_express_l1e-3_0605_1945,polar_express,pe_l1e-3,90046464,blocks.1.attn.q_proj,0,1,6,66,768,768,cols,4.63757224808018,1.8091504573822021,11.194588661193848,7.966809789650142e-06,0.516584038734436,5.402008056640625,0.43468671049082885,483.83404541015625,1.1424838304519653,0.00033668274409137666,0.29802989959716797,6.561857223510742,4.621895447481686,1.8157224655151367,11.173908233642578,4.105276821064763e-05,0.516466498374939,5.402924537658691
runs/polar_express_l1e-3_0605_1945,polar_express_l1e-3_0605_1945,polar_express,pe_l1e-3,90046464,blocks.2.attn.q_proj,0,2,12,66,768,768,cols,3.7339780237549824,1.8561956882476807,10.022586822509766,5.182248423807323e-05,0.4581034779548645,5.653170585632324,0.36690902913817197,523.5969848632812,1.1430683135986328,0.006774191744625568,0.2529606223106384,6.590984344482422,3.738835728632765,1.8599724769592285,10.028936386108398,6.167109677335247e-05,0.45881834626197815,5.653224945068359
runs/polar_express_l1e-3_0605_1945,polar_express_l1e-3_0605_1945,polar_express,pe_l1e-3,90046464,blocks.3.attn.q_proj,0,3,18,66,768,768,cols,13.82495925665307,1.434476375579834,19.555877685546875,3.940699025406502e-05,0.8069495558738708,5.483105659484863,0.46604010521127176,462.7602844238281,1.1427408456802368,0.0004935605102218688,0.31731271743774414,6.5448713302612305,14.351537218425289,1.4197276830673218,19.927188873291016,1.0658258361218031e-05,0.8188134431838989,5.477750778198242
runs/polar_express_l1e-3_0605_1945,polar_express_l1e-3_0605_1945,polar_express,pe_l1e-3,90046464,blocks.4.attn.q_proj,0,4,24,66,768,768,cols,9.529262614768845,1.6698025465011597,16.219331741333008,3.367540193721652e-05,0.7025303244590759,5.6933183670043945,0.37832983192737407,517.56689453125,1.1426738500595093,0.0012371086049824953,0.26276013255119324,6.585351467132568,9.539465309173528,1.6717454195022583,16.227949142456055,4.141395402257331e-05,0.7032248973846436,5.693670749664307
runs/polar_express_l1e-3_0605_1945,polar_express_l1e-3_0605_1945,polar_express,pe_l1e-3,90046464,blocks.5.attn.q_proj,0,5,30,66,768,768,cols,2.7387748359998567,1.8400018215179443,8.489720344543457,1.0764390935946722e-05,0.3750067353248596,5.900258541107178,0.29517773487818544,556.1375122070312,1.1429342031478882,0.0033100072760134935,0.19736891984939575,6.6148152351379395,2.7540315256522763,1.8387665748596191,8.516204833984375,4.833084403799148e-06,0.3760969042778015,5.899946212768555
runs/polar_express_l1e-3_0605_1945,polar_express_l1e-3_0605_1945,polar_express,pe_l1e-3,90046464,blocks.5.mlp.fc2,0,6,35,66,768,3072,rows,0.956507693527072,13.180577278137207,1.862099289894104,0.000775725522544235,0.1745530068874359,6.259233474731445,0.7113399890703463,284.6626892089844,0.9492290019989014,0.06413369625806808,0.23494753241539001,6.5358500480651855,0.9567929064629396,12.795666694641113,1.8963172435760498,0.0007771298987790942,0.17532792687416077,6.258704662322998
runs/polar_express_l1e-3_0605_1945,polar_express_l1e-3_0605_1945,polar_express,pe_l1e-3,90046464,blocks.6.mlp.fc2,0,7,41,66,768,3072,rows,0.9625531891498355,11.270697593688965,1.8865519762039185,0.0006897422717884183,0.16605162620544434,6.2449822425842285,0.7128734903792421,284.9739990234375,0.9457185864448547,0.05835941061377525,0.23441971838474274,6.535611152648926,0.9628146572828858,10.992679595947266,1.9166250228881836,0.0006898421561345458,0.16676756739616394,6.244458198547363
runs/polar_express_l1e-3_0605_1945,polar_express_l1e-3_0605_1945,polar_express,pe_l1e-3,90046464,blocks.7.mlp.fc2,0,8,47,66,768,3072,rows,0.9695983065584435,8.46183967590332,2.184225559234619,0.0007680953131057322,0.17128707468509674,6.219255447387695,0.7102041615895013,286.73004150390625,0.9470625519752502,0.06521480530500412,0.23407244682312012,6.537112712860107,0.9701674935709012,8.284610748291016,2.2150461673736572,0.0007707326440140605,0.17203955352306366,6.218750476837158
runs/polar_express_l1e-3_0605_1945,polar_express_l1e-3_0605_1945,polar_express,pe_l1e-3,90046464,blocks.8.mlp.fc2,0,9,53,66,768,3072,rows,0.9770922351530534,7.252023696899414,2.4564640522003174,0.000714299560058862,0.18350200355052948,6.187010765075684,0.7093143853262543,287.83343505859375,0.9468950033187866,0.05977385863661766,0.23440121114253998,6.537132740020752,0.9779859344706789,7.123412609100342,2.4869439601898193,0.0007153634796850383,0.18427230417728424,6.186524391174316
runs/polar_express_l1e-3_0605_1945,polar_express_l1e-3_0605_1945,polar_express,pe_l1e-3,90046464,blocks.9.mlp.fc2,0,10,59,66,768,3072,rows,1.0088201095028533,5.253998756408691,3.0771257877349854,0.0007855662843212485,0.2022835612297058,6.156895160675049,0.7082378854396945,288.483642578125,0.947441041469574,0.06270630657672882,0.2339317947626114,6.538087844848633,1.011019222371299,5.1768341064453125,3.11128830909729,0.0007875708397477865,0.2031875103712082,6.1563310623168945
runs/polar_express_l1e-3_0605_1945,polar_express_l1e-3_0605_1945,polar_express,pe_l1e-3,90046464,blocks.10.mlp.fc2,0,11,65,66,768,3072,rows,1.1764505024577052,3.3492164611816406,4.428319931030273,0.0008716389420442283,0.2444659322500229,6.102352619171143,0.7060235621323427,287.9488525390625,0.9522813558578491,0.05557016655802727,0.23420350253582,6.538821697235107,1.1876595635487421,3.2923810482025146,4.4897074699401855,0.000870965828653425,0.24604468047618866,6.101353168487549
runs/polar_express_l1e-3_0605_1945,polar_express_l1e-3_0605_1945,polar_express,pe_l1e-3,100007936,blocks.0.attn.q_proj,0,0,0,66,768,768,cols,2.0539715567793566,3.142709493637085,6.993177890777588,2.7989892259938642e-05,0.3920324742794037,5.937725067138672,0.28066155615246313,561.3692626953125,1.1426745653152466,0.005417658481746912,0.18556195497512817,6.618618965148926,2.058573230739806,3.1532297134399414,7.001095771789551,2.2481590349343605e-05,0.39307624101638794,5.937651634216309
runs/polar_express_l1e-3_0605_1945,polar_express_l1e-3_0605_1945,polar_express,pe_l1e-3,100007936,blocks.1.attn.q_proj,0,1,6,66,768,768,cols,5.5712415708280725,1.904887080192566,12.238261222839355,8.363782399101183e-06,0.5814917683601379,5.344860076904297,0.4603087292408489,466.3245544433594,1.1423238515853882,0.002264592796564102,0.3123975992202759,6.549431800842285,5.625789921323045,1.9040788412094116,12.298661231994629,1.3440250768326223e-05,0.5843008756637573,5.343552112579346
runs/polar_express_l1e-3_0605_1945,polar_express_l1e-3_0605_1945,polar_express,pe_l1e-3,100007936,blocks.2.attn.q_proj,0,2,12,66,768,768,cols,5.911998900049613,1.5731061697006226,12.738022804260254,1.805538522603456e-05,0.5436345338821411,5.606634140014648,0.3818669816409454,514.9559936523438,1.1426490545272827,0.0016295184614136815,0.2636178135871887,6.584926605224609,5.95754322131632,1.5722047090530396,12.788046836853027,1.899139715533238e-05,0.5456463098526001,5.606213569641113
runs/polar_express_l1e-3_0605_1945,polar_express_l1e-3_0605_1945,polar_express,pe_l1e-3,100007936,blocks.3.attn.q_proj,0,3,18,66,768,768,cols,7.640543460561339,1.8441561460494995,14.472906112670898,7.531423034379259e-05,0.6626214385032654,5.578863620758057,0.418613234034257,492.2091979980469,1.1425740718841553,0.00034823649912141263,0.2878575623035431,6.569070339202881,7.774860032814751,1.8376901149749756,14.601048469543457,8.22740257717669e-05,0.667604386806488,5.57655668258667
runs/polar_express_l1e-3_0605_1945,polar_express_l1e-3_0605_1945,polar_express,pe_l1e-3,100007936,blocks.4.attn.q_proj,0,4,24,66,768,768,cols,13.202703917583884,1.5690828561782837,19.107406616210938,1.9277405954198912e-05,0.8097897171974182,5.6502532958984375,0.4169811745872911,494.8255920410156,1.1425917148590088,0.0031957875471562147,0.2885185480117798,6.568875312805176,13.716424171868887,1.5525932312011719,19.477617263793945,2.199056871177163e-05,0.8221036195755005,5.64558219909668
runs/polar_express_l1e-3_0605_1945,polar_express_l1e-3_0605_1945,polar_express,pe_l1e-3,100007936,blocks.5.attn.q_proj,0,5,30,66,768,768,cols,3.4344273565168195,1.7018755674362183,9.609678268432617,0.0001409160322509706,0.41207319498062134,5.888299942016602,0.29927946029468183,552.9305419921875,1.142889142036438,0.006821007467806339,0.20088420808315277,6.613480567932129,3.466671284581179,1.6990151405334473,9.657920837402344,0.00010800198651850224,0.413891464471817,5.887813568115234
runs/polar_express_l1e-3_0605_1945,polar_express_l1e-3_0605_1945,polar_express,pe_l1e-3,100007936,blocks.5.mlp.fc2,0,6,35,66,768,3072,rows,0.9592207953446149,11.057940483093262,2.1885175704956055,0.0008908822201192379,0.19103853404521942,6.24951171875,0.710208291120426,283.2921447753906,0.9539613127708435,0.06803774833679199,0.23562967777252197,6.53575325012207,0.9596956914009581,10.871742248535156,2.216972827911377,0.0008959132246673107,0.19210486114025116,6.248697280883789
runs/polar_express_l1e-3_0605_1945,polar_express_l1e-3_0605_1945,polar_express,pe_l1e-3,100007936,blocks.6.mlp.fc2,0,7,41,66,768,3072,rows,0.9686711580403278,8.761466026306152,2.334221363067627,0.0008039123495109379,0.18550832569599152,6.228752613067627,0.712116478535225,284.30999755859375,0.947925329208374,0.06376956403255463,0.23422351479530334,6.5361223220825195,0.9696707798261723,8.561555862426758,2.373760461807251,0.0008091945783235133,0.1867840439081192,6.227616786956787
runs/polar_express_l1e-3_0605_1945,polar_express_l1e-3_0605_1945,polar_express,pe_l1e-3,100007936,blocks.7.mlp.fc2,0,8,47,66,768,3072,rows,0.9876687209319382,6.538912296295166,2.7561323642730713,0.0008271719561889768,0.19576558470726013,6.195736408233643,0.708070777088274,286.7626647949219,0.9510989785194397,0.0664171427488327,0.23469361662864685,6.537480354309082,0.9894944553792736,6.433447360992432,2.793860912322998,0.0008326817769557238,0.1971328854560852,6.194492340087891
runs/polar_express_l1e-3_0605_1945,polar_express_l1e-3_0605_1945,polar_express,pe_l1e-3,100007936,blocks.8.mlp.fc2,0,9,53,66,768,3072,rows,1.0102728784821708,5.529829978942871,3.1049818992614746,0.0008076408412307501,0.20828314125537872,6.163862705230713,0.7066335626754396,288.7317810058594,0.9502300024032593,0.0654880478978157,0.2346341460943222,6.538088798522949,1.0125364808585575,5.481525897979736,3.1347744464874268,0.0008148460183292627,0.20960929989814758,6.162702560424805
runs/polar_express_l1e-3_0605_1945,polar_express_l1e-3_0605_1945,polar_express,pe_l1e-3,100007936,blocks.9.mlp.fc2,0,10,59,66,768,3072,rows,1.0578425970164231,4.590716361999512,3.5915002822875977,0.0008839381043799222,0.2255176156759262,6.135380744934082,0.7073881656264174,286.8138122558594,0.9518020153045654,0.06361329555511475,0.2342485636472702,6.538148403167725,1.0620760544694183,4.552022933959961,3.626584768295288,0.0008866591961123049,0.2270287424325943,6.1340765953063965
runs/polar_express_l1e-3_0605_1945,polar_express_l1e-3_0605_1945,polar_express,pe_l1e-3,100007936,blocks.10.mlp.fc2,0,11,65,66,768,3072,rows,1.2733944068892833,3.3724327087402344,4.830077171325684,0.0009909475920721889,0.2720792293548584,6.072696208953857,0.7062146217631265,288.6445617675781,0.9505731463432312,0.0684686005115509,0.23386244475841522,6.539041042327881,1.2819964951075427,3.361603260040283,4.863995552062988,0.0010004035430029035,0.27377748489379883,6.071224212646484
runs/vanilla_0605_1925,vanilla_0605_1925,vanilla,vanilla,10092544,blocks.0.attn.q_proj,0,0,0,66,768,768,cols,176.63797853515004,3.831542491912842,60.032657623291016,9.863083687378094e-05,4.0975470542907715,4.960416316986084,0.9444920662209213,61.85318374633789,1.0018798112869263,6.162101635709405e-05,0.23672644793987274,5.875938415527344,176.55729961417168,3.833216428756714,60.037044525146484,2.1730475054937415e-05,4.098534107208252,4.961371421813965
runs/vanilla_0605_1925,vanilla_0605_1925,vanilla,vanilla,10092544,blocks.1.attn.q_proj,0,1,6,66,768,768,cols,2.4965015885937847,2.019824981689453,7.703210830688477,1.971747906281962e-06,0.3910837471485138,3.7006874084472656,0.9800383113402662,24.664186477661133,1.0016412734985352,1.371238900205185e-09,0.17050306499004364,4.930755138397217,2.543535294014008,2.0109918117523193,7.789061069488525,1.8849554805910884e-07,0.3946041166782379,3.695368528366089
runs/vanilla_0605_1925,vanilla_0605_1925,vanilla,vanilla,10092544,blocks.2.attn.q_proj,0,2,12,66,768,768,cols,2.0596974267085466,1.6710799932479858,7.030052661895752,1.3445253443933325e-06,0.32535940408706665,3.452117443084717,0.9833302357424244,20.863178253173828,1.0016083717346191,1.2952234555996256e-06,0.15827274322509766,4.77310848236084,2.088131311890726,1.665427565574646,7.093365669250488,9.535701224194781e-07,0.3277433216571808,3.448843479156494
runs/vanilla_0605_1925,vanilla_0605_1925,vanilla,vanilla,10092544,blocks.3.attn.q_proj,0,3,18,66,768,768,cols,1.492605875893148,1.9384098052978516,5.432707786560059,1.392549364709339e-07,0.27080240845680237,3.383016586303711,0.9834225995841074,20.7104549407959,1.0016999244689941,6.439589924411848e-06,0.15775996446609497,4.755052089691162,1.5008385087446756,1.9362784624099731,5.45995569229126,3.120335989592604e-08,0.27201220393180847,3.3817992210388184
runs/vanilla_0605_1925,vanilla_0605_1925,vanilla,vanilla,10092544,blocks.4.attn.q_proj,0,4,24,66,768,768,cols,1.0233622526542647,1.9765669107437134,2.648857831954956,7.630205232089793e-07,0.13332751393318176,3.4725124835968018,0.9826708184792615,21.537405014038086,1.0017004013061523,5.63052992674784e-07,0.16048434376716614,4.827823638916016,1.024143835207284,1.9775623083114624,2.6648542881011963,1.012040229397826e-06,0.13416904211044312,3.4691553115844727
runs/vanilla_0605_1925,vanilla_0605_1925,vanilla,vanilla,10092544,blocks.5.attn.q_proj,0,5,30,66,768,768,cols,1.0436699092317436,2.242738723754883,2.9905755519866943,6.574929329872248e-07,0.16027399897575378,3.40500807762146,0.982867315325763,21.487987518310547,1.001628041267395,1.7491721564510954e-06,0.16059769690036774,4.7679595947265625,1.0442650434635115,2.251133680343628,2.9957387447357178,7.751991688564885e-07,0.16085109114646912,3.404153823852539
runs/vanilla_0605_1925,vanilla_0605_1925,vanilla,vanilla,10092544,blocks.5.mlp.fc2,0,6,35,66,768,3072,rows,13.821303245274382,1.2054495811462402,19.560380935668945,0.0011746964883059263,0.7656092047691345,4.462127685546875,0.9850321530875334,31.569595336914062,0.6385986804962158,0.001049446756951511,0.11692734062671661,5.476656913757324,13.780081716979675,1.2085230350494385,19.53040885925293,0.0011759857879951596,0.7653797268867493,4.4613871574401855
runs/vanilla_0605_1925,vanilla_0605_1925,vanilla,vanilla,10092544,blocks.6.mlp.fc2,0,7,41,66,768,3072,rows,13.34491505175712,1.1888223886489868,19.220767974853516,0.0010445109801366925,0.747882604598999,4.396605014801025,0.9856844813226089,29.85625457763672,0.6419882774353027,0.0010176007635891438,0.11474674195051193,5.45102071762085,13.30469011692558,1.1915843486785889,19.191116333007812,0.001044922973960638,0.7475680708885193,4.396108627319336
runs/vanilla_0605_1925,vanilla_0605_1925,vanilla,vanilla,10092544,blocks.7.mlp.fc2,0,8,47,66,768,3072,rows,14.088967326524205,1.1631749868392944,19.752592086791992,0.0009945378405973315,0.761124849319458,4.325350761413574,0.9858044441959721,28.777587890625,0.6515510678291321,0.0009709657751955092,0.11458742618560791,5.4320526123046875,14.046315328717174,1.1655967235565186,19.722082138061523,0.0009952947730198503,0.7607139348983765,4.325067520141602
runs/vanilla_0605_1925,vanilla_0605_1925,vanilla,vanilla,10092544,blocks.8.mlp.fc2,0,9,53,66,768,3072,rows,12.824321055596885,1.1741435527801514,18.840551376342773,0.000875165918841958,0.7294714450836182,4.289181709289551,0.986487262134375,28.32246208190918,0.6406526565551758,0.000943611201364547,0.11228640377521515,5.396416187286377,12.789667133284858,1.1768665313720703,18.814298629760742,0.000874852470587939,0.7292766571044922,4.288682460784912
runs/vanilla_0605_1925,vanilla_0605_1925,vanilla,vanilla,10092544,blocks.9.mlp.fc2,0,10,59,66,768,3072,rows,11.839588706454487,1.1667091846466064,18.10032844543457,0.00085830147145316,0.6989811062812805,4.237462520599365,0.9872464763948853,27.15558624267578,0.6340194940567017,0.0008514968794770539,0.10906755179166794,5.377444267272949,11.80888702053948,1.1693166494369507,18.07605743408203,0.0008567774202674627,0.6988031268119812,4.237051963806152
runs/vanilla_0605_1925,vanilla_0605_1925,vanilla,vanilla,10092544,blocks.10.mlp.fc2,0,11,65,66,768,3072,rows,10.333122610616629,1.1946696043014526,16.896879196166992,0.0008289163815788925,0.6601129770278931,4.217417240142822,0.987593356992562,26.497604370117188,0.6330581307411194,0.0008374007302336395,0.10795461386442184,5.346417427062988,10.310258223792625,1.1979773044586182,16.876869201660156,0.0008289783727377653,0.6602265238761902,4.216578006744385
runs/vanilla_0605_1925,vanilla_0605_1925,vanilla,vanilla,20054016,blocks.0.attn.q_proj,0,0,0,66,768,768,cols,26.960595187186467,6.8822760581970215,20.5434513092041,0.00032334457500837743,1.8226815462112427,5.419775009155273,0.9235938178956918,82.08387756347656,1.0020530223846436,0.00013932882575318217,0.25306713581085205,6.06736421585083,27.556003069203722,6.626688480377197,21.08167266845703,0.00038493037573061883,1.8362219333648682,5.416566848754883
runs/vanilla_0605_1925,vanilla_0605_1925,vanilla,vanilla,20054016,blocks.1.attn.q_proj,0,1,6,66,768,768,cols,3.172690803956344,3.327091932296753,8.203531265258789,4.046637968713185e-06,0.5295706391334534,4.183901786804199,0.9696976217771831,37.53511047363281,1.0017133951187134,2.882181661334471e-06,0.2063065618276596,5.119734287261963,3.2250689482993438,3.3432977199554443,8.256949424743652,4.306253686081618e-06,0.5343785285949707,4.178654193878174
runs/vanilla_0605_1925,vanilla_0605_1925,vanilla,vanilla,20054016,blocks.2.attn.q_proj,0,2,12,66,768,768,cols,1.6923756509544485,3.1376824378967285,5.756766319274902,1.1786290770032792e-06,0.3604279160499573,4.252186298370361,0.9694090363910604,37.588199615478516,1.0017943382263184,1.0259853979732725e-06,0.2061665803194046,5.133029937744141,1.744756961271157,3.065277576446533,5.9000678062438965,7.298979767256242e-07,0.3652145564556122,4.245379447937012
runs/vanilla_0605_1925,vanilla_0605_1925,vanilla,vanilla,20054016,blocks.3.attn.q_proj,0,3,18,66,768,768,cols,1.5642971481159225,2.4727745056152344,5.755642414093018,5.99254804001248e-07,0.31930360198020935,4.362575531005859,0.9675375329759759,39.43922424316406,1.0018517971038818,1.9978785985586e-06,0.21016265451908112,5.1788649559021,1.6362734956235336,2.378467082977295,5.9768877029418945,2.565177965152543e-06,0.3253563344478607,4.353175163269043
runs/vanilla_0605_1925,vanilla_0605_1925,vanilla,vanilla,20054016,blocks.4.attn.q_proj,0,4,24,66,768,768,cols,1.058024640504688,3.5698859691619873,3.240042209625244,1.1504365460268673e-08,0.21492095291614532,4.479735851287842,0.9606847828829446,47.860530853271484,1.001867413520813,2.261938107039896e-06,0.2281467467546463,5.307431697845459,1.0637024702241205,3.502305030822754,3.303544282913208,6.300602990449988e-07,0.21710272133350372,4.475111484527588
runs/vanilla_0605_1925,vanilla_0605_1925,vanilla,vanilla,20054016,blocks.5.attn.q_proj,0,5,30,66,768,768,cols,1.169451635795454,3.1530325412750244,4.1219329833984375,1.864701744125341e-06,0.25716856122016907,4.47620964050293,0.9612769576175498,46.86293411254883,1.001814842224121,1.7687862055026926e-05,0.22599250078201294,5.29813289642334,1.1866364034366266,3.079709768295288,4.222275733947754,2.661428652572795e-06,0.2604367733001709,4.47040319442749
runs/vanilla_0605_1925,vanilla_0605_1925,vanilla,vanilla,20054016,blocks.5.mlp.fc2,0,6,35,66,768,3072,rows,1.0268547346083337,3.1364011764526367,3.0200729370117188,0.0010751403169706464,0.17868219316005707,5.552011013031006,0.9679379598246433,61.07680130004883,0.6684653759002686,0.0027348774019628763,0.14966876804828644,6.006629943847656,1.0368188797765976,2.968006134033203,3.1671950817108154,0.0010789720108732581,0.18271216750144958,5.542891502380371
runs/vanilla_0605_1925,vanilla_0605_1925,vanilla,vanilla,20054016,blocks.6.mlp.fc2,0,7,41,66,768,3072,rows,1.0235345917448566,3.0189969539642334,2.9583585262298584,0.00091274653095752,0.17171694338321686,5.56281852722168,0.96678155351469,63.106231689453125,0.6690927147865295,0.0024814915377646685,0.15106284618377686,6.024524688720703,1.0319012278748914,2.8693857192993164,3.091963768005371,0.0009148560930043459,0.1753503382205963,5.554473400115967
runs/vanilla_0605_1925,vanilla_0605_1925,vanilla,vanilla,20054016,blocks.7.mlp.fc2,0,8,47,66,768,3072,rows,1.025710579240124,2.9110121726989746,2.9883573055267334,0.0009621406788937747,0.1705971360206604,5.5594072341918945,0.96699202194082,60.86491012573242,0.679140567779541,0.0026151007041335106,0.15056435763835907,6.026154518127441,1.034086300338193,2.7729434967041016,3.1185834407806396,0.0009640281787142158,0.17412307858467102,5.551375389099121
runs/vanilla_0605_1925,vanilla_0605_1925,vanilla,vanilla,20054016,blocks.8.mlp.fc2,0,9,53,66,768,3072,rows,1.0330721563685965,2.761167287826538,3.098054885864258,0.0009213387384079397,0.1728057861328125,5.54567813873291,0.9676744269261305,58.922245025634766,0.6829591989517212,0.002378347096964717,0.1492762565612793,6.022586345672607,1.0426979553030946,2.630965232849121,3.232799768447876,0.0009214425226673484,0.17637568712234497,5.537764549255371
runs/vanilla_0605_1925,vanilla_0605_1925,vanilla,vanilla,20054016,blocks.9.mlp.fc2,0,10,59,66,768,3072,rows,1.0253458728339555,2.995755434036255,2.9637198448181152,0.000836369872558862,0.17235387861728668,5.526167392730713,0.9684729405559411,58.27452087402344,0.6781638264656067,0.0023289623204618692,0.14784561097621918,6.016788959503174,1.0331155164433061,2.8537521362304688,3.0877695083618164,0.000838180014397949,0.17557281255722046,5.518978595733643
runs/vanilla_0605_1925,vanilla_0605_1925,vanilla,vanilla,20054016,blocks.10.mlp.fc2,0,11,65,66,768,3072,rows,1.057781067005645,2.622163772583008,3.3892014026641846,0.000992352026514709,0.1861085146665573,5.467818260192871,0.9714027050960011,56.37724685668945,0.6559119820594788,0.0026583452709019184,0.14237970113754272,5.989824295043945,1.0704506055337255,2.5097742080688477,3.5254268646240234,0.0009956364519894123,0.1897037774324417,5.46018123626709
runs/vanilla_0605_1925,vanilla_0605_1925,vanilla,vanilla,30015488,blocks.0.attn.q_proj,0,0,0,66,768,768,cols,15.795081376261082,6.189626216888428,17.06607437133789,3.988402022514492e-05,1.4130704402923584,5.587587356567383,0.9096507320304267,94.30070495605469,1.0018913745880127,7.240806735353544e-05,0.2568493187427521,6.162848472595215,16.22644226578341,5.990372657775879,17.47494125366211,1.178403454105137e-05,1.4243398904800415,5.584522247314453
runs/vanilla_0605_1925,vanilla_0605_1925,vanilla,vanilla,30015488,blocks.1.attn.q_proj,0,1,6,66,768,768,cols,2.1878312652614635,2.9988625049591064,7.127800941467285,3.1819820378586883e-06,0.43183475732803345,4.617988586425781,0.958134591060382,50.40433120727539,1.0025900602340698,5.491187039297074e-06,0.23302462697029114,5.344259738922119,2.278265377143309,2.9120125770568848,7.327566146850586,4.4193220674060285e-06,0.43765759468078613,4.611438274383545
runs/vanilla_0605_1925,vanilla_0605_1925,vanilla,vanilla,30015488,blocks.2.attn.q_proj,0,2,12,66,768,768,cols,1.3954722883410944,3.9796884059906006,4.9020538330078125,4.021163022116525e-06,0.3400963842868805,4.760134220123291,0.9493951959388756,60.494171142578125,1.0019056797027588,2.6367357349954545e-05,0.2503963112831116,5.4683308601379395,1.4175929466455572,3.9270012378692627,4.980525970458984,3.3755804906832054e-07,0.3433495759963989,4.755781173706055
runs/vanilla_0605_1925,vanilla_0605_1925,vanilla,vanilla,30015488,blocks.3.attn.q_proj,0,3,18,66,768,768,cols,1.3541535784186258,3.9455206394195557,4.811173439025879,5.385382792155724e-06,0.3302289843559265,4.913875102996826,0.941294501600393,69.46307373046875,1.0017844438552856,3.612825821619481e-05,0.2630724012851715,5.579004764556885,1.376763035533545,3.8704023361206055,4.900041103363037,7.046847713354509e-06,0.333236426115036,4.910390377044678
runs/vanilla_0605_1925,vanilla_0605_1925,vanilla,vanilla,30015488,blocks.4.attn.q_proj,0,4,24,66,768,768,cols,1.1077571320352488,4.0323357582092285,3.796938419342041,9.306090760219377e-06,0.26158255338668823,5.016846656799316,0.9335969183056788,78.53166198730469,1.0019155740737915,5.2260935490267e-07,0.27517056465148926,5.658335208892822,1.1149861512210377,3.978908061981201,3.848712921142578,8.755863746046089e-06,0.2634715437889099,5.014301300048828
runs/vanilla_0605_1925,vanilla_0605_1925,vanilla,vanilla,30015488,blocks.5.attn.q_proj,0,5,30,66,768,768,cols,1.1153984160583559,4.5914740562438965,3.772747755050659,2.6288125809514895e-07,0.2762654721736908,5.064548015594482,0.9354677334656091,75.80902862548828,1.0018154382705688,2.1992613255861215e-05,0.27109017968177795,5.643739223480225,1.132708377312063,4.411774635314941,3.8969309329986572,4.789990725839743e-06,0.2799329459667206,5.059104919433594
runs/vanilla_0605_1925,vanilla_0605_1925,vanilla,vanilla,30015488,blocks.5.mlp.fc2,0,6,35,66,768,3072,rows,0.984740264076671,6.010671615600586,1.8839129209518433,0.0008649128722026944,0.14194121956825256,5.947864532470703,0.9433766110926383,97.58808135986328,0.700258731842041,0.002822287380695343,0.16976472735404968,6.263537406921387,0.9859095407580063,5.612415313720703,1.9757457971572876,0.0008688034140504897,0.14431259036064148,5.942440032958984
runs/vanilla_0605_1925,vanilla_0605_1925,vanilla,vanilla,30015488,blocks.6.mlp.fc2,0,7,41,66,768,3072,rows,0.9848658018167826,5.944759368896484,1.8124115467071533,0.0008206822676584125,0.1350555419921875,5.967116355895996,0.9393471524673246,102.3917007446289,0.7074768543243408,0.002906334586441517,0.17230531573295593,6.284286975860596,0.9857252948532482,5.574423789978027,1.8941947221755981,0.0008212740649469197,0.13709521293640137,5.962438106536865
runs/vanilla_0605_1925,vanilla_0605_1925,vanilla,vanilla,30015488,blocks.7.mlp.fc2,0,8,47,66,768,3072,rows,0.9859966050350025,5.5862932205200195,1.8891754150390625,0.000779879919718951,0.1368117481470108,5.969841003417969,0.9385637804509046,103.1653060913086,0.7086855173110962,0.002889032941311598,0.17178872227668762,6.29256010055542,0.9868764704240301,5.299457550048828,1.9611294269561768,0.0007831454277038574,0.13870088756084442,5.965578079223633
runs/vanilla_0605_1925,vanilla_0605_1925,vanilla,vanilla,30015488,blocks.8.mlp.fc2,0,9,53,66,768,3072,rows,0.9864746670650546,5.617941856384277,1.976786494255066,0.0009042299352586269,0.14496861398220062,5.944261074066162,0.9391372346453178,103.40562438964844,0.7049833536148071,0.0029698878061026335,0.1722082644701004,6.286121845245361,0.9874597666671472,5.36310338973999,2.043236017227173,0.0009049137006513774,0.14672502875328064,5.940460205078125
runs/vanilla_0605_1925,vanilla_0605_1925,vanilla,vanilla,30015488,blocks.9.mlp.fc2,0,10,59,66,768,3072,rows,0.9920659142860986,4.915442943572998,2.2772748470306396,0.0008658685837872326,0.158724844455719,5.904226303100586,0.9448896712234567,95.98113250732422,0.6954386234283447,0.002673989860340953,0.16657021641731262,6.26903772354126,0.9937688640139388,4.734915733337402,2.3432533740997314,0.0008666369831189513,0.1606052964925766,5.900390625
runs/vanilla_0605_1925,vanilla_0605_1925,vanilla,vanilla,30015488,blocks.10.mlp.fc2,0,11,65,66,768,3072,rows,1.0098787835809213,4.294384002685547,2.7474091053009033,0.0009702846291474998,0.18290798366069794,5.829789638519287,0.9506830589832659,87.48771667480469,0.6892377734184265,0.0029219600837677717,0.1622220128774643,6.236759185791016,1.0134432570241114,4.160473346710205,2.8184926509857178,0.0009732138132676482,0.18498332798480988,5.825913429260254
runs/vanilla_0605_1925,vanilla_0605_1925,vanilla,vanilla,40108032,blocks.0.attn.q_proj,0,0,0,66,768,768,cols,44.09229009691445,4.563692092895508,28.47524070739746,3.726390059455298e-05,2.0697450637817383,5.443995952606201,0.9371969745403368,67.36192321777344,1.0019640922546387,0.00012295202759560198,0.2332746386528015,6.0517449378967285,46.855772191738986,4.426369667053223,29.495824813842773,5.157648047315888e-05,2.1143147945404053,5.433150291442871
runs/vanilla_0605_1925,vanilla_0605_1925,vanilla,vanilla,40108032,blocks.1.attn.q_proj,0,1,6,66,768,768,cols,13.300658593534804,2.438227653503418,17.771860122680664,3.1119935783863184e-07,0.9831995368003845,4.320241928100586,0.968537223587336,37.06151580810547,1.0019423961639404,3.0959258765506092e-06,0.20295904576778412,5.228965759277344,13.747523393960913,2.424079656600952,18.07828140258789,5.801146471640095e-06,0.9974294304847717,4.312530517578125
runs/vanilla_0605_1925,vanilla_0605_1925,vanilla,vanilla,40108032,blocks.2.attn.q_proj,0,2,12,66,768,768,cols,35.96140668495564,1.4436041116714478,31.44425392150879,3.982606813224265e-06,1.34144127368927,4.408517360687256,0.9700748544271565,34.435890197753906,1.0018197298049927,7.611436103616143e-06,0.19564440846443176,5.217040538787842,38.55729149189823,1.4176195859909058,32.57426834106445,1.2886029253422748e-05,1.3778191804885864,4.393887042999268
runs/vanilla_0605_1925,vanilla_0605_1925,vanilla,vanilla,40108032,blocks.3.attn.q_proj,0,3,18,66,768,768,cols,4.0833578135473445,2.803830623626709,10.19177532196045,2.321549800399225e-06,0.5883840322494507,5.040806770324707,0.9353530013314172,74.7134780883789,1.0018887519836426,1.6013185813790187e-05,0.26759788393974304,5.67656946182251,4.185812576997965,2.793966770172119,10.317933082580566,5.906471415073611e-06,0.5948522686958313,5.036215782165527
runs/vanilla_0605_1925,vanilla_0605_1925,vanilla,vanilla,40108032,blocks.4.attn.q_proj,0,4,24,66,768,768,cols,2.4992375404824445,2.697887420654297,7.8709917068481445,2.9916402127128094e-05,0.44377079606056213,5.138429641723633,0.9263233690114182,84.55109405517578,1.0019142627716064,4.8384426918346435e-05,0.27893924713134766,5.756902694702148,2.508182930371579,2.718883514404297,7.8802618980407715,1.924095158756245e-05,0.4460316300392151,5.13652229309082
runs/vanilla_0605_1925,vanilla_0605_1925,vanilla,vanilla,40108032,blocks.5.attn.q_proj,0,5,30,66,768,768,cols,2.4859126453966103,3.013124704360962,7.734893798828125,2.8378569822962163e-06,0.46006691455841064,5.150483131408691,0.92258380345702,88.71321868896484,1.00186026096344,2.395784031250514e-05,0.28398171067237854,5.772789001464844,2.503717806233707,3.0088999271392822,7.769418239593506,1.3772249758403632e-06,0.4618103802204132,5.149741172790527
runs/vanilla_0605_1925,vanilla_0605_1925,vanilla,vanilla,40108032,blocks.5.mlp.fc2,0,6,35,66,768,3072,rows,1.0199707377313054,6.330452919006348,2.9455087184906006,0.0009487087954767048,0.2316586971282959,5.91636323928833,0.9398780036676977,99.76777648925781,0.715330183506012,0.002565403701737523,0.17324307560920715,6.280278205871582,1.0266439908801421,6.048379898071289,3.0486550331115723,0.0009558538440614939,0.23482930660247803,5.91156005859375
runs/vanilla_0605_1925,vanilla_0605_1925,vanilla,vanilla,40108032,blocks.6.mlp.fc2,0,7,41,66,768,3072,rows,1.0019091330237833,6.662909030914307,2.6851470470428467,0.000846397946588695,0.21488498151302338,5.94374418258667,0.9380804876816812,100.86649322509766,0.7207644581794739,0.002478130394592881,0.17251764237880707,6.297856330871582,1.0063242210119507,6.366706371307373,2.777561664581299,0.000852945086080581,0.2177162617444992,5.939218997955322
runs/vanilla_0605_1925,vanilla_0605_1925,vanilla,vanilla,40108032,blocks.7.mlp.fc2,0,8,47,66,768,3072,rows,1.0185579563764422,5.988582611083984,2.955317735671997,0.000884962035343051,0.22555726766586304,5.935458183288574,0.940359782275582,100.905517578125,0.7059729099273682,0.002302961889654398,0.16894403100013733,6.298941612243652,1.022598289433191,5.878958702087402,3.010653495788574,0.0008906235452741385,0.22799380123615265,5.931702136993408
runs/vanilla_0605_1925,vanilla_0605_1925,vanilla,vanilla,40108032,blocks.8.mlp.fc2,0,9,53,66,768,3072,rows,1.0921772377624543,4.6070356369018555,3.7129547595977783,0.0011140888091176748,0.2527182102203369,5.8949384689331055,0.9444752727951607,96.47222900390625,0.696882426738739,0.0026454755570739508,0.1660938560962677,6.282007694244385,1.1001660906383923,4.564103126525879,3.7665181159973145,0.0011224921327084303,0.2555062174797058,5.890877723693848
runs/vanilla_0605_1925,vanilla_0605_1925,vanilla,vanilla,40108032,blocks.9.mlp.fc2,0,10,59,66,768,3072,rows,1.253083997291188,3.7650551795959473,4.616828918457031,0.0011541381245478988,0.2890221178531647,5.846045970916748,0.9495064867972969,88.63182830810547,0.6925804018974304,0.00257301377132535,0.1610356867313385,6.2643914222717285,1.2649124880209333,3.763861656188965,4.658170700073242,0.0011675237910822034,0.2918505072593689,5.842224597930908
runs/vanilla_0605_1925,vanilla_0605_1925,vanilla,vanilla,40108032,blocks.10.mlp.fc2,0,11,65,66,768,3072,rows,1.6048893358977014,3.362717390060425,5.765594005584717,0.0013165791751816869,0.3483263850212097,5.750554084777832,0.957039852412238,78.19098663330078,0.6798198223114014,0.0024400600232183933,0.15399126708507538,6.222081661224365,1.6257645276752681,3.3670618534088135,5.811431884765625,0.0013302837032824755,0.3515854775905609,5.746590614318848
runs/vanilla_0605_1925,vanilla_0605_1925,vanilla,vanilla,50069504,blocks.0.attn.q_proj,0,0,0,66,768,768,cols,5.4067551962427585,9.303845405578613,9.044479370117188,0.0001539948716526851,0.8818796277046204,5.815256118774414,0.8698449445877456,132.59378051757812,1.0021761655807495,7.71626437199302e-05,0.2771468162536621,6.270713806152344,5.522769136833675,8.986754417419434,9.26058578491211,7.544269465142861e-05,0.8881282210350037,5.812880516052246
runs/vanilla_0605_1925,vanilla_0605_1925,vanilla,vanilla,50069504,blocks.1.attn.q_proj,0,1,6,66,768,768,cols,2.505971704212421,3.262526750564575,7.549376010894775,1.05715980680543e-05,0.4736994206905365,4.869877338409424,0.9452927822672251,64.0450439453125,1.0018290281295776,2.517169150451082e-06,0.2524893581867218,5.602250099182129,2.561103144473964,3.2184906005859375,7.661684036254883,1.7144866433227435e-05,0.4776232838630676,4.866279125213623
runs/vanilla_0605_1925,vanilla_0605_1925,vanilla,vanilla,50069504,blocks.2.attn.q_proj,0,2,12,66,768,768,cols,7.29598310866019,2.506143569946289,13.97372817993164,7.850663678254932e-06,0.7647567391395569,4.924554347991943,0.9369168546926098,74.4697036743164,1.0026512145996094,1.6798327123979107e-05,0.2717977464199066,5.562326431274414,7.506887613255882,2.4648287296295166,14.188611030578613,5.624148343486013e-06,0.7703647613525391,4.922555923461914
runs/vanilla_0605_1925,vanilla_0605_1925,vanilla,vanilla,50069504,blocks.3.attn.q_proj,0,3,18,66,768,768,cols,2.249542424796399,3.58131742477417,7.42563009262085,3.788787216763012e-05,0.4679158329963684,5.4015278816223145,0.9010218018611567,113.57146453857422,1.0025794506072998,1.5565396097372286e-05,0.30817291140556335,5.904265403747559,2.290775653428726,3.5386316776275635,7.510102272033691,4.812440965906717e-05,0.470597505569458,5.4001898765563965
runs/vanilla_0605_1925,vanilla_0605_1925,vanilla,vanilla,50069504,blocks.4.attn.q_proj,0,4,24,66,768,768,cols,1.1696625171746766,3.9850552082061768,4.331116676330566,1.4278232811193448e-05,0.28480637073516846,5.495205879211426,0.8921764842714311,122.73162078857422,1.0020344257354736,2.9394472221611068e-05,0.31387248635292053,5.957301616668701,1.1806459682261927,3.9194536209106445,4.39305305480957,2.374199902988039e-05,0.28664419054985046,5.493578910827637
runs/vanilla_0605_1925,vanilla_0605_1925,vanilla,vanilla,50069504,blocks.5.attn.q_proj,0,5,30,66,768,768,cols,1.3979129787686364,3.195223808288574,5.313472270965576,7.955939508974552e-06,0.31656667590141296,5.447232723236084,0.9004005827590476,112.22454071044922,1.0021748542785645,0.00010440898040542379,0.30437010526657104,5.920395374298096,1.4223013001548954,3.1425864696502686,5.399531841278076,1.538075230200775e-05,0.3192588984966278,5.44460391998291
runs/vanilla_0605_1925,vanilla_0605_1925,vanilla,vanilla,50069504,blocks.5.mlp.fc2,0,6,35,66,768,3072,rows,0.9691456411435785,21.07012176513672,1.1442816257476807,0.0007663762080483139,0.14326868951320648,6.168889045715332,0.9029268233022467,146.11190795898438,0.7495038509368896,0.0028486258815973997,0.18894100189208984,6.398514747619629,0.9690541720335958,19.443452835083008,1.1982123851776123,0.0007692953804507852,0.1444009393453598,6.167036056518555
runs/vanilla_0605_1925,vanilla_0605_1925,vanilla,vanilla,50069504,blocks.6.mlp.fc2,0,7,41,66,768,3072,rows,0.9707840325379622,15.439929962158203,1.3174045085906982,0.0007071305299177766,0.1414484977722168,6.175140380859375,0.901595944310724,148.8517608642578,0.7472352981567383,0.0026170576456934214,0.1883043497800827,6.404783725738525,0.9707856155248167,14.472607612609863,1.3690917491912842,0.0007092691375873983,0.14262422919273376,6.173259735107422
runs/vanilla_0605_1925,vanilla_0605_1925,vanilla,vanilla,50069504,blocks.7.mlp.fc2,0,8,47,66,768,3072,rows,0.9713735230774664,14.040604591369629,1.3739374876022339,0.0007067470578476787,0.14027592539787292,6.183465957641602,0.9029323981689951,151.08132934570312,0.7353281378746033,0.002523937728255987,0.18543429672718048,6.408880710601807,0.971414543084652,13.166437149047852,1.4276427030563354,0.0007070911233313382,0.14146354794502258,6.181605815887451
runs/vanilla_0605_1925,vanilla_0605_1925,vanilla,vanilla,50069504,blocks.8.mlp.fc2,0,9,53,66,768,3072,rows,0.969492659392286,10.895552635192871,1.7371575832366943,0.0008719267207197845,0.1597600132226944,6.15871000289917,0.9075783269358546,141.74783325195312,0.740743100643158,0.002815371612086892,0.18373025953769684,6.400055885314941,0.9699967374671639,10.285152435302734,1.7995644807815552,0.0008711683913134038,0.16116082668304443,6.156741619110107
runs/vanilla_0605_1925,vanilla_0605_1925,vanilla,vanilla,50069504,blocks.9.mlp.fc2,0,10,59,66,768,3072,rows,0.9806625587650534,7.272267818450928,2.445227861404419,0.0010076978942379355,0.19024387001991272,6.117653846740723,0.91693474280303,136.3093719482422,0.7151898741722107,0.002877209335565567,0.17858727276325226,6.383649826049805,0.9827845870562377,7.005772113800049,2.508145332336426,0.001011731568723917,0.19192440807819366,6.115595817565918
runs/vanilla_0605_1925,vanilla_0605_1925,vanilla,vanilla,50069504,blocks.10.mlp.fc2,0,11,65,66,768,3072,rows,1.048297805713565,5.431357383728027,3.450058698654175,0.001282604061998427,0.24342183768749237,6.031453609466553,0.9290280741160808,120.27973175048828,0.7036582231521606,0.0028238112572580576,0.17277833819389343,6.351736068725586,1.0541145253230988,5.322476863861084,3.5064728260040283,0.0012858376139774919,0.24522610008716583,6.029553413391113
runs/vanilla_0605_1925,vanilla_0605_1925,vanilla,vanilla,60030976,blocks.0.attn.q_proj,0,0,0,66,768,768,cols,2.972265121733167,6.195025444030762,7.721350193023682,0.00023577988031320274,0.6103324294090271,5.84736442565918,0.8664172274436794,136.50917053222656,1.0021655559539795,0.00010147196735488251,0.2820866107940674,6.262091636657715,3.062135277341725,6.056526184082031,7.880823612213135,0.00020862517703790218,0.6167196035385132,5.843763828277588
runs/vanilla_0605_1925,vanilla_0605_1925,vanilla,vanilla,60030976,blocks.1.attn.q_proj,0,1,6,66,768,768,cols,2.4498175167918546,3.069798707962036,7.623674392700195,4.459229330677772e-06,0.46234267950057983,4.966728210449219,0.9418464134084822,67.15797424316406,1.003022313117981,2.933465839305427e-05,0.255881130695343,5.659632205963135,2.517692414185031,3.01210355758667,7.762364864349365,1.1592960618145298e-06,0.46647322177886963,4.963283538818359
runs/vanilla_0605_1925,vanilla_0605_1925,vanilla,vanilla,60030976,blocks.2.attn.q_proj,0,2,12,66,768,768,cols,7.286984034869034,2.798218011856079,13.760403633117676,2.84392499452224e-05,0.7940434217453003,4.956705570220947,0.9411156240858372,68.93833923339844,1.0031377077102661,1.7049031839633244e-06,0.26301950216293335,5.538747787475586,7.67992817350073,2.708139657974243,14.174812316894531,2.5621213353588246e-05,0.805273711681366,4.951015949249268
runs/vanilla_0605_1925,vanilla_0605_1925,vanilla,vanilla,60030976,blocks.3.attn.q_proj,0,3,18,66,768,768,cols,2.8331756376369595,3.166769027709961,8.499839782714844,2.1525771444430575e-05,0.5018712282180786,5.480161666870117,0.8991502296205568,113.56279754638672,1.0022990703582764,6.808500620536506e-05,0.30441293120384216,5.938760757446289,2.892684931282832,3.1496143341064453,8.590574264526367,3.4162072552135214e-05,0.506212055683136,5.477171897888184
runs/vanilla_0605_1925,vanilla_0605_1925,vanilla,vanilla,60030976,blocks.4.attn.q_proj,0,4,24,66,768,768,cols,1.380827457520688,3.1603586673736572,5.293798923492432,3.596256283344701e-05,0.30955708026885986,5.563864707946777,0.8865418769756777,126.51521301269531,1.0023103952407837,4.6024113544262946e-05,0.31256377696990967,6.00498628616333,1.4001261320422262,3.122518539428711,5.362842559814453,4.848207754548639e-05,0.31191882491111755,5.561743259429932
runs/vanilla_0605_1925,vanilla_0605_1925,vanilla,vanilla,60030976,blocks.5.attn.q_proj,0,5,30,66,768,768,cols,1.2861971916152015,3.6656203269958496,4.900794506072998,1.5485654785152292e-06,0.3079337477684021,5.550548553466797,0.8846016168706966,129.15785217285156,1.0020039081573486,3.2830837881192565e-05,0.31630760431289673,5.994284152984619,1.2994761112567403,3.6250662803649902,4.956549644470215,2.3900382075225934e-05,0.3098616600036621,5.548941135406494
runs/vanilla_0605_1925,vanilla_0605_1925,vanilla,vanilla,60030976,blocks.5.mlp.fc2,0,6,35,66,768,3072,rows,0.9632127440640291,16.895977020263672,1.4377483129501343,0.0007546936976723373,0.15962103009223938,6.187469482421875,0.9014081194791644,147.7436065673828,0.7506861090660095,0.002372404793277383,0.1884227991104126,6.404877662658691,0.9632801242436175,15.79387092590332,1.498440146446228,0.0007552592433057725,0.16127444803714752,6.185038089752197
runs/vanilla_0605_1925,vanilla_0605_1925,vanilla,vanilla,60030976,blocks.6.mlp.fc2,0,7,41,66,768,3072,rows,0.965290792850865,16.816547393798828,1.3869624137878418,0.0007584196282550693,0.1528785526752472,6.198642253875732,0.8996146641985574,151.54095458984375,0.7471896409988403,0.0023103340063244104,0.1871727854013443,6.414002895355225,0.9652938899990586,15.735628128051758,1.4442392587661743,0.0007597862277179956,0.15439169108867645,6.196356773376465
runs/vanilla_0605_1925,vanilla_0605_1925,vanilla,vanilla,60030976,blocks.7.mlp.fc2,0,8,47,66,768,3072,rows,0.9666021253960108,15.264729499816895,1.4312397241592407,0.0007152226753532887,0.14968930184841156,6.208750247955322,0.9000587952495113,150.57000732421875,0.7471870183944702,0.002385576954111457,0.18522495031356812,6.418612957000732,0.9666299309042373,14.371562957763672,1.4856854677200317,0.0007180249085649848,0.15117110311985016,6.206510066986084
runs/vanilla_0605_1925,vanilla_0605_1925,vanilla,vanilla,60030976,blocks.8.mlp.fc2,0,9,53,66,768,3072,rows,0.9665122392728827,10.573469161987305,1.9423786401748657,0.0008057900704443455,0.17402896285057068,6.1823530197143555,0.9054644200554889,149.20822143554688,0.7293086647987366,0.002434429479762912,0.18214857578277588,6.412139415740967,0.9674760029651975,10.041329383850098,2.0097157955169678,0.0008054847130551934,0.17601372301578522,6.179625034332275
runs/vanilla_0605_1925,vanilla_0605_1925,vanilla,vanilla,60030976,blocks.9.mlp.fc2,0,10,59,66,768,3072,rows,0.9816823464269138,7.313448905944824,2.6366426944732666,0.0010108951246365905,0.20188020169734955,6.155949115753174,0.9130140284920673,139.38246154785156,0.7227585911750793,0.0026059444062411785,0.17742104828357697,6.402769088745117,0.9841488464227353,7.109710216522217,2.693880796432495,0.0010133270407095551,0.20383547246456146,6.153603553771973
runs/vanilla_0605_1925,vanilla_0605_1925,vanilla,vanilla,60030976,blocks.10.mlp.fc2,0,11,65,66,768,3072,rows,1.1061177082581337,4.99265718460083,3.9761264324188232,0.0013324873289093375,0.2662021517753601,6.07031774520874,0.9260097999632009,123.69613647460938,0.70733243227005,0.002430247375741601,0.17135098576545715,6.373451232910156,1.115975862132663,4.903071880340576,4.041398525238037,0.001337141846306622,0.2685724198818207,6.067880153656006
runs/vanilla_0605_1925,vanilla_0605_1925,vanilla,vanilla,70123520,blocks.0.attn.q_proj,0,0,0,66,768,768,cols,2.094728375194001,6.168276786804199,6.457767486572266,8.622785571787972e-06,0.5074917078018188,5.844598770141602,0.8480620819129251,156.24058532714844,1.0020148754119873,7.47477388358675e-05,0.29539763927459717,6.276256561279297,2.1084660857212767,6.157846450805664,6.483669281005859,2.3295597202377394e-05,0.5091833472251892,5.844127655029297
runs/vanilla_0605_1925,vanilla_0605_1925,vanilla,vanilla,70123520,blocks.1.attn.q_proj,0,1,6,66,768,768,cols,3.134294150116209,2.9596264362335205,8.766810417175293,6.5659642132231966e-06,0.5222614407539368,4.972177982330322,0.9369637248686054,72.62621307373047,1.0023717880249023,8.092828466033097e-06,0.2629488408565521,5.706609725952148,3.130366140300613,2.985102415084839,8.746003150939941,3.345792038089712e-06,0.5232428908348083,4.972036838531494
runs/vanilla_0605_1925,vanilla_0605_1925,vanilla,vanilla,70123520,blocks.2.attn.q_proj,0,2,12,66,768,768,cols,5.096487570348755,3.9063167572021484,10.95758056640625,8.08743789093569e-06,0.7407230138778687,5.048986434936523,0.9247117507425296,88.28948211669922,1.0036433935165405,1.8532360627432354e-05,0.2893252670764923,5.6684088706970215,5.164892974814727,3.8713483810424805,11.046943664550781,1.2729654372378718e-05,0.7435217499732971,5.048340320587158
runs/vanilla_0605_1925,vanilla_0605_1925,vanilla,vanilla,70123520,blocks.3.attn.q_proj,0,3,18,66,768,768,cols,3.265561201432744,2.964994430541992,9.262595176696777,1.3170551028451882e-05,0.5263784527778625,5.534818172454834,0.8860282321541575,127.97419738769531,1.0026836395263672,2.6898009309661575e-05,0.3148965835571289,5.99975061416626,3.3238431984877894,2.935314178466797,9.353893280029297,2.828979995683767e-05,0.5291290879249573,5.533787250518799
runs/vanilla_0605_1925,vanilla_0605_1925,vanilla,vanilla,70123520,blocks.4.attn.q_proj,0,4,24,66,768,768,cols,1.5148162826697082,2.961790084838867,5.744593620300293,8.349944437213708e-06,0.32383206486701965,5.621591567993164,0.8755332357855206,137.6282501220703,1.0020806789398193,0.0001029102859320119,0.3176676332950592,6.057516098022461,1.53057113140268,2.937155246734619,5.793820858001709,2.724272053455934e-05,0.32536518573760986,5.6208367347717285
runs/vanilla_0605_1925,vanilla_0605_1925,vanilla,vanilla,70123520,blocks.5.attn.q_proj,0,5,30,66,768,768,cols,1.370277331914206,3.500788688659668,5.239438533782959,3.3161089959321544e-05,0.3199215233325958,5.608243942260742,0.8771423075103388,135.92001342773438,1.0022028684616089,7.895892485976219e-05,0.3183605670928955,6.035740852355957,1.387709183155708,3.452436685562134,5.3043212890625,1.2755725947499741e-05,0.3218081295490265,5.6070733070373535
runs/vanilla_0605_1925,vanilla_0605_1925,vanilla,vanilla,70123520,blocks.5.mlp.fc2,0,6,35,66,768,3072,rows,0.9517390488662328,33.82644271850586,1.1552863121032715,0.0008143822778947651,0.17766714096069336,6.206491947174072,0.8886800104374682,163.13421630859375,0.7596212029457092,0.002518503228202462,0.19346268475055695,6.423640251159668,0.951571871689297,33.22185516357422,1.1694637537002563,0.0008148597553372383,0.17833654582500458,6.205906867980957
runs/vanilla_0605_1925,vanilla_0605_1925,vanilla,vanilla,70123520,blocks.6.mlp.fc2,0,7,41,66,768,3072,rows,0.9556769007305332,28.8847713470459,1.1957380771636963,0.0007725223549641669,0.17041629552841187,6.208840370178223,0.8888557908038307,157.61903381347656,0.7714443802833557,0.0025389979127794504,0.19144994020462036,6.429075241088867,0.9555226627504948,28.753849029541016,1.2019550800323486,0.0007744842441752553,0.17099283635616302,6.208375930786133
runs/vanilla_0605_1925,vanilla_0605_1925,vanilla,vanilla,70123520,blocks.7.mlp.fc2,0,8,47,66,768,3072,rows,0.9563354920875111,28.65329933166504,1.1931560039520264,0.0007123038521967828,0.1692064255475998,6.213415145874023,0.8886920549026653,164.70140075683594,0.7547132968902588,0.0024179520551115274,0.19022169709205627,6.432830333709717,0.9562010758559113,28.16050148010254,1.2071008682250977,0.000713329529389739,0.1697942167520523,6.212926864624023
runs/vanilla_0605_1925,vanilla_0605_1925,vanilla,vanilla,70123520,blocks.8.mlp.fc2,0,9,53,66,768,3072,rows,0.9566315794548137,14.694950103759766,1.869214653968811,0.0009184765513055027,0.19547469913959503,6.1889801025390625,0.894409528118975,156.07875061035156,0.7544938921928406,0.0026585084851831198,0.18711812794208527,6.42800760269165,0.956725663934382,14.508049964904785,1.8869333267211914,0.0009212676086463034,0.1961708664894104,6.188456058502197
runs/vanilla_0605_1925,vanilla_0605_1925,vanilla,vanilla,70123520,blocks.9.mlp.fc2,0,10,59,66,768,3072,rows,0.9774881883432189,8.884393692016602,2.6894314289093018,0.0009932153625413775,0.2249060720205307,6.163572311401367,0.901857687745836,152.7903594970703,0.7338579893112183,0.0024536948185414076,0.1825198531150818,6.421084880828857,0.9784942109019968,8.784384727478027,2.7131545543670654,0.000994476955384016,0.2257399708032608,6.163011074066162
runs/vanilla_0605_1925,vanilla_0605_1925,vanilla,vanilla,70123520,blocks.10.mlp.fc2,0,11,65,66,768,3072,rows,1.187147777016138,5.548050880432129,4.363314151763916,0.0012391593772917986,0.30779436230659485,6.06848669052124,0.9194930560364112,132.62701416015625,0.7128410935401917,0.0022483165375888348,0.17482495307922363,6.388279438018799,1.1929745451509222,5.50527286529541,4.3941240310668945,0.001240038312971592,0.30890780687332153,6.067870616912842
runs/vanilla_0605_1925,vanilla_0605_1925,vanilla,vanilla,80084992,blocks.0.attn.q_proj,0,0,0,66,768,768,cols,1.694881725621632,7.02542781829834,5.5182085037231445,8.560172318539117e-06,0.460132360458374,5.852970123291016,0.8510135953158553,154.15707397460938,1.0021449327468872,6.509098602691665e-05,0.2966121733188629,6.26514196395874,1.713373765102541,6.979820251464844,5.5641188621521,7.331381493713707e-05,0.4626948833465576,5.85139274597168
runs/vanilla_0605_1925,vanilla_0605_1925,vanilla,vanilla,80084992,blocks.1.attn.q_proj,0,1,6,66,768,768,cols,4.164765734384961,2.7713747024536133,10.170733451843262,1.5664229067624547e-05,0.588417649269104,4.942032337188721,0.9435720755564085,64.67076110839844,1.0019315481185913,1.5808638636372052e-05,0.25101014971733093,5.657828330993652,4.297694784247667,2.7158617973327637,10.368040084838867,1.5155100300034974e-05,0.5940081477165222,4.938096046447754
runs/vanilla_0605_1925,vanilla_0605_1925,vanilla,vanilla,80084992,blocks.2.attn.q_proj,0,2,12,66,768,768,cols,12.574992091652831,2.1385998725891113,18.1949520111084,8.022807378438301e-06,0.9242987036705017,4.982092380523682,0.9460884740509038,61.167930603027344,1.0023020505905151,7.635270549144479e-07,0.24733887612819672,5.56073522567749,13.44908825067655,2.0600531101226807,18.888059616088867,3.607655571613577e-06,0.9426896572113037,4.973482608795166
runs/vanilla_0605_1925,vanilla_0605_1925,vanilla,vanilla,80084992,blocks.3.attn.q_proj,0,3,18,66,768,768,cols,3.3520005427490434,3.0582709312438965,9.374497413635254,3.630024366430007e-05,0.538431704044342,5.577425003051758,0.8862624453831047,126.37840270996094,1.0028048753738403,7.943266246002167e-05,0.31120747327804565,6.015414237976074,3.4337440567998088,3.0184078216552734,9.498957633972168,4.6932644181651995e-05,0.542412519454956,5.575392246246338
runs/vanilla_0605_1925,vanilla_0605_1925,vanilla,vanilla,80084992,blocks.4.attn.q_proj,0,4,24,66,768,768,cols,1.871473131857617,2.5394558906555176,6.722281455993652,4.4354392230161466e-06,0.3518924415111542,5.646572113037109,0.8785950764896564,132.75045776367188,1.0019035339355469,1.1336413081153296e-05,0.3114284574985504,6.064184665679932,1.9094553184439405,2.505028247833252,6.813529014587402,1.2757893273374066e-05,0.35450416803359985,5.64496374130249
runs/vanilla_0605_1925,vanilla_0605_1925,vanilla,vanilla,80084992,blocks.5.attn.q_proj,0,5,30,66,768,768,cols,1.6297866907959482,3.132845878601074,6.062445163726807,2.5558096240274608e-05,0.3509162664413452,5.624396800994873,0.8780460553532144,134.00071716308594,1.0022042989730835,9.493532706983387e-05,0.31487926840782166,6.046425819396973,1.6580179536607542,3.0912351608276367,6.141520977020264,2.1460391508298926e-05,0.3533535599708557,5.622769355773926
runs/vanilla_0605_1925,vanilla_0605_1925,vanilla,vanilla,80084992,blocks.5.mlp.fc2,0,6,35,66,768,3072,rows,0.9417479240959276,32.0195198059082,1.348850131034851,0.0008956541423685849,0.20125097036361694,6.209725379943848,0.8884359551598172,163.79005432128906,0.7592472434043884,0.0024992390535771847,0.1942884474992752,6.421907424926758,0.9415872853429559,31.913698196411133,1.3563281297683716,0.0009007909684441984,0.20218966901302338,6.208914756774902
runs/vanilla_0605_1925,vanilla_0605_1925,vanilla,vanilla,80084992,blocks.6.mlp.fc2,0,7,41,66,768,3072,rows,0.9463677679924458,30.50039291381836,1.3175272941589355,0.0008912804769352078,0.19259396195411682,6.210106372833252,0.8885047806752292,156.520263671875,0.7764083743095398,0.0024866359308362007,0.19335876405239105,6.4251604080200195,0.9462211696446182,29.738643646240234,1.3398865461349487,0.0008956302772276103,0.19358724355697632,6.209100723266602
runs/vanilla_0605_1925,vanilla_0605_1925,vanilla,vanilla,80084992,blocks.7.mlp.fc2,0,8,47,66,768,3072,rows,0.9484079627458052,23.03170394897461,1.5092788934707642,0.000847256975248456,0.19256003201007843,6.209595680236816,0.8924844784529,160.48995971679688,0.7512965798377991,0.0025700205005705357,0.18914833664894104,6.426600456237793,0.9483930964344762,22.24869155883789,1.5424745082855225,0.0008523243013769388,0.1936473846435547,6.208477973937988
runs/vanilla_0605_1925,vanilla_0605_1925,vanilla,vanilla,80084992,blocks.8.mlp.fc2,0,9,53,66,768,3072,rows,0.9572104708649445,13.16624641418457,2.2464146614074707,0.0009608666878193617,0.2241627722978592,6.178514003753662,0.8990645418538689,155.91641235351562,0.7380099296569824,0.0024338671937584877,0.18586379289627075,6.419388294219971,0.9580678991359477,12.947982788085938,2.27616286277771,0.0009624732774682343,0.22553159296512604,6.1771392822265625
runs/vanilla_0605_1925,vanilla_0605_1925,vanilla,vanilla,80084992,blocks.9.mlp.fc2,0,10,59,66,768,3072,rows,1.007579185459974,7.913723945617676,3.209109306335449,0.0009826964233070612,0.2554054260253906,6.153960227966309,0.9081921128822992,148.74569702148438,0.7191529870033264,0.002155351685360074,0.17995904386043549,6.410388946533203,1.0117712787782065,7.7738165855407715,3.2557735443115234,0.0009852693183347583,0.25721845030784607,6.152254581451416
runs/vanilla_0605_1925,vanilla_0605_1925,vanilla,vanilla,80084992,blocks.10.mlp.fc2,0,11,65,66,768,3072,rows,1.4815764493973367,4.570434093475342,5.498035430908203,0.0012641785433515906,0.3563137352466583,6.0550079345703125,0.9282146253494259,123.16381072998047,0.6979153752326965,0.002256210660561919,0.16931132972240448,6.37211275100708,1.509552369599964,4.490975379943848,5.585237979888916,0.0012699858052656054,0.359374463558197,6.052614212036133
runs/vanilla_0605_1925,vanilla_0605_1925,vanilla,vanilla,90046464,blocks.0.attn.q_proj,0,0,0,66,768,768,cols,1.7765727946296537,5.313928604125977,6.0360517501831055,4.120161975151859e-05,0.4402146637439728,5.843978404998779,0.8454167732280631,160.21243286132812,1.0020637512207031,3.210533759556711e-05,0.3007785975933075,6.267583847045898,1.7874388293518768,5.298525810241699,6.062050819396973,3.667741839308292e-05,0.44153568148612976,5.84367561340332
runs/vanilla_0605_1925,vanilla_0605_1925,vanilla,vanilla,90046464,blocks.1.attn.q_proj,0,1,6,66,768,768,cols,4.1994989436907435,2.3575093746185303,10.455863952636719,6.344239864120027e-06,0.5568720102310181,5.014047622680664,0.934350764175987,75.21395111083984,1.002074956893921,4.361490937299095e-06,0.26564276218414307,5.73320198059082,4.1628708302946364,2.38405442237854,10.397679328918457,1.1403587450331543e-05,0.5567804574966431,5.014816761016846
runs/vanilla_0605_1925,vanilla_0605_1925,vanilla,vanilla,90046464,blocks.2.attn.q_proj,0,2,12,66,768,768,cols,6.027096084775242,3.3119232654571533,12.140178680419922,1.144753878179472e-05,0.7565077543258667,5.1023149490356445,0.9226048640647361,89.66387176513672,1.003175139427185,1.8491495211492293e-05,0.2883487939834595,5.722119331359863,6.0962872013251586,3.2945549488067627,12.218779563903809,1.0019339242717251e-05,0.7595083117485046,5.101407051086426
runs/vanilla_0605_1925,vanilla_0605_1925,vanilla,vanilla,90046464,blocks.3.attn.q_proj,0,3,18,66,768,768,cols,3.549373125108542,2.9685304164886475,9.66836929321289,4.8919187975116074e-05,0.5463523864746094,5.603694915771484,0.8749078871524867,138.8785858154297,1.0028562545776367,3.4287684229639126e-06,0.31916388869285583,6.058889865875244,3.5688116530773972,2.966705799102783,9.696353912353516,6.354314245982096e-05,0.547791063785553,5.603552341461182
runs/vanilla_0605_1925,vanilla_0605_1925,vanilla,vanilla,90046464,blocks.4.attn.q_proj,0,4,24,66,768,768,cols,1.7750726736957325,2.7859435081481934,6.4752936363220215,1.2036493899358902e-05,0.3525729775428772,5.678974151611328,0.8668303181871826,145.20018005371094,1.0020684003829956,0.00010411407129140571,0.31792008876800537,6.107370853424072,1.7880031985782556,2.775570869445801,6.507975101470947,7.505190751544433e-06,0.3537631034851074,5.6786112785339355
runs/vanilla_0605_1925,vanilla_0605_1925,vanilla,vanilla,90046464,blocks.5.attn.q_proj,0,5,30,66,768,768,cols,2.0396935659560964,2.7057039737701416,7.084287166595459,5.985359621263342e-06,0.3830147385597229,5.6288580894470215,0.870225824990036,142.13706970214844,1.0025174617767334,8.20959685370326e-05,0.31923580169677734,6.076265335083008,2.042856373691342,2.7103049755096436,7.090850353240967,1.6009646060410887e-05,0.38366371393203735,5.628992080688477
runs/vanilla_0605_1925,vanilla_0605_1925,vanilla,vanilla,90046464,blocks.5.mlp.fc2,0,6,35,66,768,3072,rows,0.9345815361291635,34.764923095703125,1.4197757244110107,0.0010364716872572899,0.22089102864265442,6.208591938018799,0.8869756841993197,163.3738250732422,0.7652631402015686,0.002467266283929348,0.19466322660446167,6.424469947814941,0.9344957107114448,34.464141845703125,1.4301247596740723,0.0010399508755654097,0.22163431346416473,6.208167552947998
runs/vanilla_0605_1925,vanilla_0605_1925,vanilla,vanilla,90046464,blocks.6.mlp.fc2,0,7,41,66,768,3072,rows,0.9393138409178651,31.804000854492188,1.4130527973175049,0.0009020795696415007,0.21114550530910492,6.207067012786865,0.8861373205960856,166.1929168701172,0.7612847089767456,0.0022037343587726355,0.19389019906520844,6.42907190322876,0.9391710967989005,31.889373779296875,1.414603352546692,0.0009006354957818985,0.21170726418495178,6.2068281173706055
runs/vanilla_0605_1925,vanilla_0605_1925,vanilla,vanilla,90046464,blocks.7.mlp.fc2,0,8,47,66,768,3072,rows,0.9430611149299895,27.29067039489746,1.508812665939331,0.0009246676345355809,0.21067875623703003,6.201667308807373,0.8895384710912028,161.99131774902344,0.7582889199256897,0.0025264336727559566,0.19039911031723022,6.430393695831299,0.943004746832867,26.9338321685791,1.522600531578064,0.0009271989692933857,0.2112770676612854,6.201364517211914
runs/vanilla_0605_1925,vanilla_0605_1925,vanilla,vanilla,90046464,blocks.8.mlp.fc2,0,9,53,66,768,3072,rows,0.9548104563170109,14.783642768859863,2.249725103378296,0.0009220942738465965,0.23787063360214233,6.175930976867676,0.8943227391440404,159.10589599609375,0.7479114532470703,0.0021906564943492413,0.18772059679031372,6.426689147949219,0.9552167333344882,14.640715599060059,2.266345262527466,0.0009207440307363868,0.2385476529598236,6.175622463226318
runs/vanilla_0605_1925,vanilla_0605_1925,vanilla,vanilla,90046464,blocks.9.mlp.fc2,0,10,59,66,768,3072,rows,1.0191847503452998,8.206860542297363,3.3268542289733887,0.0010616177460178733,0.2699258625507355,6.151703834533691,0.9020097233093812,152.78167724609375,0.733597993850708,0.002298184437677264,0.18269307911396027,6.420701503753662,1.0225101927734637,8.070050239562988,3.364896297454834,0.001063112635165453,0.27089276909828186,6.15125846862793
runs/vanilla_0605_1925,vanilla_0605_1925,vanilla,vanilla,90046464,blocks.10.mlp.fc2,0,11,65,66,768,3072,rows,1.7459988488712521,3.842217445373535,6.327584266662598,0.0012976792640984058,0.3775026500225067,6.055897235870361,0.9266483630951938,123.26870727539062,0.7051453590393066,0.0021127553191035986,0.16958796977996826,6.378929138183594,1.788089781076644,3.751178741455078,6.440478801727295,0.0013040679041296244,0.38018563389778137,6.0545735359191895
runs/vanilla_0605_1925,vanilla_0605_1925,vanilla,vanilla,100007936,blocks.0.attn.q_proj,0,0,0,66,768,768,cols,1.6937595944183539,5.287651538848877,5.931971073150635,3.58687830157578e-05,0.42980241775512695,5.851808547973633,0.8478694392952868,158.07757568359375,1.002115249633789,0.0001929146092152223,0.3002842962741852,6.263626575469971,1.707564065695579,5.273029804229736,5.966179370880127,5.752333890995942e-06,0.43179741501808167,5.850983619689941
runs/vanilla_0605_1925,vanilla_0605_1925,vanilla,vanilla,100007936,blocks.1.attn.q_proj,0,1,6,66,768,768,cols,6.407896649467635,2.1694326400756836,13.009819030761719,2.6418481866130605e-05,0.6680960059165955,4.948052883148193,0.9430817625846131,64.73548889160156,1.0025649070739746,2.8141306756879203e-05,0.25028857588768005,5.679128170013428,6.517879823096087,2.162851095199585,13.124580383300781,2.8529708288260736e-05,0.673080325126648,4.945263862609863
runs/vanilla_0605_1925,vanilla_0605_1925,vanilla,vanilla,100007936,blocks.2.attn.q_proj,0,2,12,66,768,768,cols,7.552327870343286,2.8493998050689697,13.893364906311035,9.162836249743123e-06,0.8038499355316162,5.120710372924805,0.9263901297613679,84.74663543701172,1.003067970275879,2.3639404389541596e-05,0.28137439489364624,5.712146282196045,7.766297037489246,2.8113059997558594,14.107046127319336,1.1112349056929816e-05,0.8110702633857727,5.117969989776611
runs/vanilla_0605_1925,vanilla_0605_1925,vanilla,vanilla,100007936,blocks.3.attn.q_proj,0,3,18,66,768,768,cols,4.914363693881887,2.6722559928894043,11.468649864196777,3.589287734939717e-05,0.6198862195014954,5.5808820724487305,0.8899169426004536,120.9426498413086,1.0025666952133179,0.00015697332855779678,0.3041476607322693,6.021891117095947,5.065329433615536,2.6337099075317383,11.654040336608887,7.207233284134418e-05,0.6258646249771118,5.578348159790039
runs/vanilla_0605_1925,vanilla_0605_1925,vanilla,vanilla,100007936,blocks.4.attn.q_proj,0,4,24,66,768,768,cols,3.545099886507639,1.8339239358901978,9.766864776611328,2.4545395717723295e-05,0.44278085231781006,5.635615825653076,0.881621334402324,126.93949890136719,1.0022333860397339,0.00015650273417122662,0.30225396156311035,6.084771633148193,3.5780634541611467,1.8310775756835938,9.815101623535156,2.942719765997026e-05,0.44470781087875366,5.6348371505737305
runs/vanilla_0605_1925,vanilla_0605_1925,vanilla,vanilla,100007936,blocks.5.attn.q_proj,0,5,30,66,768,768,cols,2.4078793772306772,2.507538080215454,7.83159875869751,1.2598321518453304e-05,0.40825363993644714,5.648100852966309,0.8709550313258266,140.55845642089844,1.0020278692245483,4.179610914434306e-05,0.31623896956443787,6.084723472595215,2.420695789408647,2.5082457065582275,7.855369567871094,8.571605576435104e-06,0.40957143902778625,5.6477580070495605
runs/vanilla_0605_1925,vanilla_0605_1925,vanilla,vanilla,100007936,blocks.5.mlp.fc2,0,6,35,66,768,3072,rows,0.9326380412249582,27.512374877929688,1.7814607620239258,0.0010032366262748837,0.24912677705287933,6.199099063873291,0.8917235435545044,159.0820770263672,0.758815348148346,0.002362567465752363,0.19312821328639984,6.416845321655273,0.9331804551119205,26.474205017089844,1.8244868516921997,0.001007524086162448,0.25053730607032776,6.198136329650879
runs/vanilla_0605_1925,vanilla_0605_1925,vanilla,vanilla,100007936,blocks.6.mlp.fc2,0,7,41,66,768,3072,rows,0.9432664214424636,20.100353240966797,1.998853325843811,0.001003746408969164,0.2421914041042328,6.189781665802002,0.893544116088184,150.32803344726562,0.7739369869232178,0.0024135953281074762,0.19163623452186584,6.417425155639648,0.9442128411048947,19.162355422973633,2.057420492172241,0.0010105499532073736,0.24369210004806519,6.188638687133789
runs/vanilla_0605_1925,vanilla_0605_1925,vanilla,vanilla,100007936,blocks.7.mlp.fc2,0,8,47,66,768,3072,rows,0.9625231123996004,12.92599105834961,2.504303455352783,0.0009158478933386505,0.247475728392601,6.176967620849609,0.899844266117972,148.92930603027344,0.7528538107872009,0.0022347313351929188,0.18714745342731476,6.413229465484619,0.9652888657364336,12.342522621154785,2.5776758193969727,0.0009199532796628773,0.24930666387081146,6.175530910491943
runs/vanilla_0605_1925,vanilla_0605_1925,vanilla,vanilla,100007936,blocks.8.mlp.fc2,0,9,53,66,768,3072,rows,1.0697950424994256,7.18429708480835,3.7457327842712402,0.0010703937150537968,0.28664785623550415,6.141841411590576,0.9100978225785433,141.77488708496094,0.7301892638206482,0.0022156820632517338,0.18140877783298492,6.400644779205322,1.0824873622731075,6.926019191741943,3.842752695083618,0.0010757602285593748,0.28933292627334595,6.139804840087891
runs/vanilla_0605_1925,vanilla_0605_1925,vanilla,vanilla,100007936,blocks.9.mlp.fc2,0,10,59,66,768,3072,rows,1.1700129766991547,6.038175106048584,4.328613758087158,0.001222836202941835,0.3086031377315521,6.130149841308594,0.9159408335349646,136.07421875,0.7190536856651306,0.002285487949848175,0.17573097348213196,6.399353981018066,1.1856173728554358,5.901296138763428,4.408431053161621,0.0012315056519582868,0.31125637888908386,6.128182888031006
runs/vanilla_0605_1925,vanilla_0605_1925,vanilla,vanilla,100007936,blocks.10.mlp.fc2,0,11,65,66,768,3072,rows,2.130323004650681,3.936441421508789,6.992198944091797,0.0015028115594759583,0.4293224513530731,6.026092052459717,0.9332231269314759,116.42169952392578,0.6919103860855103,0.002391295274719596,0.16552941501140594,6.363162040710449,2.1724473860565627,3.8993160724639893,7.075366497039795,0.0015181342605501413,0.4329078197479248,6.02374267578125
